id,name,isFork,commits,branches,releases,forks,mainLanguage,defaultBranch,license,homepage,watchers,stargazers,contributors,size,createdAt,pushedAt,updatedAt,totalIssues,openIssues,totalPullRequests,openPullRequests,blankLines,codeLines,commentLines,metrics,lastCommit,lastCommitSHA,hasWiki,isArchived,isDisabled,isLocked,languages,labels,topics,target_sha,discovery_method,origin_language
3264033,uber/piranha,False,522,104,17,206,Rust,master,Apache License 2.0,,46,2438,31,3495,2018-12-06T07:38:02,2026-04-02T01:44:03,2026-04-04T06:49:30,168,52,605,15,6295.0,48570.0,7606.0,"[{""codeLines"":238,""blankLines"":56,""language"":""Scala"",""commentLines"":10},{""codeLines"":1356,""blankLines"":331,""language"":""Kotlin"",""commentLines"":341},{""codeLines"":16,""blankLines"":2,""language"":""CMake"",""commentLines"":3},{""codeLines"":618,""blankLines"":112,""language"":""C++"",""commentLines"":40},{""codeLines"":618,""blankLines"":0,""language"":""SVG"",""commentLines"":103},{""codeLines"":271,""blankLines"":36,""language"":""YAML"",""commentLines"":26},{""codeLines"":647,""blankLines"":260,""language"":""Markdown"",""commentLines"":0},{""codeLines"":156,""blankLines"":4,""language"":""HTML"",""commentLines"":0},{""codeLines"":59,""blankLines"":11,""language"":""CSS"",""commentLines"":5},{""codeLines"":2148,""blankLines"":1005,""language"":""Swift"",""commentLines"":345},{""codeLines"":2693,""blankLines"":906,""language"":""Java"",""commentLines"":672},{""codeLines"":7,""blankLines"":4,""language"":""Bourne Again Shell"",""commentLines"":4},{""codeLines"":83,""blankLines"":13,""language"":""Thrift"",""commentLines"":0},{""codeLines"":17560,""blankLines"":1,""language"":""JSON"",""commentLines"":0},{""codeLines"":266,""blankLines"":59,""language"":""Bourne Shell"",""commentLines"":28},{""codeLines"":2,""blankLines"":0,""language"":""Scheme"",""commentLines"":0},{""codeLines"":26,""blankLines"":11,""language"":""Properties"",""commentLines"":26},{""codeLines"":9826,""blankLines"":1533,""language"":""Rust"",""commentLines"":1906},{""codeLines"":592,""blankLines"":118,""language"":""JavaScript"",""commentLines"":67},{""codeLines"":272,""blankLines"":110,""language"":""Objective-C"",""commentLines"":77},{""codeLines"":26,""blankLines"":10,""language"":""Pest"",""commentLines"":5},{""codeLines"":10,""blankLines"":2,""language"":""Text"",""commentLines"":0},{""codeLines"":59,""blankLines"":23,""language"":""DOS Batch"",""commentLines"":2},{""codeLines"":2099,""blankLines"":564,""language"":""Python"",""commentLines"":662},{""codeLines"":7142,""blankLines"":678,""language"":""TOML"",""commentLines"":2927},{""codeLines"":352,""blankLines"":72,""language"":""Gradle"",""commentLines"":86},{""codeLines"":618,""blankLines"":144,""language"":""Ruby"",""commentLines"":0},{""codeLines"":779,""blankLines"":221,""language"":""Go"",""commentLines"":251},{""codeLines"":31,""blankLines"":9,""language"":""TypeScript"",""commentLines"":20}]",2026-04-02T01:40:47,2c173203e61febd43ab75df277b978927f061f93,True,False,False,False,"{""Rust"":430422,""Java"":128704,""Python"":101847,""Kotlin"":75576,""Swift"":68789,""Go"":39517,""JavaScript"":29446,""C++"":26229,""Objective-C"":19936,""Ruby"":14815,""Scala"":8168,""HTML"":5590,""Shell"":5273,""TypeScript"":5172,""CSS"":1247,""CMake"":646,""Thrift"":153,""Tree-sitter Query"":89,""Scheme"":89}",bug;cleanup;dependencies;documentation;enhancement;good first issue;help wanted;java;legacy-java;legacy-js;legacy-objc;legacy-swift;new language support;new rules;refactoring;swift;wontfix,ast;ast-matcher;clang-plugin;code-management;code-quality;deadcode;feature-flags;feature-toggles;java;javascript;objective-c;refactoring;refactoring-tools;stale-flags;swift;swift-syntax,v0.1.0-polyglot,First Release,Java
3451386,dyc3/steamguard-cli,False,752,16,60,65,Rust,master,GNU General Public License v3.0,,13,1055,26,1983,2016-08-22T03:00:36,2026-09-22T11:05:04,2026-09-29T02:39:59,192,13,244,10,1590.0,11093.0,803.0,"[{""codeLines"":118,""blankLines"":55,""language"":""Markdown"",""commentLines"":0},{""codeLines"":2,""blankLines"":0,""language"":""Text"",""commentLines"":0},{""codeLines"":199,""blankLines"":48,""language"":""Bourne Shell"",""commentLines"":18},{""codeLines"":630,""blankLines"":135,""language"":""HTML"",""commentLines"":0},{""codeLines"":123,""blankLines"":10,""language"":""TOML"",""commentLines"":3},{""codeLines"":7736,""blankLines"":943,""language"":""Rust"",""commentLines"":237},{""codeLines"":221,""blankLines"":0,""language"":""JSON"",""commentLines"":0},{""codeLines"":2,""blankLines"":1,""language"":""Dockerfile"",""commentLines"":0},{""codeLines"":1734,""blankLines"":360,""language"":""Protocol Buffers"",""commentLines"":541},{""codeLines"":328,""blankLines"":38,""language"":""YAML"",""commentLines"":4}]",2026-09-22T11:05:02,b6c439c9c1768370b50b3365102fca384b225e9a,False,False,False,False,"{""Rust"":256351,""HTML"":52918,""C#"":40873,""Shell"":7855,""Makefile"":1300,""Dockerfile"":60}",a/packaging;bug;bug/critical;dependencies;duplicate;enhancement;good-first-issue;help wanted;invalid;not-enough-info;not-reproducible;question;refactor;regression;rust;rust-rewrite;triage;wontfix,2fa;gaming;linux-utility;sda;steam;steambot;steamguard-cli,v0.1.0.0,First Release,C#
3488798,inotify-tools/inotify-tools,False,262,17,17,403,Rust,master,GNU General Public License v2.0,,131,3430,38,501,2009-11-22T10:59:07,2026-09-25T02:14:55,2026-10-04T01:19:42,166,22,82,6,2146.0,12584.0,3363.0,"[{""codeLines"":96,""blankLines"":17,""language"":""M4"",""commentLines"":0},{""codeLines"":82,""blankLines"":9,""language"":""TOML"",""commentLines"":0},{""codeLines"":4225,""blankLines"":673,""language"":""C++"",""commentLines"":1303},{""codeLines"":83,""blankLines"":22,""language"":""YAML"",""commentLines"":2},{""codeLines"":4086,""blankLines"":673,""language"":""C"",""commentLines"":1280},{""codeLines"":2,""blankLines"":4,""language"":""Properties"",""commentLines"":7},{""codeLines"":2195,""blankLines"":312,""language"":""Rust"",""commentLines"":175},{""codeLines"":1178,""blankLines"":251,""language"":""Bourne Shell"",""commentLines"":392},{""codeLines"":9,""blankLines"":5,""language"":""Markdown"",""commentLines"":0},{""codeLines"":444,""blankLines"":114,""language"":""C/C++ Header"",""commentLines"":181},{""codeLines"":93,""blankLines"":34,""language"":""make"",""commentLines"":20},{""codeLines"":91,""blankLines"":32,""language"":""Bourne Again Shell"",""commentLines"":3}]",2026-09-25T02:14:45,a97ac7e22cfb44866b66450baaefbad8114f3e8d,True,False,False,False,"{""Rust"":147778,""C"":50336,""Shell"":48160,""C++"":12451,""Makefile"":10080,""M4"":3282}",good first issue;pending;stale;waiting-input,c;fsnotify;inotify;inotify-tools;inotifywait;inotifywatch;linux,3.20.2,First Release,C
3490839,gfx-rs/wgpu-native,False,860,8,46,171,Rust,trunk,Apache License 2.0,,17,1399,118,3115,2020-04-17T01:56:59,2026-10-02T04:24:37,2026-10-03T01:44:44,215,63,406,7,1450.0,13484.0,1822.0,"[{""codeLines"":1687,""blankLines"":279,""language"":""C/C++ Header"",""commentLines"":1386},{""codeLines"":160,""blankLines"":46,""language"":""Python"",""commentLines"":27},{""codeLines"":1893,""blankLines"":44,""language"":""YAML"",""commentLines"":82},{""codeLines"":129,""blankLines"":40,""language"":""Markdown"",""commentLines"":1},{""codeLines"":1927,""blankLines"":218,""language"":""C"",""commentLines"":12},{""codeLines"":14,""blankLines"":0,""language"":""JSON"",""commentLines"":0},{""codeLines"":162,""blankLines"":45,""language"":""make"",""commentLines"":0},{""codeLines"":7056,""blankLines"":667,""language"":""Rust"",""commentLines"":276},{""codeLines"":107,""blankLines"":35,""language"":""TOML"",""commentLines"":28},{""codeLines"":192,""blankLines"":50,""language"":""CMake"",""commentLines"":0},{""codeLines"":134,""blankLines"":17,""language"":""WGSL"",""commentLines"":7},{""codeLines"":23,""blankLines"":9,""language"":""Meson"",""commentLines"":3}]",2026-09-20T05:55:00,250eeb67f8d091bf7dbc4fc253293d10900cff64,True,False,False,False,"{""Rust"":293965,""C"":57859,""Makefile"":7243,""Python"":6975,""Meson"":969}",bug;dependencies;documentation;duplicate;enhancement;good first issue;help wanted;invalid;merge: rebase;question;queue: dequeued;queue: queued;wontfix,,v0.5.2,First Release,C
3700945,attify/firmware-analysis-toolkit,False,63,5,6,287,Rust,master,Other,,53,1609,6,1991,2016-10-24T02:50:15,2026-09-26T04:56:59,2026-09-30T05:34:34,93,16,17,0,18409.0,213944.0,6784.0,"[{""codeLines"":888,""blankLines"":95,""language"":""Bourne Shell"",""commentLines"":16},{""codeLines"":204153,""blankLines"":16947,""language"":""Rust"",""commentLines"":5951},{""codeLines"":29,""blankLines"":4,""language"":""Containerfile"",""commentLines"":0},{""codeLines"":994,""blankLines"":224,""language"":""TOML"",""commentLines"":28},{""codeLines"":61,""blankLines"":9,""language"":""C++"",""commentLines"":0},{""codeLines"":60,""blankLines"":57,""language"":""Text"",""commentLines"":0},{""codeLines"":37,""blankLines"":4,""language"":""Assembly"",""commentLines"":15},{""codeLines"":1206,""blankLines"":420,""language"":""Markdown"",""commentLines"":4},{""codeLines"":32,""blankLines"":6,""language"":""Scheme"",""commentLines"":0},{""codeLines"":536,""blankLines"":38,""language"":""YAML"",""commentLines"":160},{""codeLines"":47,""blankLines"":17,""language"":""make"",""commentLines"":54},{""codeLines"":68,""blankLines"":3,""language"":""Linker Script"",""commentLines"":1},{""codeLines"":2876,""blankLines"":0,""language"":""JSON"",""commentLines"":0},{""codeLines"":645,""blankLines"":100,""language"":""C"",""commentLines"":115},{""codeLines"":16,""blankLines"":3,""language"":""Objective-C++"",""commentLines"":0},{""codeLines"":2293,""blankLines"":482,""language"":""Python"",""commentLines"":435},{""codeLines"":3,""blankLines"":0,""language"":""Diff"",""commentLines"":5}]",2026-09-26T04:55:42,14bb33554cdd996a96d3ef252ab0986e3d67765c,True,False,False,False,"{""Rust"":7765545,""Python"":125265,""Shell"":35654,""C"":21775,""Assembly"":1541,""Dockerfile"":1113,""Scala"":707}",bug;duplicate;enhancement;help wanted;invalid;question;wontfix,binary-analysis;firmware;firmware-analysis;firmware-security;firmware-tools;iot;iot-security;iot-security-tools;reverse-engineering;security;vulnerability-scanner,qemu-2.5.0-binaries,First Release,Python
3704680,cs01/termpair,False,169,33,24,73,Rust,main,MIT License,,14,1729,3,6775,2019-03-17T05:04:10,2026-03-25T07:10:57,2026-03-27T08:28:03,30,1,124,1,1044.0,7518.0,223.0,"[{""codeLines"":11,""blankLines"":0,""language"":""SVG"",""commentLines"":0},{""codeLines"":88,""blankLines"":7,""language"":""TOML"",""commentLines"":0},{""codeLines"":2771,""blankLines"":298,""language"":""Rust"",""commentLines"":0},{""codeLines"":100,""blankLines"":18,""language"":""Bourne Shell"",""commentLines"":0},{""codeLines"":1305,""blankLines"":103,""language"":""TypeScript"",""commentLines"":86},{""codeLines"":908,""blankLines"":195,""language"":""Python"",""commentLines"":87},{""codeLines"":667,""blankLines"":88,""language"":""CSS"",""commentLines"":7},{""codeLines"":171,""blankLines"":19,""language"":""HTML"",""commentLines"":0},{""codeLines"":18,""blankLines"":8,""language"":""Containerfile"",""commentLines"":0},{""codeLines"":9,""blankLines"":4,""language"":""make"",""commentLines"":0},{""codeLines"":116,""blankLines"":0,""language"":""JSON"",""commentLines"":0},{""codeLines"":182,""blankLines"":24,""language"":""YAML"",""commentLines"":11},{""codeLines"":351,""blankLines"":168,""language"":""Markdown"",""commentLines"":12},{""codeLines"":9,""blankLines"":2,""language"":""Dockerfile"",""commentLines"":0},{""codeLines"":758,""blankLines"":110,""language"":""JavaScript"",""commentLines"":20},{""codeLines"":54,""blankLines"":0,""language"":""Text"",""commentLines"":0}]",2026-03-25T05:23:00,1410669675b67971db81630a05919b68434242a5,True,False,False,False,"{""Rust"":102783,""TypeScript"":45944,""Python"":39286,""JavaScript"":27847,""CSS"":15950,""HTML"":11147,""Shell"":4091,""Dockerfile"":765,""Makefile"":304}",bug;dependencies;duplicate;enhancement;good first issue;help wanted;invalid;javascript;python;question;wontfix,e2ee;end-to-end-encryption;fastapi;pty;rust;terminal;websocket;xtermjs,0.0.0.3,First Release,Python
3874662,vgough/encfs,False,758,14,12,281,Rust,master,GNU Lesser General Public License v3.0,https://vgough.github.io/encfs/,75,2160,39,17099,2014-07-25T03:15:56,2026-08-13T08:01:40,2026-08-16T04:07:30,410,23,295,0,34089.0,163291.0,37756.0,"[{""codeLines"":2085,""blankLines"":409,""language"":""CMake"",""commentLines"":593},{""codeLines"":76,""blankLines"":13,""language"":""Bazel"",""commentLines"":6},{""codeLines"":1000,""blankLines"":49,""language"":""YAML"",""commentLines"":21},{""codeLines"":56,""blankLines"":18,""language"":""Protocol Buffers"",""commentLines"":18},{""codeLines"":58973,""blankLines"":13010,""language"":""C++"",""commentLines"":14424},{""codeLines"":1576,""blankLines"":418,""language"":""Markdown"",""commentLines"":6},{""codeLines"":80,""blankLines"":2,""language"":""Visual Studio Solution"",""commentLines"":2},{""codeLines"":53,""blankLines"":18,""language"":""ProGuard"",""commentLines"":10},{""codeLines"":16,""blankLines"":0,""language"":""sed"",""commentLines"":0},{""codeLines"":534,""blankLines"":0,""language"":""Qt"",""commentLines"":0},{""codeLines"":57,""blankLines"":18,""language"":""Qt Project"",""commentLines"":5},{""codeLines"":862,""blankLines"":196,""language"":""Perl"",""commentLines"":146},{""codeLines"":20586,""blankLines"":3060,""language"":""Rust"",""commentLines"":2208},{""codeLines"":344,""blankLines"":0,""language"":""JSON"",""commentLines"":0},{""codeLines"":24726,""blankLines"":6993,""language"":""PO File"",""commentLines"":710},{""codeLines"":8352,""blankLines"":322,""language"":""HTML"",""commentLines"":415},{""codeLines"":1481,""blankLines"":307,""language"":""CSS"",""commentLines"":80},{""codeLines"":88,""blankLines"":39,""language"":""make"",""commentLines"":25},{""codeLines"":28398,""blankLines"":5779,""language"":""C/C++ Header"",""commentLines"":12446},{""codeLines"":589,""blankLines"":168,""language"":""Bourne Shell"",""commentLines"":292},{""codeLines"":1155,""blankLines"":82,""language"":""JavaScript"",""commentLines"":112},{""codeLines"":3,""blankLines"":2,""language"":""DOS Batch"",""commentLines"":0},{""codeLines"":655,""blankLines"":79,""language"":""Starlark"",""commentLines"":118},{""codeLines"":18,""blankLines"":4,""language"":""INI"",""commentLines"":9},{""codeLines"":18,""blankLines"":2,""language"":""Text"",""commentLines"":0},{""codeLines"":70,""blankLines"":17,""language"":""Lua"",""commentLines"":8},{""codeLines"":80,""blankLines"":14,""language"":""TOML"",""commentLines"":7},{""codeLines"":74,""blankLines"":0,""language"":""XML"",""commentLines"":0},{""codeLines"":11286,""blankLines"":3070,""language"":""Python"",""commentLines"":6095}]",2026-08-13T08:01:40,18ff8f4fd402a7e2a60384034fba7ebb16736f85,True,False,False,False,"{""Rust"":875908,""C++"":436127,""Perl"":34175,""CMake"":21262,""C"":14971,""Shell"":4587,""sed"":370}",C++ legacy code;bug;build config;dependency;duplicate;enhancement;external issue;hacktoberfest;has patch;help wanted;invalid;macos;performance;question;suggestion;v1.x;v2.x;waiting for feedback;windows;wontfix,,v1.8-rc1,First Release,C++
3885225,microsoft/diskann,False,354,355,48,457,Rust,main,MIT License,,31,1937,31,168775,2020-06-18T06:18:06,2026-10-03T03:46:39,2026-10-03T09:23:18,447,88,999,105,41794.0,390410.0,48880.0,"[{""codeLines"":96407,""blankLines"":20,""language"":""JSON"",""commentLines"":0},{""codeLines"":42,""blankLines"":10,""language"":""Pest"",""commentLines"":8},{""codeLines"":31,""blankLines"":11,""language"":""Dockerfile"",""commentLines"":6},{""codeLines"":502,""blankLines"":134,""language"":""CMake"",""commentLines"":83},{""codeLines"":12,""blankLines"":6,""language"":""PowerShell"",""commentLines"":5},{""codeLines"":1039,""blankLines"":181,""language"":""TOML"",""commentLines"":128},{""codeLines"":18350,""blankLines"":2631,""language"":""C++"",""commentLines"":988},{""codeLines"":65998,""blankLines"":88,""language"":""Text"",""commentLines"":0},{""codeLines"":1395,""blankLines"":192,""language"":""YAML"",""commentLines"":126},{""codeLines"":5239,""blankLines"":1696,""language"":""Markdown"",""commentLines"":34},{""codeLines"":8807,""blankLines"":2238,""language"":""C/C++ Header"",""commentLines"":2337},{""codeLines"":14,""blankLines"":4,""language"":""Protocol Buffers"",""commentLines"":12},{""codeLines"":20,""blankLines"":0,""language"":""XML"",""commentLines"":0},{""codeLines"":132,""blankLines"":40,""language"":""Bourne Shell"",""commentLines"":19},{""codeLines"":52,""blankLines"":18,""language"":""Flatbuffers"",""commentLines"":0},{""codeLines"":192142,""blankLines"":34463,""language"":""Rust"",""commentLines"":45033},{""codeLines"":28,""blankLines"":7,""language"":""C"",""commentLines"":0},{""codeLines"":108,""blankLines"":18,""language"":""Python"",""commentLines"":10},{""codeLines"":11,""blankLines"":1,""language"":""Bourne Again Shell"",""commentLines"":0},{""codeLines"":81,""blankLines"":36,""language"":""Julia"",""commentLines"":91}]",2026-10-01T03:53:05,bceaf45dc6aa694485553816b448d7b8f55df393,True,False,False,False,"{""Rust"":8890859,""C++"":1342537,""Python"":183187,""CMake"":31831,""Julia"":6075,""Shell"":3191,""Dockerfile"":1677,""C"":1439,""PowerShell"":830}",A/A-failure;benchmark;bug;c++;chores;dependencies;documentation;duplicate;enhancement;filter search;github_actions;good first issue;help wanted;invalid;question;rfc;rust;wontfix,,0.1,First Release,C++
3892962,google/kati,False,1600,5,0,133,Rust,master,Apache License 2.0,,42,1023,29,1945,2015-07-03T07:14:40,2026-09-19T12:21:10,2026-09-19T12:21:16,83,27,218,5,4382.0,26380.0,2794.0,"[{""codeLines"":10954,""blankLines"":1246,""language"":""Rust"",""commentLines"":573},{""codeLines"":622,""blankLines"":81,""language"":""Go"",""commentLines"":63},{""codeLines"":2513,""blankLines"":674,""language"":""make"",""commentLines"":217},{""codeLines"":13,""blankLines"":2,""language"":""Bourne Again Shell"",""commentLines"":0},{""codeLines"":73,""blankLines"":5,""language"":""YAML"",""commentLines"":1},{""codeLines"":26,""blankLines"":7,""language"":""Dockerfile"",""commentLines"":5},{""codeLines"":1373,""blankLines"":476,""language"":""C/C++ Header"",""commentLines"":440},{""codeLines"":511,""blankLines"":168,""language"":""Markdown"",""commentLines"":0},{""codeLines"":75,""blankLines"":6,""language"":""Python"",""commentLines"":33},{""codeLines"":1307,""blankLines"":345,""language"":""Bourne Shell"",""commentLines"":774},{""codeLines"":31,""blankLines"":7,""language"":""TOML"",""commentLines"":0},{""codeLines"":8882,""blankLines"":1365,""language"":""C++"",""commentLines"":688}]",2026-09-19T12:21:09,55ea1e26f4da6d52a4ddca8f36a130dc26120525,False,False,False,False,"{""Rust"":416209,""C++"":384202,""Shell"":60250,""Makefile"":54192,""Go"":20212,""Python"":3306,""C"":1432,""Dockerfile"":1060}",bug;cla: no;cla: yes;dependencies;duplicate;enhancement;help wanted;invalid;question;rust;wontfix,,52e83aa33e2c9b642bcf3cd95db71bdaf8ef7dda,10% Commit (160/1600),Go
3905966,yuezk/globalprotect-openconnect,False,573,23,60,265,Rust,main,GNU General Public License v3.0,,21,2280,53,9352,2020-02-15T08:23:48,2026-10-04T02:04:21,2026-10-01T05:36:26,482,30,123,4,5454.0,27084.0,1215.0,"[{""codeLines"":401,""blankLines"":72,""language"":""Nix"",""commentLines"":8},{""codeLines"":647,""blankLines"":2,""language"":""XML"",""commentLines"":0},{""codeLines"":182,""blankLines"":21,""language"":""JavaScript"",""commentLines"":1},{""codeLines"":331,""blankLines"":94,""language"":""make"",""commentLines"":23},{""codeLines"":172,""blankLines"":37,""language"":""C"",""commentLines"":6},{""codeLines"":75,""blankLines"":20,""language"":""C/C++ Header"",""commentLines"":0},{""codeLines"":4562,""blankLines"":944,""language"":""YAML"",""commentLines"":11},{""codeLines"":1228,""blankLines"":216,""language"":""Bourne Shell"",""commentLines"":230},{""codeLines"":103,""blankLines"":2,""language"":""SVG"",""commentLines"":1},{""codeLines"":14554,""blankLines"":3042,""language"":""Rust"",""commentLines"":491},{""codeLines"":663,""blankLines"":295,""language"":""Markdown"",""commentLines"":0},{""codeLines"":115,""blankLines"":20,""language"":""Dockerfile"",""commentLines"":14},{""codeLines"":248,""blankLines"":2,""language"":""JSON"",""commentLines"":0},{""codeLines"":143,""blankLines"":21,""language"":""TypeScript"",""commentLines"":8},{""codeLines"":13,""blankLines"":3,""language"":""INI"",""commentLines"":0},{""codeLines"":262,""blankLines"":41,""language"":""Diff"",""commentLines"":243},{""codeLines"":50,""blankLines"":0,""language"":""HTML"",""commentLines"":0},{""codeLines"":23,""blankLines"":4,""language"":""Text"",""commentLines"":0},{""codeLines"":11,""blankLines"":0,""language"":""CSS"",""commentLines"":0},{""codeLines"":77,""blankLines"":18,""language"":""Bourne Again Shell"",""commentLines"":7},{""codeLines"":2151,""blankLines"":509,""language"":""C++"",""commentLines"":122},{""codeLines"":306,""blankLines"":35,""language"":""TOML"",""commentLines"":10},{""codeLines"":248,""blankLines"":56,""language"":""CMake"",""commentLines"":40},{""codeLines"":519,""blankLines"":0,""language"":""Qt"",""commentLines"":0}]",2026-09-18T12:29:34,0425ee6ddb8e0cadd8491532dbef466864748dc8,True,False,False,False,"{""Rust"":519653,""C++"":92623,""Shell"":53786,""Makefile"":21285,""Nix"":15066,""CMake"":10584,""C"":7779,""TypeScript"":4290,""Dockerfile"":3851,""HTML"":926,""JavaScript"":766,""CSS"":134}",2.3.x;browser-auth;bug;client-version;custom parameters;default-browser;dependencies;documentation;duplicate;enhancement;good first issue;help wanted;hip-report;inactive;invalid;license;network-manager;no-network;official client conflict;openssl;question;split-tunnel;wontfix,authentication;azure;client-certificate-authentication;globalprotect;gui;linux;mfa;okta;openconnect;paloaltonetworks;rust;saml;tauri;tauri-apps;vpn;yubikey;yubikey-authenticators,v1.3.4,First Release,C++
3908608,ciantic/virtualdesktopaccessor,False,222,6,6,116,Rust,rust,MIT License,,34,1116,6,517,2015-10-24T08:05:07,2026-10-01T05:40:08,2026-10-02T04:24:39,96,20,20,8,434.0,2761.0,328.0,"[{""codeLines"":15,""blankLines"":3,""language"":""Text"",""commentLines"":0},{""codeLines"":107,""blankLines"":15,""language"":""AutoHotkey"",""commentLines"":11},{""codeLines"":66,""blankLines"":11,""language"":""TOML"",""commentLines"":8},{""codeLines"":2333,""blankLines"":340,""language"":""Rust"",""commentLines"":309},{""codeLines"":178,""blankLines"":65,""language"":""Markdown"",""commentLines"":0},{""codeLines"":62,""blankLines"":0,""language"":""JSON"",""commentLines"":0}]",2026-10-01T05:40:07,7ff9ef827bab9a081421ebb204339dd96475ec1a,True,False,False,False,"{""Rust"":94910,""C++"":38996,""AutoHotkey"":11078,""C"":625}",bug;dependencies;duplicate;enhancement;help wanted;invalid;question;wontfix,,2019-windows10,First Release,C
3915484,lgarron/folderify,False,450,3,54,52,Rust,main,MIT License,,20,1948,4,13419,2011-09-04T01:49:16,2026-10-02T05:52:40,2026-10-02T05:52:44,96,16,12,0,370.0,2222.0,103.0,"[{""codeLines"":162,""blankLines"":29,""language"":""Bourne Shell"",""commentLines"":6},{""codeLines"":175,""blankLines"":23,""language"":""TypeScript"",""commentLines"":3},{""codeLines"":56,""blankLines"":20,""language"":""make"",""commentLines"":1},{""codeLines"":34,""blankLines"":3,""language"":""YAML"",""commentLines"":0},{""codeLines"":150,""blankLines"":74,""language"":""Markdown"",""commentLines"":0},{""codeLines"":31,""blankLines"":0,""language"":""JSON"",""commentLines"":0},{""codeLines"":27,""blankLines"":4,""language"":""TOML"",""commentLines"":1},{""codeLines"":1575,""blankLines"":217,""language"":""Rust"",""commentLines"":76},{""codeLines"":12,""blankLines"":0,""language"":""Diff"",""commentLines"":16}]",2026-10-02T05:52:39,a779b47caa1f1c11a4b063e23a3cf47e7d679f83,True,False,False,False,"{""Rust"":56614,""Python"":22764,""Shell"":6276,""TypeScript"":6244,""Makefile"":1593}",bug;dependencies;feature;help wanted;increased-project-scope;rust,big-sur;dark-mode;folder;golden-gate;graphics;icns;icons;macos;monterey;osx;rust;sequoia;sonoma;tahoe;ventura,v0.0.1,First Release,Python
3926474,timothymiller/cloudflare-ddns,False,275,4,15,432,Rust,master,GNU General Public License v3.0,https://timknowsbest.com/free-dynamic-dns,19,4525,27,842,2019-09-29T07:28:31,2026-09-23T07:33:10,2026-10-03T09:40:15,130,3,153,5,1673.0,12577.0,706.0,"[{""codeLines"":788,""blankLines"":278,""language"":""Markdown"",""commentLines"":0},{""codeLines"":1,""blankLines"":0,""language"":""Text"",""commentLines"":0},{""codeLines"":275,""blankLines"":30,""language"":""Python"",""commentLines"":14},{""codeLines"":16,""blankLines"":0,""language"":""Bourne Shell"",""commentLines"":0},{""codeLines"":25,""blankLines"":3,""language"":""TOML"",""commentLines"":0},{""codeLines"":11070,""blankLines"":1323,""language"":""Rust"",""commentLines"":658},{""codeLines"":344,""blankLines"":38,""language"":""YAML"",""commentLines"":32},{""codeLines"":11,""blankLines"":1,""language"":""Dockerfile"",""commentLines"":2},{""codeLines"":47,""blankLines"":0,""language"":""JSON"",""commentLines"":0}]",2026-09-12T05:19:44,7c6d5b43c1d400f4977f2b25bd44d784bb601ae3,True,False,False,False,"{""Rust"":434086,""Python"":12084,""Go Template"":1159,""Shell"":759,""Dockerfile"":478}",bug;dependencies;documentation;duplicate;enhancement;github_actions;good first issue;help wanted;invalid;python;question;rust;wontfix,amd64;arm64;armv7;cloudflare-ddns;ddns-client;docker-image;dynamic-dns;ipv6;raspberry-pi;rust;self-hosted,latest,First Release,Python
3946637,rust-lang/rust-bindgen,False,3892,34,15,832,Rust,main,BSD 3-Clause New or Revised License,https://rust-lang.github.io/rust-bindgen/,50,5301,405,18626,2016-06-22T03:05:51,2026-09-27T07:55:25,2026-10-03T08:49:52,1696,544,1752,65,59004.0,214656.0,8805.0,"[{""codeLines"":172,""blankLines"":62,""language"":""Bourne Shell"",""commentLines"":48},{""codeLines"":132413,""blankLines"":53594,""language"":""C/C++ Header"",""commentLines"":1530},{""codeLines"":520,""blankLines"":63,""language"":""YAML"",""commentLines"":90},{""codeLines"":3652,""blankLines"":1171,""language"":""Markdown"",""commentLines"":22},{""codeLines"":1,""blankLines"":0,""language"":""D"",""commentLines"":0},{""codeLines"":325,""blankLines"":47,""language"":""TOML"",""commentLines"":39},{""codeLines"":76971,""blankLines"":3919,""language"":""Rust"",""commentLines"":7017},{""codeLines"":399,""blankLines"":105,""language"":""Python"",""commentLines"":53},{""codeLines"":42,""blankLines"":6,""language"":""C"",""commentLines"":2},{""codeLines"":37,""blankLines"":15,""language"":""DOS Batch"",""commentLines"":4},{""codeLines"":124,""blankLines"":22,""language"":""C++"",""commentLines"":0}]",2026-09-27T07:47:42,2829d9a5f48ae377a88ef7438c1e47d0779a4165,True,False,False,False,"{""C++"":4734740,""Rust"":1289934,""Python"":17324,""Shell"":7330,""Objective-C"":3189,""C"":2644,""Batchfile"":1536,""Makefile"":102,""RenderScript"":3}",a-bitfields;a-c++;a-csmith;a-derive;a-enums;a-error-reporting;a-libclang;a-macros;a-no_std;a-obj-c;a-parity-old-bindgen;a-rustc;a-rustfmt;a-spe;a-templates;a-testing;a-unions;bug;c-assigned;c-feature-request;dependencies;e-easy;e-hard;e-less-easy;enhancement;good first issue;hacktoberfest;help wanted;i-abi-bug;i-bogus-codegen;i-cleanup;i-failing-layout-test;i-needs-docs;i-needs-reduced-test-case;i-panic;i-stylo;i-unclear;invalid;meta;msvc;next-release;question;rust;rust-for-linux;s-awaiting-merge;s-awaiting-review;s-needs-code-changes;s-needs-decision;s-needs-rebase;s-tests-failed;this week in servo (twis);windows,bindings;codegen;ffi,v0.66.0,First Release,C++
3966878,refirmlabs/binwalk,False,1759,9,11,1824,Rust,master,MIT License,,358,14232,92,53121,2013-11-15T08:45:40,2026-08-11T03:27:34,2026-08-16T11:43:55,556,61,393,31,4265.0,21396.0,6884.0,"[{""codeLines"":15843,""blankLines"":2628,""language"":""Rust"",""commentLines"":5108},{""codeLines"":307,""blankLines"":4,""language"":""SVG"",""commentLines"":0},{""codeLines"":52,""blankLines"":4,""language"":""TOML"",""commentLines"":0},{""codeLines"":7,""blankLines"":1,""language"":""INI"",""commentLines"":0},{""codeLines"":69,""blankLines"":46,""language"":""Markdown"",""commentLines"":0},{""codeLines"":6,""blankLines"":0,""language"":""Text"",""commentLines"":0},{""codeLines"":4794,""blankLines"":1519,""language"":""Python"",""commentLines"":1743},{""codeLines"":66,""blankLines"":14,""language"":""Bourne Shell"",""commentLines"":12},{""codeLines"":128,""blankLines"":23,""language"":""YAML"",""commentLines"":0},{""codeLines"":102,""blankLines"":17,""language"":""Dockerfile"",""commentLines"":15},{""codeLines"":22,""blankLines"":9,""language"":""Bourne Again Shell"",""commentLines"":6}]",2026-08-11T03:27:26,26713972e3f9f52dc37d4a421c4554b0bd9e82ef,True,False,False,False,"{""Rust"":844604,""Python"":289893,""Dockerfile"":4217,""Shell"":1146}",dependencies;duplicate;github_actions;invalid;rtos;rust;wontfix;⚙ feature request;❔question;🏆 resolved;🔍 pull request;🚑 support;🤗 enhancement;🤷‍♂️ unrelated;🥩⛄meat popsicle;🦟 bug,,v2.0.0,First Release,Python
3969452,master-of-zen/av1an,False,2359,30,24,162,Rust,master,GNU General Public License v3.0,,35,1600,61,16954,2020-01-07T10:49:55,2025-04-20T03:05:48,2025-04-20T03:05:52,383,151,549,11,1654.0,11226.0,684.0,"[{""codeLines"":7022,""blankLines"":928,""language"":""Rust"",""commentLines"":655},{""codeLines"":150,""blankLines"":19,""language"":""TOML"",""commentLines"":4},{""codeLines"":2350,""blankLines"":135,""language"":""Text"",""commentLines"":0},{""codeLines"":32,""blankLines"":22,""language"":""Dockerfile"",""commentLines"":5},{""codeLines"":447,""blankLines"":84,""language"":""YAML"",""commentLines"":20},{""codeLines"":23,""blankLines"":9,""language"":""JSON"",""commentLines"":0},{""codeLines"":1202,""blankLines"":457,""language"":""Markdown"",""commentLines"":0}]",2025-04-20T03:05:48,b61f5c4165ebc2a2853fdb82f3e93e02a9cdb8f1,True,False,False,False,"{""Rust"":245162,""Python"":107223,""Dockerfile"":1318}",bug;conflicts;dependencies;documentation;duplicate;encoder;enhancement;good first issue;help wanted;invalid;question;rust;unstable;wontfix,aomenc;av1;av1-encoders;docker;docker-container;encoder;ffmpeg;hevc;quality;rav1e;rust;scenes;svt-av1;target-quality;video;vp9;x265,1.0,First Release,Python
3975430,redisearch/redisearch,False,7380,1587,221,602,Rust,master,Other,https://redis.io/docs/latest/develop/ai/search-and-query/,119,6241,127,107548,2016-05-05T01:25:43,2026-09-20T08:43:50,2026-09-20T05:57:11,1611,487,9873,223,72874.0,696000.0,131681.0,"[{""codeLines"":124672,""blankLines"":14424,""language"":""C"",""commentLines"":26804},{""codeLines"":966,""blankLines"":194,""language"":""Bourne Again Shell"",""commentLines"":167},{""codeLines"":3059,""blankLines"":531,""language"":""TOML"",""commentLines"":361},{""codeLines"":121553,""blankLines"":21359,""language"":""Rust"",""commentLines"":51541},{""codeLines"":31,""blankLines"":0,""language"":""SVG"",""commentLines"":1},{""codeLines"":6379,""blankLines"":0,""language"":""JSON"",""commentLines"":0},{""codeLines"":21,""blankLines"":5,""language"":""Dockerfile"",""commentLines"":14},{""codeLines"":72089,""blankLines"":18098,""language"":""Python"",""commentLines"":21265},{""codeLines"":24528,""blankLines"":5222,""language"":""C++"",""commentLines"":4990},{""codeLines"":187501,""blankLines"":0,""language"":""Lex"",""commentLines"":0},{""codeLines"":22869,""blankLines"":6562,""language"":""C/C++ Header"",""commentLines"":22548},{""codeLines"":11966,""blankLines"":1035,""language"":""YAML"",""commentLines"":1354},{""codeLines"":1,""blankLines"":1,""language"":""Properties"",""commentLines"":2},{""codeLines"":604,""blankLines"":162,""language"":""make"",""commentLines"":80},{""codeLines"":249,""blankLines"":30,""language"":""Softbridge Basic"",""commentLines"":41},{""codeLines"":1442,""blankLines"":295,""language"":""CMake"",""commentLines"":360},{""codeLines"":11224,""blankLines"":3174,""language"":""Markdown"",""commentLines"":36},{""codeLines"":120,""blankLines"":0,""language"":""Jupyter Notebook"",""commentLines"":521},{""codeLines"":3783,""blankLines"":744,""language"":""Bourne Shell"",""commentLines"":1154},{""codeLines"":4861,""blankLines"":0,""language"":""CSV"",""commentLines"":0},{""codeLines"":118,""blankLines"":15,""language"":""INI"",""commentLines"":0},{""codeLines"":143,""blankLines"":48,""language"":""Pascal"",""commentLines"":168},{""codeLines"":1449,""blankLines"":345,""language"":""Yacc"",""commentLines"":274},{""codeLines"":96372,""blankLines"":630,""language"":""Text"",""commentLines"":0}]",2026-09-19T11:02:04,584942dcf2cfcbbbcaeae8136543cb770c31c01c,False,False,False,False,"{""Rust"":6969770,""C"":5252754,""Python"":4870478,""C++"":1402641,""Shell"":252868,""CMake"":76516,""Smarty"":65531,""Yacc"":59686,""Ragel"":24556,""Makefile"":21152,""Dockerfile"":1733,""Lex"":1140,""RenderScript"":272}",aardvark;action:run-benchmark;action:run-micro-benchmark;action:run-msmarco-benchmark;action:run-msmarco-benchmark-fast;action:run-rust-micro-benchmark;auto-backport;auto-backport-conflicts;backport 2.10;backport 2.6;backport 2.8;backport 8.0;backport 8.10;backport 8.2;backport 8.4;backport 8.6;backport 8.6-rse;backport 8.8;backport 8.8-rse;backport master;bench:vs-master;breaking change;bug;c:bug;c:compilation;c:enhancement;c:feature;c:idea;c:question;c:request;ci:all-platforms;ci:sanitize-full;codex;dependencies;docker;e:hard;e:large;e:newbie;e:poc;e:small;enforce:coverage;enforce:sanitize;enforce:test;experimental;feature;github_actions;macos;maintenance;max-prefix-expansion;new functionality;no-issue-activity;no-pr-activity;pr:break;pr:cherrypick;pr:contrib;python;python:uv;question;rust;s:closing;s:discussion-needed;s:dup;s:help-needed;s:info-needed;s:stale;s:triage;s:wontfix;scoring;size/s;size:l;size:m;size:s;size:xl;size:xs;skip-changelog;stale;state:needs-doc-pr;x:aggregations;x:api;x:build;x:docs;x:llapi;x:parser;x:perf;x:platform;x:quality;x:rdb;x:rof;x:tests,fulltext;geospatial;gis;inverted-index;redis;redis-module;search;search-engine;vector-database,v0.1,First Release,C
3978398,cryfs/cryfs,False,4141,56,37,171,Rust,main,GNU Lesser General Public License v3.0,https://www.cryfs.org,57,2308,30,28014,2015-09-12T05:54:30,2026-09-30T01:26:00,2026-09-29T11:17:48,456,138,210,7,16675.0,124755.0,11737.0,"[{""codeLines"":159,""blankLines"":36,""language"":""SCSS"",""commentLines"":3},{""codeLines"":581,""blankLines"":131,""language"":""Python"",""commentLines"":187},{""codeLines"":433,""blankLines"":105,""language"":""Text"",""commentLines"":0},{""codeLines"":681,""blankLines"":63,""language"":""TOML"",""commentLines"":22},{""codeLines"":5,""blankLines"":4,""language"":""DOS Batch"",""commentLines"":9},{""codeLines"":70,""blankLines"":24,""language"":""Bourne Shell"",""commentLines"":15},{""codeLines"":65,""blankLines"":15,""language"":""JavaScript"",""commentLines"":16},{""codeLines"":699,""blankLines"":85,""language"":""Starlark"",""commentLines"":115},{""codeLines"":8544,""blankLines"":1977,""language"":""C/C++ Header"",""commentLines"":786},{""codeLines"":1288,""blankLines"":230,""language"":""make"",""commentLines"":303},{""codeLines"":81523,""blankLines"":9205,""language"":""Rust"",""commentLines"":7760},{""codeLines"":52,""blankLines"":0,""language"":""JSON"",""commentLines"":0},{""codeLines"":40,""blankLines"":9,""language"":""Dockerfile"",""commentLines"":9},{""codeLines"":136,""blankLines"":26,""language"":""Bourne Again Shell"",""commentLines"":7},{""codeLines"":52,""blankLines"":1,""language"":""HTML"",""commentLines"":0},{""codeLines"":1547,""blankLines"":247,""language"":""CMake"",""commentLines"":238},{""codeLines"":16100,""blankLines"":3410,""language"":""C++"",""commentLines"":601},{""codeLines"":62,""blankLines"":14,""language"":""Windows Resource File"",""commentLines"":23},{""codeLines"":7,""blankLines"":0,""language"":""XML"",""commentLines"":0},{""codeLines"":88,""blankLines"":0,""language"":""Visual Studio Solution"",""commentLines"":1},{""codeLines"":1884,""blankLines"":676,""language"":""Markdown"",""commentLines"":1},{""codeLines"":26,""blankLines"":10,""language"":""Protocol Buffers"",""commentLines"":2},{""codeLines"":9581,""blankLines"":349,""language"":""Assembly"",""commentLines"":1279},{""codeLines"":26,""blankLines"":4,""language"":""Bazel"",""commentLines"":0},{""codeLines"":947,""blankLines"":18,""language"":""YAML"",""commentLines"":357},{""codeLines"":159,""blankLines"":36,""language"":""Sass"",""commentLines"":3}]",2026-09-29T11:17:42,ad1f72d56f126bb685e7e7f5e1e1dc221f91bdb6,True,False,False,False,"{""Rust"":3732140,""C++"":1051331,""CMake"":82702,""Python"":32453,""Roff"":8659,""Shell"":8408,""C"":3364}",bug;dependencies;duplicate;enhancement;help wanted;invalid;question;rust;wontfix,cloud;cloud-storage;cryfs;crypto;cryptography;dropbox;encryption;filesystem;fuse;fuse-filesystem;osxfuse,0.8.4_cryfs,First Release,C++
3980048,rizsotto/bear,False,1994,1,51,369,Rust,master,GNU General Public License v3.0,,56,6494,73,5058,2012-10-30T02:27:29,2026-09-18T12:52:54,2026-09-20T12:14:06,493,0,176,0,11676.0,57914.0,12094.0,"[{""codeLines"":11100,""blankLines"":2865,""language"":""Markdown"",""commentLines"":46},{""codeLines"":22,""blankLines"":12,""language"":""make"",""commentLines"":13},{""codeLines"":2815,""blankLines"":84,""language"":""YAML"",""commentLines"":351},{""codeLines"":1892,""blankLines"":883,""language"":""C/C++ Header"",""commentLines"":1133},{""codeLines"":47,""blankLines"":31,""language"":""Protocol Buffers"",""commentLines"":67},{""codeLines"":1,""blankLines"":0,""language"":""Handlebars"",""commentLines"":9},{""codeLines"":7308,""blankLines"":1522,""language"":""C++"",""commentLines"":1244},{""codeLines"":30613,""blankLines"":5656,""language"":""Rust"",""commentLines"":7661},{""codeLines"":1605,""blankLines"":269,""language"":""Bourne Shell"",""commentLines"":1048},{""codeLines"":185,""blankLines"":42,""language"":""C"",""commentLines"":133},{""codeLines"":2,""blankLines"":0,""language"":""Text"",""commentLines"":0},{""codeLines"":463,""blankLines"":95,""language"":""Python"",""commentLines"":126},{""codeLines"":352,""blankLines"":57,""language"":""TOML"",""commentLines"":44},{""codeLines"":974,""blankLines"":105,""language"":""CMake"",""commentLines"":49},{""codeLines"":405,""blankLines"":6,""language"":""JSON"",""commentLines"":0},{""codeLines"":11,""blankLines"":2,""language"":""Dockerfile"",""commentLines"":5},{""codeLines"":119,""blankLines"":47,""language"":""Containerfile"",""commentLines"":165}]",2026-09-05T03:41:59,7238459f4d221e3a3ad1fff007ba78d6a04a10fd,False,False,False,False,"{""Rust"":1617572,""C++"":524934,""Shell"":123549,""CMake"":28791,""Python"":24550,""Dockerfile"":17019,""Roff"":13547,""C"":10948,""Makefile"":1305,""Handlebars"":708}",area:build;area:config;area:interception;area:output;area:semantic;bug;dependencies;documentation;duplicate;encode;enhancement;generic output;invalid;need help;needs-repro;next;question;rust;static binary;tracking;wontfix,build-systems;build-tool;clang;compilation-database;compile-commands-json,2.4.0,First Release,C
3980079,rui314/mold,False,8470,5,66,568,Rust,main,MIT License,,112,17292,136,32881,2020-09-29T05:12:48,2026-10-04T12:37:46,2026-10-04T10:38:31,1078,170,558,18,72207.0,416698.0,84373.0,"[{""codeLines"":1085,""blankLines"":219,""language"":""Pascal"",""commentLines"":139},{""codeLines"":69,""blankLines"":14,""language"":""Lua"",""commentLines"":3},{""codeLines"":14505,""blankLines"":4129,""language"":""Bourne Shell"",""commentLines"":1428},{""codeLines"":146934,""blankLines"":21548,""language"":""C/C++ Header"",""commentLines"":35896},{""codeLines"":37,""blankLines"":0,""language"":""JavaScript"",""commentLines"":0},{""codeLines"":1480,""blankLines"":0,""language"":""CSV"",""commentLines"":0},{""codeLines"":3235,""blankLines"":872,""language"":""make"",""commentLines"":605},{""codeLines"":515,""blankLines"":97,""language"":""Meson"",""commentLines"":123},{""codeLines"":27,""blankLines"":2,""language"":""Swift"",""commentLines"":7},{""codeLines"":256,""blankLines"":29,""language"":""Starlark"",""commentLines"":92},{""codeLines"":105,""blankLines"":33,""language"":""Perl"",""commentLines"":14},{""codeLines"":34845,""blankLines"":3730,""language"":""Rust"",""commentLines"":7194},{""codeLines"":527,""blankLines"":0,""language"":""Fortran 77"",""commentLines"":0},{""codeLines"":350,""blankLines"":0,""language"":""JSON"",""commentLines"":0},{""codeLines"":8,""blankLines"":1,""language"":""OpenCL"",""commentLines"":0},{""codeLines"":68,""blankLines"":2,""language"":""CSS"",""commentLines"":3},{""codeLines"":2514,""blankLines"":304,""language"":""HTML"",""commentLines"":1},{""codeLines"":1682,""blankLines"":599,""language"":""Ada"",""commentLines"":560},{""codeLines"":9342,""blankLines"":1911,""language"":""CMake"",""commentLines"":1884},{""codeLines"":106960,""blankLines"":20797,""language"":""C++"",""commentLines"":19882},{""codeLines"":32,""blankLines"":14,""language"":""SAS"",""commentLines"":22},{""codeLines"":66,""blankLines"":27,""language"":""Dockerfile"",""commentLines"":29},{""codeLines"":435,""blankLines"":102,""language"":""Windows Resource File"",""commentLines"":198},{""codeLines"":1113,""blankLines"":163,""language"":""Windows Module Definition"",""commentLines"":119},{""codeLines"":16015,""blankLines"":14333,""language"":""reStructuredText"",""commentLines"":13489},{""codeLines"":461,""blankLines"":4,""language"":""Visual Studio Solution"",""commentLines"":6},{""codeLines"":26,""blankLines"":7,""language"":""NAnt script"",""commentLines"":0},{""codeLines"":116,""blankLines"":23,""language"":""PHP"",""commentLines"":11},{""codeLines"":6378,""blankLines"":67,""language"":""XML"",""commentLines"":140},{""codeLines"":1073,""blankLines"":332,""language"":""Markdown"",""commentLines"":0},{""codeLines"":398,""blankLines"":59,""language"":""YAML"",""commentLines"":11},{""codeLines"":98,""blankLines"":7,""language"":""Bazel"",""commentLines"":32},{""codeLines"":29046,""blankLines"":322,""language"":""Assembly"",""commentLines"":496},{""codeLines"":41,""blankLines"":9,""language"":""Awk"",""commentLines"":39},{""codeLines"":879,""blankLines"":230,""language"":""C#"",""commentLines"":506},{""codeLines"":27,""blankLines"":5,""language"":""M4"",""commentLines"":0},{""codeLines"":4646,""blankLines"":4,""language"":""MSBuild script"",""commentLines"":8},{""codeLines"":23343,""blankLines"":3,""language"":""SVG"",""commentLines"":54},{""codeLines"":28,""blankLines"":3,""language"":""R"",""commentLines"":2},{""codeLines"":134,""blankLines"":27,""language"":""C"",""commentLines"":3},{""codeLines"":2797,""blankLines"":1130,""language"":""Text"",""commentLines"":0},{""codeLines"":4029,""blankLines"":808,""language"":""Python"",""commentLines"":1178},{""codeLines"":150,""blankLines"":61,""language"":""Objective-C"",""commentLines"":41},{""codeLines"":318,""blankLines"":54,""language"":""TOML"",""commentLines"":9},{""codeLines"":13,""blankLines"":3,""language"":""PowerShell"",""commentLines"":0},{""codeLines"":261,""blankLines"":80,""language"":""DOS Batch"",""commentLines"":103},{""codeLines"":202,""blankLines"":32,""language"":""SWIG"",""commentLines"":40},{""codeLines"":29,""blankLines"":11,""language"":""SCSS"",""commentLines"":6}]",2026-10-04T12:37:46,56f1250f7712ea242cff3d159ad94d574b4d5507,True,False,False,False,"{""Rust"":1760134,""C++"":1218118,""Shell"":475734,""CMake"":22740,""Makefile"":5167,""C"":4129,""Python"":1903,""Dockerfile"":841}",bug;documentation;duplicate;enhancement;experimental;good first issue;help wanted;invalid;performance;question;wontfix,,v0.1,First Release,C++
3982542,pop-os/pop,False,648,11,0,109,Rust,master,,https://system76.com/pop,80,2872,14,680,2017-10-26T05:44:17,2026-10-01T07:57:36,2026-10-02T07:06:27,3477,1788,68,4,508.0,3241.0,68.0,"[{""codeLines"":428,""blankLines"":68,""language"":""Markdown"",""commentLines"":3},{""codeLines"":716,""blankLines"":180,""language"":""Python"",""commentLines"":19},{""codeLines"":50,""blankLines"":15,""language"":""YAML"",""commentLines"":0},{""codeLines"":218,""blankLines"":21,""language"":""Bourne Again Shell"",""commentLines"":2},{""codeLines"":1819,""blankLines"":222,""language"":""Rust"",""commentLines"":43},{""codeLines"":10,""blankLines"":2,""language"":""TOML"",""commentLines"":1}]",2026-10-01T07:57:36,ce5545ab202cd603c9295fdfa84565ee7158faba,True,False,False,False,"{""Rust"":75767,""Python"":27070,""Shell"":7561}",18.04;18.10;19.04;19.10;20.04;20.10;24.04;26.04;AMD GPUs;Intel GPUs;NVIDIA GPUs;bite-sized;blocked;bluetooth;bug;confirmed;distro-specific;documentation;duplicate;enhancement;hardware-specific;installation;mediatek;needs more info;needs testing;question;realtek;security advisory;support request;system76 hardware;ubuntu;upstream;ux;wayland;wishlist;wontfix,,13d44ad4569c45399268b7c95c4a06303c38d754,10% Commit (64/648),Python
3992605,asciinema/asciinema,False,1713,5,26,1038,Rust,develop,GNU General Public License v3.0,https://asciinema.org,272,17692,60,5034,2011-11-21T09:45:44,2026-08-14T09:03:57,2026-08-17T12:30:34,365,3,249,5,2486.0,11739.0,322.0,"[{""codeLines"":2191,""blankLines"":567,""language"":""Python"",""commentLines"":60},{""codeLines"":690,""blankLines"":0,""language"":""CSS"",""commentLines"":21},{""codeLines"":64,""blankLines"":6,""language"":""TOML"",""commentLines"":1},{""codeLines"":7353,""blankLines"":1596,""language"":""Rust"",""commentLines"":181},{""codeLines"":99,""blankLines"":12,""language"":""Nix"",""commentLines"":0},{""codeLines"":1,""blankLines"":0,""language"":""JavaScript"",""commentLines"":0},{""codeLines"":3,""blankLines"":1,""language"":""make"",""commentLines"":0},{""codeLines"":536,""blankLines"":159,""language"":""Markdown"",""commentLines"":10},{""codeLines"":203,""blankLines"":41,""language"":""YAML"",""commentLines"":0},{""codeLines"":340,""blankLines"":87,""language"":""Bourne Shell"",""commentLines"":49},{""codeLines"":18,""blankLines"":2,""language"":""Dockerfile"",""commentLines"":0},{""codeLines"":166,""blankLines"":0,""language"":""JSON"",""commentLines"":0},{""codeLines"":75,""blankLines"":15,""language"":""HTML"",""commentLines"":0}]",2026-08-14T09:03:51,77498061982889f68ba1f6e8b666dd8d13246250,True,False,False,False,"{""Rust"":282339,""Python"":83903,""CSS"":41761,""Shell"":17360,""HTML"":2402,""Nix"":2186,""Makefile"":1384,""Dockerfile"":695}",bug;compatibility;dependencies;feature request;fit for beginners;github_actions;help wanted;hosting;idea;improvement;packaging;rust,asciicast;asciinema;cli;recording;rustlang;streaming;terminal,v0.9.9,First Release,Go
3992608,ankitects/anki,False,12561,40,88,3297,Rust,main,Other,https://apps.ankiweb.net,353,31746,366,53394,2012-12-21T08:03:31,2026-10-04T02:39:22,2026-10-04T01:17:52,1776,443,3968,126,35210.0,199901.0,15789.0,"[{""codeLines"":234,""blankLines"":0,""language"":""SVG"",""commentLines"":0},{""codeLines"":1040,""blankLines"":121,""language"":""TOML"",""commentLines"":61},{""codeLines"":2065,""blankLines"":265,""language"":""Sass"",""commentLines"":24},{""codeLines"":106,""blankLines"":20,""language"":""DOS Batch"",""commentLines"":4},{""codeLines"":170,""blankLines"":2,""language"":""INI"",""commentLines"":0},{""codeLines"":18539,""blankLines"":2849,""language"":""Svelte"",""commentLines"":1060},{""codeLines"":13,""blankLines"":0,""language"":""Text"",""commentLines"":0},{""codeLines"":13,""blankLines"":6,""language"":""make"",""commentLines"":0},{""codeLines"":7,""blankLines"":6,""language"":""reStructuredText"",""commentLines"":7},{""codeLines"":6002,""blankLines"":1,""language"":""JSON"",""commentLines"":0},{""codeLines"":127,""blankLines"":39,""language"":""Dockerfile"",""commentLines"":19},{""codeLines"":203,""blankLines"":53,""language"":""Bourne Shell"",""commentLines"":53},{""codeLines"":1407,""blankLines"":0,""language"":""SQL"",""commentLines"":21},{""codeLines"":136,""blankLines"":24,""language"":""CSS"",""commentLines"":8},{""codeLines"":22,""blankLines"":0,""language"":""HTML"",""commentLines"":0},{""codeLines"":123,""blankLines"":27,""language"":""Swift"",""commentLines"":10},{""codeLines"":70807,""blankLines"":9076,""language"":""Rust"",""commentLines"":5587},{""codeLines"":210,""blankLines"":74,""language"":""Bourne Again Shell"",""commentLines"":29},{""codeLines"":7,""blankLines"":2,""language"":""Fortran 77"",""commentLines"":0},{""codeLines"":8223,""blankLines"":1,""language"":""Qt"",""commentLines"":0},{""codeLines"":136,""blankLines"":40,""language"":""Starlark"",""commentLines"":13},{""codeLines"":213,""blankLines"":33,""language"":""JavaScript"",""commentLines"":37},{""codeLines"":7,""blankLines"":0,""language"":""TeX"",""commentLines"":0},{""codeLines"":15,""blankLines"":7,""language"":""Properties"",""commentLines"":8},{""codeLines"":2,""blankLines"":0,""language"":""Windows Resource File"",""commentLines"":0},{""codeLines"":2847,""blankLines"":219,""language"":""Freemarker Template"",""commentLines"":0},{""codeLines"":2751,""blankLines"":485,""language"":""Protocol Buffers"",""commentLines"":261},{""codeLines"":2004,""blankLines"":299,""language"":""YAML"",""commentLines"":96},{""codeLines"":110,""blankLines"":18,""language"":""Ruby"",""commentLines"":14},{""codeLines"":24060,""blankLines"":9230,""language"":""Markdown"",""commentLines"":142},{""codeLines"":2051,""blankLines"":275,""language"":""SCSS"",""commentLines"":100},{""codeLines"":106,""blankLines"":5,""language"":""XML"",""commentLines"":0},{""codeLines"":17247,""blankLines"":3155,""language"":""TypeScript"",""commentLines"":2220},{""codeLines"":38685,""blankLines"":8835,""language"":""Python"",""commentLines"":5934},{""codeLines"":213,""blankLines"":43,""language"":""C"",""commentLines"":81}]",2026-10-04T02:39:22,3d0421c7ba5d9eb07549c1254ed91ed92f13ab23,False,False,False,False,"{""Rust"":2879902,""Python"":1756711,""MDX"":1498302,""TypeScript"":729253,""Svelte"":678775,""SCSS"":55161,""Shell"":16169,""NSIS"":12414,""C"":12395,""Just"":8366,""JavaScript"":8106,""Starlark"":6171,""Swift"":4558,""Ruby"":4367,""Batchfile"":4359,""CSS"":3513,""Roff"":2212,""Dockerfile"":1662,""Makefile"":835,""HTML"":627,""TeX"":178,""Rich Text Format"":111}",a11y;ankidroid;ankiweb;briefcase;check:linux;check:macos;check:windows;chore;deferred;dependencies;desktop-only;devops;docs;documented;duplicate;editor;forums.ankiweb.net;fsrs;github_actions;good first issue;help wanted;hotfix;image-occlusion;import/export;javascript;launcher;linux;mac;missing-issue;mobile-only;needs author reply;out of scope;python;python-update;python:uv;qt;reviewer;rust;scheduler;stats;web frontend;windows,,2.1.15,First Release,JavaScript
3993940,nautechsystems/nautilus_trader,False,21598,6,141,3919,Rust,develop,GNU Lesser General Public License v3.0,https://nautilustrader.io,228,29613,208,288282,2018-06-25T06:26:16,2026-10-04T12:59:15,2026-10-04T12:59:38,1659,118,3212,27,276091.0,2508425.0,232703.0,"[{""codeLines"":72,""blankLines"":17,""language"":""Dockerfile"",""commentLines"":9},{""codeLines"":87354,""blankLines"":2,""language"":""JSON"",""commentLines"":0},{""codeLines"":25,""blankLines"":0,""language"":""Jupyter Notebook"",""commentLines"":103},{""codeLines"":13,""blankLines"":0,""language"":""INI"",""commentLines"":0},{""codeLines"":1097,""blankLines"":187,""language"":""make"",""commentLines"":196},{""codeLines"":4597,""blankLines"":606,""language"":""YAML"",""commentLines"":394},{""codeLines"":63057,""blankLines"":19254,""language"":""Cython"",""commentLines"":34976},{""codeLines"":1240,""blankLines"":508,""language"":""C/C++ Header"",""commentLines"":2693},{""codeLines"":66047,""blankLines"":18494,""language"":""Markdown"",""commentLines"":19},{""codeLines"":247,""blankLines"":15,""language"":""HTML"",""commentLines"":0},{""codeLines"":98819,""blankLines"":17864,""language"":""Python"",""commentLines"":21743},{""codeLines"":13,""blankLines"":1,""language"":""CSS"",""commentLines"":0},{""codeLines"":12424,""blankLines"":1996,""language"":""Bourne Shell"",""commentLines"":1371},{""codeLines"":1695230,""blankLines"":213295,""language"":""Rust"",""commentLines"":170497},{""codeLines"":1071,""blankLines"":92,""language"":""SQL"",""commentLines"":75},{""codeLines"":454549,""blankLines"":0,""language"":""CSV"",""commentLines"":0},{""codeLines"":450,""blankLines"":0,""language"":""XML"",""commentLines"":1},{""codeLines"":14,""blankLines"":3,""language"":""JavaScript"",""commentLines"":14},{""codeLines"":9182,""blankLines"":1357,""language"":""Bourne Again Shell"",""commentLines"":154},{""codeLines"":481,""blankLines"":73,""language"":""Text"",""commentLines"":0},{""codeLines"":12443,""blankLines"":2327,""language"":""TOML"",""commentLines"":458}]",2026-10-04T12:49:57,466a219d97c861a6b43333093c796c460fe0f610,True,False,False,False,"{""Rust"":73304010,""Cython"":4010178,""Python"":3888046,""Shell"":850770,""C"":122457,""Makefile"":73203,""Cap'n Proto"":68261,""PLpgSQL"":45733,""Dockerfile"":4045,""JavaScript"":1451}",adapter;api-update;bug;build/tooling;dependencies;deprecation;docs;duplicate;enhancement;improvement;policy;python;question;rfc;rust;wontfix,algorithmic-trading-engine;artificial-intelligence;crypto-trading;equity-trading;forex;futures-trading;machine-learning;options-trading;python;rust;sports-betting;trading;trading-platform,v1.101.0,First Release,Cython
3995886,alvr-org/alvr,False,3315,51,97,728,Rust,master,MIT License,,75,7968,144,44616,2019-07-16T02:40:08,2026-10-04T12:41:26,2026-10-04T01:37:28,1801,129,1365,25,11569.0,72263.0,11575.0,"[{""codeLines"":61,""blankLines"":9,""language"":""CMake"",""commentLines"":0},{""codeLines"":65,""blankLines"":5,""language"":""Handlebars"",""commentLines"":0},{""codeLines"":16220,""blankLines"":2422,""language"":""C++"",""commentLines"":1598},{""codeLines"":469,""blankLines"":106,""language"":""YAML"",""commentLines"":8},{""codeLines"":156,""blankLines"":41,""language"":""GLSL"",""commentLines"":11},{""codeLines"":81,""blankLines"":0,""language"":""XML"",""commentLines"":0},{""codeLines"":85,""blankLines"":0,""language"":""JSON"",""commentLines"":0},{""codeLines"":54,""blankLines"":8,""language"":""Dockerfile"",""commentLines"":5},{""codeLines"":136,""blankLines"":36,""language"":""HLSL"",""commentLines"":17},{""codeLines"":262,""blankLines"":32,""language"":""Diff"",""commentLines"":114},{""codeLines"":484,""blankLines"":6,""language"":""SVG"",""commentLines"":6},{""codeLines"":708,""blankLines"":93,""language"":""TOML"",""commentLines"":12},{""codeLines"":331,""blankLines"":73,""language"":""WGSL"",""commentLines"":22},{""codeLines"":137,""blankLines"":20,""language"":""WiX source"",""commentLines"":7},{""codeLines"":31195,""blankLines"":4151,""language"":""Rust"",""commentLines"":906},{""codeLines"":265,""blankLines"":39,""language"":""Bourne Shell"",""commentLines"":70},{""codeLines"":1705,""blankLines"":850,""language"":""Markdown"",""commentLines"":15},{""codeLines"":19835,""blankLines"":3676,""language"":""C/C++ Header"",""commentLines"":8784},{""codeLines"":14,""blankLines"":2,""language"":""INI"",""commentLines"":0}]",2026-10-04T12:02:54,ee6d3b1669e4d8526fa46dbf29567e1a6d604459,True,False,False,False,"{""Rust"":1255686,""JavaScript"":1167942,""C++"":509106,""CSS"":91745,""Java"":39004,""HTML"":26074,""WGSL"":15504,""Shell"":14483,""C"":10132,""HLSL"":8859,""Python"":6491,""CMake"":2668,""Handlebars"":1848,""Nix"":1527,""Objective-C"":1343,""GLSL"":723,""Fluent"":488,""RenderScript"":1}",amd;bug;ci/cd;deb;dependencies;documentation;duplicate;enhancement;good first issue;help request;help wanted;hybrid-gpu;invalid;launcher;linux;needs testing;nvidia;packaging;question;release;rust;stale;unactionable;upstream;windows;wontfix,oculus-go;oculus-quest;pcvr;steamvr;vr,test1,First Release,C
4019794,jamiemason/imageoptim-cli,False,397,4,22,127,Rust,main,MIT License,https://foldleft.io/image-tools,51,3527,16,43653,2013-02-15T05:33:52,2026-08-02T12:05:03,2026-08-02T11:48:05,171,2,38,1,1158.0,5540.0,536.0,"[{""codeLines"":54,""blankLines"":4,""language"":""TOML"",""commentLines"":0},{""codeLines"":1478,""blankLines"":414,""language"":""YAML"",""commentLines"":0},{""codeLines"":597,""blankLines"":88,""language"":""TypeScript"",""commentLines"":19},{""codeLines"":34,""blankLines"":10,""language"":""JavaScript"",""commentLines"":3},{""codeLines"":169,""blankLines"":14,""language"":""AppleScript"",""commentLines"":25},{""codeLines"":94,""blankLines"":0,""language"":""JSON"",""commentLines"":0},{""codeLines"":272,""blankLines"":287,""language"":""Markdown"",""commentLines"":0},{""codeLines"":2842,""blankLines"":341,""language"":""Rust"",""commentLines"":489}]",2026-08-02T10:56:11,2d33749f8938a41621b15e9463c8c9d91abeb462,False,False,False,False,"{""Rust"":115189,""TypeScript"":20747,""Just"":7438,""AppleScript"":6631,""JavaScript"":1347}",dependencies;priority: critical;priority: high;priority: low;priority: medium;security;status: abandoned;status: awaiting release;status: blocked;status: help needed;status: in progress;status: more detail needed;status: released;status: to do;type: chore;type: docs;type: duplicate;type: feat;type: fix;type: perf;type: question;type: refactor;type: style;type: test;type: upstream,advpng;compress;gifsicle;image-optimisation;imagealpha;imageoptim;jpegmini;jpegoptim;jpegtran;optimize;optipng;performance;pngcrush;pngout;pngquant;site-speed;webperf,1.14.8,First Release,Shell
4041699,kucherenko/jscpd,False,2182,142,24,265,Rust,master,MIT License,https://jscpd.dev,28,6331,66,14201,2013-05-29T06:19:20,2026-10-04T12:24:57,2026-10-04T05:34:41,415,42,719,4,9773.0,76677.0,11814.0,"[{""codeLines"":96,""blankLines"":11,""language"":""ColdFusion"",""commentLines"":0},{""codeLines"":244,""blankLines"":3,""language"":""SVG"",""commentLines"":2},{""codeLines"":110,""blankLines"":15,""language"":""WGSL"",""commentLines"":2},{""codeLines"":152,""blankLines"":28,""language"":""OCaml"",""commentLines"":6},{""codeLines"":64,""blankLines"":5,""language"":""Brainfuck"",""commentLines"":8},{""codeLines"":66,""blankLines"":14,""language"":""F#"",""commentLines"":2},{""codeLines"":146,""blankLines"":7,""language"":""Haxe"",""commentLines"":12},{""codeLines"":104,""blankLines"":15,""language"":""HCL"",""commentLines"":0},{""codeLines"":84,""blankLines"":16,""language"":""Smalltalk"",""commentLines"":2},{""codeLines"":319,""blankLines"":111,""language"":""Perl"",""commentLines"":179},{""codeLines"":133,""blankLines"":18,""language"":""D"",""commentLines"":18},{""codeLines"":90,""blankLines"":14,""language"":""Pascal"",""commentLines"":2},{""codeLines"":117,""blankLines"":14,""language"":""Linker Script"",""commentLines"":2},{""codeLines"":58,""blankLines"":10,""language"":""Crystal"",""commentLines"":2},{""codeLines"":38,""blankLines"":4,""language"":""Dockerfile"",""commentLines"":24},{""codeLines"":93,""blankLines"":12,""language"":""ReScript"",""commentLines"":10},{""codeLines"":72,""blankLines"":20,""language"":""CoffeeScript"",""commentLines"":0},{""codeLines"":165,""blankLines"":38,""language"":""Protocol Buffers"",""commentLines"":2},{""codeLines"":22,""blankLines"":0,""language"":""CSV"",""commentLines"":0},{""codeLines"":172,""blankLines"":33,""language"":""Java"",""commentLines"":299},{""codeLines"":98,""blankLines"":28,""language"":""Specman e"",""commentLines"":0},{""codeLines"":94,""blankLines"":25,""language"":""Objective-C"",""commentLines"":33},{""codeLines"":50,""blankLines"":6,""language"":""C"",""commentLines"":5},{""codeLines"":76,""blankLines"":8,""language"":""Apex Class"",""commentLines"":0},{""codeLines"":64,""blankLines"":14,""language"":""Idris"",""commentLines"":10},{""codeLines"":80,""blankLines"":14,""language"":""VHDL"",""commentLines"":4},{""codeLines"":48,""blankLines"":17,""language"":""Go"",""commentLines"":0},{""codeLines"":140,""blankLines"":37,""language"":""C/C++ Header"",""commentLines"":31},{""codeLines"":149,""blankLines"":17,""language"":""Razor"",""commentLines"":0},{""codeLines"":108,""blankLines"":18,""language"":""LLVM IR"",""commentLines"":6},{""codeLines"":72,""blankLines"":0,""language"":""Handlebars"",""commentLines"":0},{""codeLines"":142,""blankLines"":66,""language"":""PO File"",""commentLines"":12},{""codeLines"":98,""blankLines"":27,""language"":""Zig"",""commentLines"":5},{""codeLines"":85,""blankLines"":10,""language"":""JSON5"",""commentLines"":9},{""codeLines"":49495,""blankLines"":4687,""language"":""Rust"",""commentLines"":9651},{""codeLines"":78,""blankLines"":30,""language"":""Elm"",""commentLines"":2},{""codeLines"":125,""blankLines"":26,""language"":""Solidity"",""commentLines"":4},{""codeLines"":82,""blankLines"":12,""language"":""Groovy"",""commentLines"":2},{""codeLines"":90,""blankLines"":8,""language"":""Diff"",""commentLines"":48},{""codeLines"":942,""blankLines"":0,""language"":""JSON"",""commentLines"":0},{""codeLines"":66,""blankLines"":10,""language"":""Bourne Again Shell"",""commentLines"":4},{""codeLines"":7350,""blankLines"":2131,""language"":""Markdown"",""commentLines"":8},{""codeLines"":58,""blankLines"":18,""language"":""XQuery"",""commentLines"":4},{""codeLines"":42,""blankLines"":8,""language"":""CMake"",""commentLines"":2},{""codeLines"":103,""blankLines"":12,""language"":""Stylus"",""commentLines"":14},{""codeLines"":79,""blankLines"":11,""language"":""XSLT"",""commentLines"":0},{""codeLines"":59,""blankLines"":9,""language"":""INI"",""commentLines"":0},{""codeLines"":92,""blankLines"":10,""language"":""Text"",""commentLines"":0},{""codeLines"":457,""blankLines"":178,""language"":""Python"",""commentLines"":133},{""codeLines"":430,""blankLines"":62,""language"":""TOML"",""commentLines"":49},{""codeLines"":54,""blankLines"":6,""language"":""Awk"",""commentLines"":2},{""codeLines"":58,""blankLines"":12,""language"":""Visual Basic .NET"",""commentLines"":2},{""codeLines"":203,""blankLines"":35,""language"":""C#"",""commentLines"":170},{""codeLines"":78,""blankLines"":6,""language"":""Smarty"",""commentLines"":8},{""codeLines"":118,""blankLines"":21,""language"":""SCSS"",""commentLines"":8},{""codeLines"":67,""blankLines"":8,""language"":""Cucumber"",""commentLines"":0},{""codeLines"":31,""blankLines"":9,""language"":""Ruby"",""commentLines"":0},{""codeLines"":770,""blankLines"":166,""language"":""TypeScript"",""commentLines"":161},{""codeLines"":61,""blankLines"":8,""language"":""ColdFusion CFScript"",""commentLines"":0},{""codeLines"":53,""blankLines"":3,""language"":""Less"",""commentLines"":0},{""codeLines"":60,""blankLines"":8,""language"":""Julia"",""commentLines"":8},{""codeLines"":735,""blankLines"":100,""language"":""Bourne Shell"",""commentLines"":54},{""codeLines"":68,""blankLines"":20,""language"":""TeX"",""commentLines"":0},{""codeLines"":44,""blankLines"":6,""language"":""Haml"",""commentLines"":2},{""codeLines"":74,""blankLines"":22,""language"":""GDScript"",""commentLines"":0},{""codeLines"":64,""blankLines"":10,""language"":""Ada"",""commentLines"":0},{""codeLines"":299,""blankLines"":32,""language"":""HTML"",""commentLines"":17},{""codeLines"":83,""blankLines"":6,""language"":""Fortran 77"",""commentLines"":4},{""codeLines"":46,""blankLines"":2,""language"":""CSS"",""commentLines"":0},{""codeLines"":58,""blankLines"":14,""language"":""Swift"",""commentLines"":7},{""codeLines"":762,""blankLines"":30,""language"":""Vuejs Component"",""commentLines"":24},{""codeLines"":152,""blankLines"":27,""language"":""Astro"",""commentLines"":0},{""codeLines"":122,""blankLines"":20,""language"":""SAS"",""commentLines"":10},{""codeLines"":47,""blankLines"":0,""language"":""Visual Basic"",""commentLines"":0},{""codeLines"":55,""blankLines"":11,""language"":""Slim"",""commentLines"":0},{""codeLines"":10,""blankLines"":3,""language"":""Scala"",""commentLines"":16},{""codeLines"":84,""blankLines"":18,""language"":""Lisp"",""commentLines"":4},{""codeLines"":101,""blankLines"":0,""language"":""ASP.NET"",""commentLines"":0},{""codeLines"":34,""blankLines"":10,""language"":""Clojure"",""commentLines"":2},{""codeLines"":239,""blankLines"":25,""language"":""Dart"",""commentLines"":2},{""codeLines"":92,""blankLines"":8,""language"":""Verilog-SystemVerilog"",""commentLines"":4},{""codeLines"":40,""blankLines"":8,""language"":""ANTLR Grammar"",""commentLines"":0},{""codeLines"":90,""blankLines"":8,""language"":""SQL"",""commentLines"":4},{""codeLines"":729,""blankLines"":103,""language"":""APL"",""commentLines"":0},{""codeLines"":92,""blankLines"":10,""language"":""Tcl/Tk"",""commentLines"":4},{""codeLines"":48,""blankLines"":16,""language"":""R"",""commentLines"":0},{""codeLines"":54,""blankLines"":12,""language"":""Scheme"",""commentLines"":4},{""codeLines"":321,""blankLines"":74,""language"":""Haskell"",""commentLines"":64},{""codeLines"":38,""blankLines"":8,""language"":""Properties"",""commentLines"":2},{""codeLines"":85,""blankLines"":18,""language"":""PureScript"",""commentLines"":12},{""codeLines"":86,""blankLines"":8,""language"":""PowerShell"",""commentLines"":4},{""codeLines"":51,""blankLines"":15,""language"":""JSX"",""commentLines"":7},{""codeLines"":71,""blankLines"":13,""language"":""Nix"",""commentLines"":2},{""codeLines"":2115,""blankLines"":261,""language"":""JavaScript"",""commentLines"":136},{""codeLines"":90,""blankLines"":20,""language"":""RobotFramework"",""commentLines"":20},{""codeLines"":86,""blankLines"":16,""language"":""Lua"",""commentLines"":4},{""codeLines"":66,""blankLines"":11,""language"":""Mathematica"",""commentLines"":8},{""codeLines"":74,""blankLines"":14,""language"":""Racket"",""commentLines"":12},{""codeLines"":84,""blankLines"":13,""language"":""Erlang"",""commentLines"":24},{""codeLines"":63,""blankLines"":12,""language"":""ActionScript"",""commentLines"":0},{""codeLines"":462,""blankLines"":120,""language"":""Pug"",""commentLines"":0},{""codeLines"":89,""blankLines"":0,""language"":""Puppet"",""commentLines"":33},{""codeLines"":2861,""blankLines"":271,""language"":""YAML"",""commentLines"":311},{""codeLines"":48,""blankLines"":12,""language"":""Prolog"",""commentLines"":4},{""codeLines"":82,""blankLines"":22,""language"":""Kotlin"",""commentLines"":2},{""codeLines"":102,""blankLines"":14,""language"":""PlantUML"",""commentLines"":4},{""codeLines"":61,""blankLines"":0,""language"":""Twig"",""commentLines"":0},{""codeLines"":60,""blankLines"":30,""language"":""Sass"",""commentLines"":3},{""codeLines"":117,""blankLines"":17,""language"":""GraphQL"",""commentLines"":0},{""codeLines"":517,""blankLines"":84,""language"":""Svelte"",""commentLines"":0},{""codeLines"":76,""blankLines"":30,""language"":""PHP"",""commentLines"":37}]",2026-10-04T05:34:35,178251b9be57c8cf6c6e2818ddde4a16235e68ba,False,False,False,False,"{""Rust"":2497702,""HTML"":106303,""JavaScript"":86088,""TypeScript"":73732,""Shell"":31585,""Vue"":26334,""APL"":25595,""Python"":24989,""Java"":21719,""Svelte"":20184,""Haskell"":16292,""Pug"":15761,""Perl"":14726,""C#"":13875,""D"":11582,""C++"":11460,""Objective-C"":9475,""Brainfuck"":8034,""Erlang"":7232,""Dart"":7147,""Astro"":6969,""ASP.NET"":5974,""Solidity"":5826,""ColdFusion"":5639,""SAS"":5029,""OCaml"":4835,""PLSQL"":4333,""C"":4194,""WGSL"":3838,""RobotFramework"":3814,""R"":3482,""SCSS"":3418,""Zig"":3376,""PureScript"":3267,""Emacs Lisp"":3155,""Power Query"":3141,""LLVM"":3122,""Tcl"":3100,""XSLT"":3057,""Dockerfile"":3043,""Haxe"":3001,""UnrealScript"":2968,""Smarty"":2955,""ReScript"":2926,""Closure Templates"":2861,""Gherkin"":2826,""VHDL"":2774,""PLpgSQL"":2770,""Velocity Template Language"":2739,""Stylus"":2734,""Puppet"":2714,""Kotlin"":2664,""Eiffel"":2652,""Racket"":2652,""Q#"":2631,""q"":2608,""Nix"":2589,""Apex"":2571,""Groovy"":2535,""F#"":2403,""Verilog"":2386,""PHP"":2378,""PowerShell"":2369,""HCL"":2303,""Wolfram Language"":2280,""Visual Basic .NET"":2270,""Idris"":2266,""Bicep"":2233,""CoffeeScript"":2226,""TeX"":2192,""Scala"":2180,""XQuery"":2153,""CSS"":2150,""NSIS"":2137,""Fortran"":2136,""GDScript"":2113,""Pascal"":2110,""Smalltalk"":2105,""Elm"":2054,""Julia"":2054,""Lua"":2054,""Handlebars"":1995,""Ada"":1990,""Linker Script"":1953,""Oz"":1823,""Ruby"":1818,""ActionScript"":1748,""LiveScript"":1682,""Scheme"":1676,""CMake"":1649,""Sass"":1504,""Slim"":1443,""Haml"":1404,""Go"":1373,""Twig"":1367,""BASIC"":1364,""Less"":1359,""Crystal"":1355,""Prolog"":1340,""Swift"":1325,""Awk"":1278,""OpenQASM"":1222,""Clojure"":1175,""LilyPond"":1166,""ANTLR"":815}",bug;dependencies;documentation;duplicate;enhancement;feature;github_actions;greenkeeper;hacktoberfest-accepted;help wanted;improvments;in progress;invalid;javascript;question;request-format-support;rust;wontfix,ai;cli;clones-detection;code-duplication;code-quality;coding-agents;copy-paste;copy-paste-detection;cpd;developer-tools;dry;duplicates;github-action;linter;mcp;rust;sarif;skills;static-analysis;typescript,v4.2.0,First Release,CSS
4045245,jamiemason/syncpack,False,919,11,143,74,Rust,main,MIT License,https://syncpack.dev/,5,2098,32,21922,2017-08-17T04:58:10,2026-09-26T02:43:20,2026-10-02T03:20:10,272,18,70,3,7730.0,77863.0,4738.0,"[{""codeLines"":26053,""blankLines"":1,""language"":""JSON"",""commentLines"":0},{""codeLines"":1806,""blankLines"":58,""language"":""TypeScript"",""commentLines"":137},{""codeLines"":256,""blankLines"":34,""language"":""Astro"",""commentLines"":19},{""codeLines"":8,""blankLines"":1,""language"":""INI"",""commentLines"":0},{""codeLines"":1,""blankLines"":0,""language"":""HTML"",""commentLines"":0},{""codeLines"":78,""blankLines"":7,""language"":""TOML"",""commentLines"":0},{""codeLines"":131,""blankLines"":32,""language"":""Text"",""commentLines"":0},{""codeLines"":4,""blankLines"":0,""language"":""XML"",""commentLines"":0},{""codeLines"":952,""blankLines"":108,""language"":""JavaScript"",""commentLines"":184},{""codeLines"":6830,""blankLines"":1740,""language"":""YAML"",""commentLines"":112},{""codeLines"":184,""blankLines"":36,""language"":""CSS"",""commentLines"":15},{""codeLines"":8271,""blankLines"":3367,""language"":""Markdown"",""commentLines"":15},{""codeLines"":33266,""blankLines"":2344,""language"":""Rust"",""commentLines"":4256},{""codeLines"":22,""blankLines"":2,""language"":""Bourne Shell"",""commentLines"":0},{""codeLines"":1,""blankLines"":0,""language"":""SVG"",""commentLines"":0}]",2026-08-09T11:13:52,958d30689ac24b60623258630242330bd6d0264b,False,False,False,False,"{""Rust"":1296067,""MDX"":183296,""TypeScript"":177789,""JavaScript"":42015,""Just"":12551,""Astro"":7936,""CSS"":4912,""Shell"":764,""HTML"":54}",Status: Detail Needed;dependencies;good first issue;help wanted;priority: critical;priority: high;priority: low;priority: medium;status: abandoned;status: awaiting release;status: blocked;status: in progress;status: out of scope;status: released;status: reopened;status: to do;status: with author;type: chore;type: docs;type: duplicate;type: feat;type: fix;type: perf;type: question;type: refactor;type: style;type: test;type: upstream;v14.x.x-alpha;workaround available,bun;catalogs;dependencies;linter;monorepo;npm;nx;pnpm;semver;turborepo;versions;yarn,0.1.0,First Release,JavaScript
4097397,rome/tools,False,4309,38,117,718,Rust,main,MIT License,https://docs.rome.tools/,184,24316,219,144961,2020-02-20T05:57:33,2023-09-04T08:42:49,2023-09-05T07:47:21,1439,86,3097,8,40393.0,327016.0,34811.0,"[{""codeLines"":22832,""blankLines"":4597,""language"":""JavaScript"",""commentLines"":1861},{""codeLines"":116,""blankLines"":33,""language"":""Bourne Shell"",""commentLines"":20},{""codeLines"":16993,""blankLines"":6918,""language"":""Markdown"",""commentLines"":14},{""codeLines"":1,""blankLines"":0,""language"":""PowerShell"",""commentLines"":0},{""codeLines"":1333,""blankLines"":193,""language"":""TOML"",""commentLines"":47},{""codeLines"":30,""blankLines"":0,""language"":""Text"",""commentLines"":0},{""codeLines"":1904,""blankLines"":157,""language"":""JSX"",""commentLines"":60},{""codeLines"":9885,""blankLines"":21,""language"":""JSON"",""commentLines"":0},{""codeLines"":16493,""blankLines"":2789,""language"":""TypeScript"",""commentLines"":1776},{""codeLines"":1878,""blankLines"":365,""language"":""SCSS"",""commentLines"":30},{""codeLines"":19,""blankLines"":5,""language"":""Dockerfile"",""commentLines"":1},{""codeLines"":265,""blankLines"":0,""language"":""SVG"",""commentLines"":4},{""codeLines"":7764,""blankLines"":1146,""language"":""YAML"",""commentLines"":29},{""codeLines"":167,""blankLines"":16,""language"":""CSS"",""commentLines"":17},{""codeLines"":1907,""blankLines"":365,""language"":""Sass"",""commentLines"":1},{""codeLines"":245429,""blankLines"":23788,""language"":""Rust"",""commentLines"":30951}]",2023-08-29T02:44:32,392d188a49d70e495f13b1bb08cd7d9c43690f9b,False,True,False,False,"{""Rust"":7195843,""JavaScript"":1015867,""TypeScript"":620616,""MDX"":89928,""Astro"":48350,""SCSS"":37244,""Liquid"":15046,""CSS"":5303,""Shell"":4711,""Just"":2855,""HTML"":839,""Dockerfile"":337,""Batchfile"":126,""PowerShell"":14}",a-bundler;a-cli;a-compiler;a-core;a-design;a-diagnostic;a-documentation;a-editors;a-formatter;a-governance;a-licenses;a-linter;a-lsp;a-parser;a-project;a-resolver;a-runtime;a-tooling;a-website;breaking;e-vscode;enhancement;good first issue;hacktoberfest;hacktoberfest-accepted;help wanted;i-difficult;i-easy;i-normal;i-staff;invalid;l-css;l-html;l-javascript;l-json;l-jsx;l-markdown;l-typescript;p-unix;p-windows;pr-needs changelog line;pr-needs documentation;pr: on hold;regression;s-bug: confirmed;s-duplicate;s-needs info;s-planned;s-to triage;s-wishlist;task;umbrella;wontfix,formatter;javascript;linter;toolchain;typescript,v10.0.7-beta.8,First Release,PostScript
4102998,icedland/iced,False,3447,17,21,275,Rust,master,MIT License,,68,3579,21,82184,2018-09-07T07:30:25,2026-09-28T08:43:37,2026-10-03T07:12:47,238,37,546,24,233869.0,1679025.0,544300.0,"[{""codeLines"":5826,""blankLines"":634,""language"":""Markdown"",""commentLines"":0},{""codeLines"":1275,""blankLines"":247,""language"":""Bourne Shell"",""commentLines"":49},{""codeLines"":63,""blankLines"":1,""language"":""Visual Studio Solution"",""commentLines"":1},{""codeLines"":13453,""blankLines"":1268,""language"":""Lua"",""commentLines"":40548},{""codeLines"":105,""blankLines"":23,""language"":""MSBuild script"",""commentLines"":2},{""codeLines"":121,""blankLines"":63,""language"":""reStructuredText"",""commentLines"":180},{""codeLines"":1946,""blankLines"":197,""language"":""JavaScript"",""commentLines"":35},{""codeLines"":822,""blankLines"":162,""language"":""YAML"",""commentLines"":69},{""codeLines"":16,""blankLines"":3,""language"":""XML"",""commentLines"":0},{""codeLines"":226824,""blankLines"":41631,""language"":""Java"",""commentLines"":124896},{""codeLines"":237,""blankLines"":36,""language"":""TOML"",""commentLines"":41},{""codeLines"":110,""blankLines"":13,""language"":""INI"",""commentLines"":0},{""codeLines"":14235,""blankLines"":17328,""language"":""Python"",""commentLines"":43483},{""codeLines"":399487,""blankLines"":19760,""language"":""Text"",""commentLines"":0},{""codeLines"":20,""blankLines"":0,""language"":""JSON"",""commentLines"":0},{""codeLines"":583063,""blankLines"":77277,""language"":""Rust"",""commentLines"":163018},{""codeLines"":431244,""blankLines"":75220,""language"":""C#"",""commentLines"":171976},{""codeLines"":178,""blankLines"":6,""language"":""Maven"",""commentLines"":2}]",2026-07-14T04:26:22,8cfc5f57c08fd2e80a4cec9d3d9d36f642b2de31,False,False,False,False,"{""Rust"":29601636,""C#"":25547790,""Java"":16042061,""Python"":1387650,""Lua"":1287619,""JavaScript"":112144,""Shell"":37310}",.net;bug;c#;dependencies;duplicate;enhancement;github_actions;good first issue;help wanted;invalid;java;javascript;not-reproducible;question;rust;wontfix,assembler;decoder;disassembler;encoder;x64;x86,v1.4.0,First Release,C#
4109725,pnpm/pnpm,False,14256,175,1000,1903,Rust,main,MIT License,https://pnpm.io,164,36738,464,282334,2016-01-28T07:40:43,2026-10-04T01:20:00,2026-10-04T02:43:34,6687,2,7737,239,154887.0,1223653.0,198989.0,"[{""codeLines"":70,""blankLines"":14,""language"":""Dockerfile"",""commentLines"":16},{""codeLines"":21,""blankLines"":0,""language"":""DOS Batch"",""commentLines"":1},{""codeLines"":52237,""blankLines"":11,""language"":""JSON"",""commentLines"":0},{""codeLines"":325743,""blankLines"":43831,""language"":""TypeScript"",""commentLines"":42769},{""codeLines"":22,""blankLines"":0,""language"":""JSON5"",""commentLines"":8},{""codeLines"":13,""blankLines"":2,""language"":""INI"",""commentLines"":0},{""codeLines"":164,""blankLines"":10,""language"":""HTML"",""commentLines"":0},{""codeLines"":244,""blankLines"":7,""language"":""Diff"",""commentLines"":171},{""codeLines"":28,""blankLines"":5,""language"":""Bourne Again Shell"",""commentLines"":2},{""codeLines"":20,""blankLines"":5,""language"":""Text"",""commentLines"":0},{""codeLines"":88,""blankLines"":6,""language"":""PowerShell"",""commentLines"":0},{""codeLines"":4416,""blankLines"":613,""language"":""TOML"",""commentLines"":240},{""codeLines"":15032,""blankLines"":1683,""language"":""JavaScript"",""commentLines"":1957},{""codeLines"":64,""blankLines"":23,""language"":""Pascal"",""commentLines"":119},{""codeLines"":133024,""blankLines"":23601,""language"":""YAML"",""commentLines"":1502},{""codeLines"":51,""blankLines"":3,""language"":""C"",""commentLines"":0},{""codeLines"":421,""blankLines"":65,""language"":""Python"",""commentLines"":128},{""codeLines"":34083,""blankLines"":13322,""language"":""Markdown"",""commentLines"":134},{""codeLines"":1462,""blankLines"":191,""language"":""Bourne Shell"",""commentLines"":321},{""codeLines"":919,""blankLines"":2,""language"":""SVG"",""commentLines"":4},{""codeLines"":3,""blankLines"":0,""language"":""Fish Shell"",""commentLines"":7},{""codeLines"":655528,""blankLines"":71493,""language"":""Rust"",""commentLines"":151610}]",2026-10-03T09:06:01,bac8077715ac5af3857b1df970a014875d89b86c,False,False,False,False,"{""Rust"":32129528,""TypeScript"":14259340,""JavaScript"":570561,""Shell"":45198,""Python"":24840,""Just"":8145,""NASL"":7567,""MDX"":7486,""HTML"":6548,""PowerShell"":4184,""Dockerfile"":3943,""C"":2018,""Batchfile"":516}",Compliance violation;area: audit;area: binstubs;area: catalogs;area: cli;area: cli/dlx;area: config dependencies;area: deploy;area: documentation;area: git-hosted deps;area: global virtual store;area: globally installed packages;area: jsr;area: lifecycle-scripts;area: link;area: list;area: lockfile;area: monorepo;area: outdated;area: patching;area: peers;area: performance;area: pnpmfile;area: publishing;area: reporting;area: resolution;area: runtime engine;area: setup;area: side-effects cache;area: store;area: store server;area: supply chain security;area: website;bounty: $100;bug;cannot reproduce;closed because: duplicate;closed because: wontfix;closed because: wontfix (flat node_modules);closed because: works as expected;company: bytedance;company: justanswer;configuration;dependencies;github_actions;good first issue;greenkeeper;hacktoberfest;help wanted;idea: from tracker 15277;invalid;javascript;known issues;node.js issue;os: macos;os: windows;priority: 1;priority: 2;priority: 3;product: pacquet;product: pnpm@11;product: pnpr;regression;reviewed: coderabbit;reviewed: qodo;reviewed: zoltan's agent;rust;size: l;size: m;size: m-l;size: s;size: s-m;size: xl;state: accepted;state: automerge;state: blocked;state: has pr;state: in progress;state: might be fixed;state: needs better error message;state: needs design;state: needs steps to repro;state: ready for cr;state: rejected;type: breaking change;type: bug;type: bug/ecosystem;type: bug/ecosystem/angular;type: bug/ecosystem/ember;type: bug/getting-started;type: discussion;type: feature;type: question;type: refactor;yarn compat,dependency-manager;install;javascript;modules;node;nodejs;npm;package-manager,v0.1.0,First Release,JavaScript
4605237,stepfenshawn/cantonese,False,274,2,0,48,Rust,main,MIT License,https://cantonese-community.github.io/,12,1196,6,2104,2020-12-20T08:30:23,2026-09-23T09:48:00,2026-10-01T03:29:35,41,32,14,2,6102.0,121554.0,20335.0,"[{""codeLines"":330,""blankLines"":74,""language"":""Pest"",""commentLines"":65},{""codeLines"":182,""blankLines"":52,""language"":""Ruby"",""commentLines"":2},{""codeLines"":33,""blankLines"":0,""language"":""HTML"",""commentLines"":0},{""codeLines"":156,""blankLines"":8,""language"":""YAML"",""commentLines"":5},{""codeLines"":2055,""blankLines"":462,""language"":""Cython"",""commentLines"":101},{""codeLines"":109551,""blankLines"":4388,""language"":""C"",""commentLines"":19582},{""codeLines"":1140,""blankLines"":295,""language"":""Python"",""commentLines"":90},{""codeLines"":5719,""blankLines"":536,""language"":""Rust"",""commentLines"":453},{""codeLines"":33,""blankLines"":0,""language"":""XML"",""commentLines"":0},{""codeLines"":5,""blankLines"":0,""language"":""CSV"",""commentLines"":0},{""codeLines"":995,""blankLines"":64,""language"":""Markdown"",""commentLines"":0},{""codeLines"":566,""blankLines"":119,""language"":""C/C++ Header"",""commentLines"":33},{""codeLines"":86,""blankLines"":25,""language"":""Yacc"",""commentLines"":0},{""codeLines"":60,""blankLines"":7,""language"":""TOML"",""commentLines"":0},{""codeLines"":643,""blankLines"":72,""language"":""C++"",""commentLines"":4}]",2026-09-06T10:05:24,d4ba0df9166a5e2ebd58212a716b368c0b76ad34,True,False,False,False,"{""Rust"":219035,""Cython"":91106,""Python"":49424,""C++"":38175,""Ruby"":6840,""Yacc"":2960}",bug;documentation;duplicate;enhancement;good first issue;help wanted;invalid;question;wontfix,cantonese;cantonese-language;compiler;programming-language;python3;rust-lang,b19092c596ba5f6beaf5be7c344d525d5b292b79,10% Commit (27/274),Python
6130988,wasmerio/wasmer-js,False,533,23,17,95,Rust,main,MIT License,https://wasmerio.github.io/wasmer-js/,21,1093,13,48760,2019-06-17T05:32:00,2026-05-11T10:59:08,2026-05-11T08:24:36,209,29,260,16,5910.0,53092.0,2147.0,"[{""codeLines"":210,""blankLines"":34,""language"":""TOML"",""commentLines"":48},{""codeLines"":17,""blankLines"":4,""language"":""WebAssembly"",""commentLines"":6},{""codeLines"":4687,""blankLines"":831,""language"":""Rust"",""commentLines"":700},{""codeLines"":2,""blankLines"":0,""language"":""SVG"",""commentLines"":0},{""codeLines"":122,""blankLines"":13,""language"":""CSS"",""commentLines"":20},{""codeLines"":1,""blankLines"":0,""language"":""Text"",""commentLines"":0},{""codeLines"":202,""blankLines"":30,""language"":""HTML"",""commentLines"":1},{""codeLines"":725,""blankLines"":107,""language"":""JavaScript"",""commentLines"":218},{""codeLines"":3443,""blankLines"":1038,""language"":""GraphQL"",""commentLines"":872},{""codeLines"":11481,""blankLines"":3182,""language"":""YAML"",""commentLines"":3},{""codeLines"":546,""blankLines"":237,""language"":""Markdown"",""commentLines"":0},{""codeLines"":3107,""blankLines"":431,""language"":""TypeScript"",""commentLines"":279},{""codeLines"":28549,""blankLines"":3,""language"":""JSON"",""commentLines"":0}]",2025-12-03T08:36:12,fafb390806342eeae2253e41cccca3831309e369,True,False,False,False,"{""Rust"":202258,""TypeScript"":60447,""JavaScript"":11809,""WebAssembly"":1362}",automation;autorelease: pending;autorelease: tagged;bug;dependencies;docs;documentation;duplicate;enhancement;feature;good first issue;help wanted;invalid;javascript;js;linear;question;rust;wontfix,nodejs;npm-package;wasi;wasix;webassembly,v0.2.0,First Release,WebAssembly
6337048,dominikwilkowski/cfonts,False,586,2,66,68,Rust,released,GNU General Public License v3.0,,15,1902,15,8392,2015-01-11T10:27:44,2026-10-04T06:04:09,2026-10-03T08:44:49,37,4,54,1,1792.0,21334.0,2696.0,"[{""codeLines"":4,""blankLines"":0,""language"":""make"",""commentLines"":0},{""codeLines"":249,""blankLines"":56,""language"":""YAML"",""commentLines"":32},{""codeLines"":780,""blankLines"":299,""language"":""Markdown"",""commentLines"":22},{""codeLines"":25,""blankLines"":7,""language"":""HTML"",""commentLines"":0},{""codeLines"":14,""blankLines"":3,""language"":""INI"",""commentLines"":0},{""codeLines"":6363,""blankLines"":909,""language"":""JavaScript"",""commentLines"":1227},{""codeLines"":6159,""blankLines"":0,""language"":""JSON"",""commentLines"":0},{""codeLines"":7700,""blankLines"":512,""language"":""Rust"",""commentLines"":1407},{""codeLines"":40,""blankLines"":6,""language"":""TOML"",""commentLines"":8}]",2025-10-16T08:46:40,1fd8919b782cb8d0980b7b5845ad3fc670e42fba,True,False,False,False,"{""Rust"":628188,""JavaScript"":271394,""HTML"":216193,""Makefile"":150}",bug;dependencies;duplicate;enhancement;feature-request;help wanted;invalid;nodejs;question;rust;wontfix,ansi;ascii;ascii-art;chalk;cli;font;generator;nodejs;sexy;sexy-fonts;shell,v1.0.0,First Release,JavaScript
6407644,greenbone/openvas-scanner,False,6786,88,220,803,Rust,main,GNU General Public License v2.0,https://greenbone.github.io/docs/,92,4850,57,46677,2018-01-22T07:49:57,2026-10-02T12:06:48,2026-10-02T05:53:17,198,6,2166,13,89784.0,972067.0,134861.0,"[{""codeLines"":350,""blankLines"":76,""language"":""SQL"",""commentLines"":37},{""codeLines"":199,""blankLines"":34,""language"":""Go"",""commentLines"":30},{""codeLines"":1243,""blankLines"":409,""language"":""TeX"",""commentLines"":425},{""codeLines"":432,""blankLines"":85,""language"":""Lex"",""commentLines"":151},{""codeLines"":6,""blankLines"":1,""language"":""DOS Batch"",""commentLines"":25},{""codeLines"":1130,""blankLines"":202,""language"":""Perl"",""commentLines"":683},{""codeLines"":394,""blankLines"":71,""language"":""TOML"",""commentLines"":118},{""codeLines"":12,""blankLines"":5,""language"":""JavaScript"",""commentLines"":4},{""codeLines"":48880,""blankLines"":1305,""language"":""Text"",""commentLines"":0},{""codeLines"":2220,""blankLines"":298,""language"":""Yacc"",""commentLines"":302},{""codeLines"":125,""blankLines"":19,""language"":""INI"",""commentLines"":0},{""codeLines"":920,""blankLines"":42,""language"":""HTML"",""commentLines"":7},{""codeLines"":3723,""blankLines"":1730,""language"":""Pascal"",""commentLines"":4090},{""codeLines"":64,""blankLines"":12,""language"":""CSS"",""commentLines"":4},{""codeLines"":308,""blankLines"":94,""language"":""make"",""commentLines"":17},{""codeLines"":53538,""blankLines"":7722,""language"":""C/C++ Header"",""commentLines"":21461},{""codeLines"":33286,""blankLines"":4577,""language"":""Bourne Shell"",""commentLines"":6007},{""codeLines"":7596,""blankLines"":506,""language"":""SVG"",""commentLines"":0},{""codeLines"":58102,""blankLines"":7230,""language"":""Rust"",""commentLines"":6639},{""codeLines"":104,""blankLines"":18,""language"":""Lisp"",""commentLines"":45},{""codeLines"":88,""blankLines"":5,""language"":""Windows Resource File"",""commentLines"":26},{""codeLines"":650,""blankLines"":33,""language"":""Windows Module Definition"",""commentLines"":73},{""codeLines"":338,""blankLines"":50,""language"":""Dockerfile"",""commentLines"":48},{""codeLines"":37,""blankLines"":22,""language"":""Diff"",""commentLines"":92},{""codeLines"":43,""blankLines"":14,""language"":""Fortran 77"",""commentLines"":1},{""codeLines"":1212,""blankLines"":362,""language"":""Assembly"",""commentLines"":67},{""codeLines"":43,""blankLines"":9,""language"":""Bourne Again Shell"",""commentLines"":2},{""codeLines"":6456,""blankLines"":143,""language"":""XML"",""commentLines"":12},{""codeLines"":134,""blankLines"":31,""language"":""C++"",""commentLines"":66},{""codeLines"":234,""blankLines"":28,""language"":""Logos"",""commentLines"":11},{""codeLines"":400321,""blankLines"":0,""language"":""JSON"",""commentLines"":0},{""codeLines"":2565,""blankLines"":441,""language"":""CMake"",""commentLines"":1845},{""codeLines"":3,""blankLines"":1,""language"":""Expect"",""commentLines"":4},{""codeLines"":7198,""blankLines"":605,""language"":""M4"",""commentLines"":684},{""codeLines"":6450,""blankLines"":1731,""language"":""PHP"",""commentLines"":1385},{""codeLines"":13651,""blankLines"":6791,""language"":""Markdown"",""commentLines"":33},{""codeLines"":148,""blankLines"":3,""language"":""C Shell"",""commentLines"":3},{""codeLines"":9207,""blankLines"":1969,""language"":""Python"",""commentLines"":2739},{""codeLines"":4018,""blankLines"":231,""language"":""YAML"",""commentLines"":90},{""codeLines"":306295,""blankLines"":52859,""language"":""C"",""commentLines"":87618},{""codeLines"":344,""blankLines"":20,""language"":""Awk"",""commentLines"":17}]",2026-10-01T01:17:06,9b8abf15c368294dadef29ec9c6a575787287761,False,False,False,False,"{""Rust"":2370791,""C"":1578417,""NASL"":422884,""Yacc"":34673,""CMake"":31774,""Dockerfile"":17558,""Shell"":16786,""Makefile"":12341,""Hurl"":8164,""Go"":5631,""Go Template"":1792,""Smarty"":1792,""Mermaid"":1535,""BitBake"":953,""C++"":333,""HTML"":6,""RenderScript"":1}",automated;bug;dependencies;duplicate;enhancement;general;github_actions;invalid;major_release;minor_release;no_release;patch_release;waiting_major_release;waiting_upstream,c;foo;greenbone;greenbone-community-edition;greenbone-vulnerability-management;gvm;openvas;openvas-scanner;scanner;techops;vulnerability;vulnerability-assessment;vulnerability-detection;vulnerability-management;vulnerability-scanners,v5.1.2,First Release,C
6884472,jely2002/youtube-dl-gui,False,1064,10,38,663,Rust,main,GNU Affero General Public License v3.0,https://jely2002.github.io/youtube-dl-gui/,84,9323,20,215375,2020-04-02T01:27:59,2026-09-28T09:11:53,2026-10-03T05:12:56,619,65,189,19,4373.0,56432.0,302.0,"[{""codeLines"":961,""blankLines"":172,""language"":""YAML"",""commentLines"":16},{""codeLines"":25134,""blankLines"":0,""language"":""JSON"",""commentLines"":0},{""codeLines"":257,""blankLines"":103,""language"":""Markdown"",""commentLines"":0},{""codeLines"":166,""blankLines"":12,""language"":""JavaScript"",""commentLines"":13},{""codeLines"":4,""blankLines"":1,""language"":""Text"",""commentLines"":0},{""codeLines"":8258,""blankLines"":870,""language"":""Vuejs Component"",""commentLines"":19},{""codeLines"":6,""blankLines"":0,""language"":""CSV"",""commentLines"":0},{""codeLines"":14,""blankLines"":5,""language"":""Handlebars"",""commentLines"":0},{""codeLines"":2,""blankLines"":0,""language"":""SVG"",""commentLines"":0},{""codeLines"":109,""blankLines"":11,""language"":""TOML"",""commentLines"":4},{""codeLines"":10916,""blankLines"":1495,""language"":""Rust"",""commentLines"":51},{""codeLines"":51,""blankLines"":9,""language"":""XML"",""commentLines"":0},{""codeLines"":9267,""blankLines"":1406,""language"":""TypeScript"",""commentLines"":56},{""codeLines"":492,""blankLines"":154,""language"":""CSS"",""commentLines"":143},{""codeLines"":795,""blankLines"":135,""language"":""HTML"",""commentLines"":0}]",2026-08-01T05:14:46,c402ee39c0eabab68934c48f8b787ff37a1577b0,True,False,False,False,"{""Rust"":338092,""TypeScript"":324649,""Vue"":297147,""CSS"":3190,""JavaScript"":1613,""NSIS"":1197,""HTML"":537,""Handlebars"":252}",awaiting response;awaiting upstream;bug;can't reproduce;dependencies;documentation;duplicate;enhancement;feature request;invalid;javascript;need more info;priority;question;rust;wontfix,cross-platform-gui;downloader;tailwind;tauri;vue;youtube;youtube-dl;youtube-dl-gui;ytdl,v1.0.0,First Release,Ecmarkup
7471314,oldj/switchhosts,False,1815,3,59,2684,Rust,master,Apache License 2.0,https://switchhosts.app,402,27255,45,37780,2011-09-02T09:38:09,2026-10-04T01:18:18,2026-10-04T02:10:43,843,427,196,0,4124.0,38620.0,3975.0,"[{""codeLines"":9,""blankLines"":0,""language"":""SVG"",""commentLines"":0},{""codeLines"":54,""blankLines"":6,""language"":""TOML"",""commentLines"":14},{""codeLines"":2,""blankLines"":1,""language"":""Text"",""commentLines"":0},{""codeLines"":12,""blankLines"":0,""language"":""HTML"",""commentLines"":0},{""codeLines"":208,""blankLines"":9,""language"":""XML"",""commentLines"":15},{""codeLines"":13704,""blankLines"":1670,""language"":""TypeScript"",""commentLines"":612},{""codeLines"":8912,""blankLines"":0,""language"":""JSON"",""commentLines"":0},{""codeLines"":1500,""blankLines"":264,""language"":""SCSS"",""commentLines"":67},{""codeLines"":737,""blankLines"":121,""language"":""YAML"",""commentLines"":248},{""codeLines"":903,""blankLines"":101,""language"":""JavaScript"",""commentLines"":84},{""codeLines"":256,""blankLines"":139,""language"":""Markdown"",""commentLines"":0},{""codeLines"":1345,""blankLines"":301,""language"":""Sass"",""commentLines"":57},{""codeLines"":10978,""blankLines"":1512,""language"":""Rust"",""commentLines"":2878}]",2026-10-02T08:16:16,09adfa4808d825bc6b4cad709f376180195bfaf5,True,False,False,False,"{""Rust"":576925,""TypeScript"":518833,""Python"":190774,""SCSS"":33671,""JavaScript"":33138,""Less"":30038,""HTML"":268,""Shell"":10}",bug 🐛;dependencies;discussion;duplicate;feature request;in progress;javascript;rust;todo;won't fix,electron;hosts;hostseditor;hostsfile;switch-hosts;switchhosts,v3.0.0,First Release,Python
7791649,facebook/relay,False,11749,178,92,1892,Rust,main,MIT License,https://relay.dev,326,18965,294,7357908,2015-08-10T10:09:16,2026-10-03T02:37:13,2026-10-04T03:42:46,2391,638,2995,227,75706.0,605446.0,100148.0,"[{""codeLines"":333383,""blankLines"":26806,""language"":""JavaScript"",""commentLines"":80311},{""codeLines"":26,""blankLines"":13,""language"":""Bourne Shell"",""commentLines"":26},{""codeLines"":177,""blankLines"":26,""language"":""Flatbuffers"",""commentLines"":6},{""codeLines"":148085,""blankLines"":16495,""language"":""Rust"",""commentLines"":15384},{""codeLines"":49,""blankLines"":0,""language"":""SVG"",""commentLines"":1},{""codeLines"":1217,""blankLines"":210,""language"":""TOML"",""commentLines"":53},{""codeLines"":25493,""blankLines"":3531,""language"":""GraphQL"",""commentLines"":1953},{""codeLines"":254,""blankLines"":29,""language"":""Text"",""commentLines"":0},{""codeLines"":492,""blankLines"":34,""language"":""YAML"",""commentLines"":57},{""codeLines"":82650,""blankLines"":27207,""language"":""Markdown"",""commentLines"":15},{""codeLines"":6173,""blankLines"":5,""language"":""JSON"",""commentLines"":0},{""codeLines"":4481,""blankLines"":908,""language"":""TypeScript"",""commentLines"":2218},{""codeLines"":33,""blankLines"":11,""language"":""Python"",""commentLines"":14},{""codeLines"":2123,""blankLines"":431,""language"":""CSS"",""commentLines"":108},{""codeLines"":810,""blankLines"":0,""language"":""HTML"",""commentLines"":2}]",2026-10-03T02:27:23,697f1d9fd80f7b2fe5e91796d59f22de14d62fa8,True,False,False,False,"{""Rust"":7000113,""JavaScript"":4096834,""MDX"":1868580,""HTML"":103086,""CSS"":45015,""TypeScript"":36216,""Shell"":2031,""Python"":1724}",Fix CI Skill;announcement;bug;chore;cla signed;dependencies;discussion;do-not-reap;docs;duplicate;enhancement;fb-exported;fh:direct-merge-enabled;fixready;gh review: accepted;gh review: needs-revision;gh review: review-needed;good first bug;help wanted;import started;inprogress;invalid;javascript;legacy-core-api;merged;meta-exported;mutations;new-core-api;pinned;project;question;reverted;rust;shared with relay team;typescript;windows;wontfix,,v0.1.0,First Release,JavaScript
7913729,cube-js/cube.js,False,6853,393,781,1507,Rust,master,Other,https://cube.dev,152,14582,254,239408,2018-09-16T06:58:46,2023-02-18T08:26:58,2023-02-19T05:58:35,1709,412,4464,284,169617.0,477363.0,17540.0,"[{""codeLines"":1590,""blankLines"":3,""language"":""SVG"",""commentLines"":8},{""codeLines"":3129,""blankLines"":523,""language"":""Sass"",""commentLines"":33},{""codeLines"":32,""blankLines"":0,""language"":""XML"",""commentLines"":0},{""codeLines"":1011,""blankLines"":132,""language"":""JSX"",""commentLines"":26},{""codeLines"":1113,""blankLines"":114,""language"":""ANTLR Grammar"",""commentLines"":137},{""codeLines"":443,""blankLines"":49,""language"":""TOML"",""commentLines"":11},{""codeLines"":848,""blankLines"":210,""language"":""Dockerfile"",""commentLines"":108},{""codeLines"":10382,""blankLines"":17,""language"":""JSON"",""commentLines"":0},{""codeLines"":170,""blankLines"":17,""language"":""Jinja Template"",""commentLines"":2},{""codeLines"":726,""blankLines"":256,""language"":""Bourne Shell"",""commentLines"":67},{""codeLines"":2306,""blankLines"":226,""language"":""HTML"",""commentLines"":351},{""codeLines"":31096,""blankLines"":91,""language"":""SQL"",""commentLines"":29},{""codeLines"":2294,""blankLines"":390,""language"":""CSS"",""commentLines"":30},{""codeLines"":137348,""blankLines"":13367,""language"":""Rust"",""commentLines"":4012},{""codeLines"":76458,""blankLines"":7453,""language"":""JavaScript"",""commentLines"":3530},{""codeLines"":297,""blankLines"":254,""language"":""Handlebars"",""commentLines"":8},{""codeLines"":1324,""blankLines"":114,""language"":""Vuejs Component"",""commentLines"":8},{""codeLines"":11,""blankLines"":1,""language"":""Diff"",""commentLines"":7},{""codeLines"":72,""blankLines"":54,""language"":""Protocol Buffers"",""commentLines"":201},{""codeLines"":6782,""blankLines"":491,""language"":""YAML"",""commentLines"":231},{""codeLines"":101793,""blankLines"":133019,""language"":""Markdown"",""commentLines"":0},{""codeLines"":418,""blankLines"":47,""language"":""GraphQL"",""commentLines"":0},{""codeLines"":97392,""blankLines"":12680,""language"":""TypeScript"",""commentLines"":8678},{""codeLines"":94,""blankLines"":21,""language"":""Less"",""commentLines"":10},{""codeLines"":234,""blankLines"":88,""language"":""Python"",""commentLines"":53}]",2023-02-18T06:15:03,be362556ba6f869dfef38d1f4a2e5ddfdaed1901,False,False,False,False,"{""Rust"":5162588,""TypeScript"":3087233,""JavaScript"":1020296,""Dockerfile"":34366,""ANTLR"":33136,""Handlebars"":6165,""CSS"":4682,""HTML"":4225,""Shell"":3357,""Less"":530}",backend:cli;backend:cube-store;backend:cubesql;backend:graphql-api;backend:pre-aggregations;backend:server;backend:serverless-aws;backend:serverless-gcp;backend:sql-api;bug;client:core;client:ngx;client:playground;client:react;client:vue;community supported;community supported driver;database driver;dependencies;docker;docs;driver:athena;driver:bigquery;driver:clickhouse;driver:crate;driver:dremio;driver:druid;driver:elasticsearch;driver:firebolt;driver:hive;driver:mongobi;driver:mssql;driver:mysql;driver:mysql-aurora-serverless;driver:oracle;driver:postgres;driver:prestodb;driver:questdb;driver:redshift;driver:snowflake;driver:sqlite;duplicate;enhancement;epic;examples;good first issue;helm charts;help wanted;javascript;logged;pr:community;question;recipe;reviewed;roadmap: 2020 q4;roadmap: 2021 q1;roadmap: 2021 q2;roadmap: 2021 q3;roadmap: 2021 q4;roadmap: 2022 q1;roadmap: 2022 q2;roadmap: 2022 q3;roadmap: 2022 q4;roadmap: 2024 q1;rust;security,,v0.3.5-alpha.0,First Release,JavaScript
9433810,auburn/fastnoiselite,False,302,4,13,370,Rust,master,MIT License,http://auburn.github.io/FastNoiseLite/,62,3441,30,1876,2016-03-28T02:35:12,2026-06-21T07:35:59,2026-06-23T05:30:35,104,20,71,7,5759.0,33036.0,3179.0,"[{""codeLines"":1904,""blankLines"":367,""language"":""C#"",""commentLines"":235},{""codeLines"":24,""blankLines"":2,""language"":""TOML"",""commentLines"":0},{""codeLines"":1768,""blankLines"":338,""language"":""HLSL"",""commentLines"":218},{""codeLines"":1874,""blankLines"":544,""language"":""Fortran 90"",""commentLines"":224},{""codeLines"":1975,""blankLines"":310,""language"":""Go"",""commentLines"":179},{""codeLines"":2566,""blankLines"":331,""language"":""TypeScript"",""commentLines"":277},{""codeLines"":83,""blankLines"":0,""language"":""JSON"",""commentLines"":0},{""codeLines"":1775,""blankLines"":320,""language"":""GLSL"",""commentLines"":162},{""codeLines"":8,""blankLines"":7,""language"":""DOS Batch"",""commentLines"":0},{""codeLines"":2020,""blankLines"":350,""language"":""Java"",""commentLines"":239},{""codeLines"":49,""blankLines"":21,""language"":""CMake"",""commentLines"":6},{""codeLines"":2486,""blankLines"":451,""language"":""PowerShell"",""commentLines"":75},{""codeLines"":495,""blankLines"":88,""language"":""C++"",""commentLines"":27},{""codeLines"":137,""blankLines"":20,""language"":""YAML"",""commentLines"":10},{""codeLines"":3835,""blankLines"":739,""language"":""C/C++ Header"",""commentLines"":453},{""codeLines"":1957,""blankLines"":355,""language"":""Haxe"",""commentLines"":115},{""codeLines"":2032,""blankLines"":347,""language"":""Pascal"",""commentLines"":187},{""codeLines"":36,""blankLines"":3,""language"":""MSBuild script"",""commentLines"":0},{""codeLines"":1548,""blankLines"":270,""language"":""Zig"",""commentLines"":165},{""codeLines"":1916,""blankLines"":7,""language"":""JavaScript"",""commentLines"":178},{""codeLines"":467,""blankLines"":164,""language"":""Markdown"",""commentLines"":0},{""codeLines"":1654,""blankLines"":326,""language"":""Odin"",""commentLines"":148},{""codeLines"":2427,""blankLines"":399,""language"":""Rust"",""commentLines"":281}]",2026-06-21T07:35:59,785f37a9ad76e283586a379675085f2063ae03f7,True,False,False,False,"{""Rust"":132108,""JavaScript"":131171,""C++"":130752,""TypeScript"":128291,""PowerShell"":125554,""Fortran"":114308,""Java"":112198,""Zig"":111811,""C#"":107545,""Game Maker Language"":103486,""Pascal"":103239,""C"":101633,""HLSL"":99005,""GLSL"":98037,""Odin"":87153,""Haxe"":85471,""Go"":80638,""CMake"":2048,""Batchfile"":592}",bug;duplicate;enhancement;help wanted;hlsl;invalid;question;wontfix,cellular-noise;cubic-noise;fractal-algorithms;hacktoberfest;noise;noise-2d;noise-3d;noise-algorithms;noise-generator;noise-library;perlin;perlin-noise;procedural;procedural-generation;shader;simplex;simplex-algorithm;terrain-generation;voronoi,0.2,First Release,C++
11580480,seadve/kooha,False,2327,6,24,101,Rust,main,GNU General Public License v3.0,,13,3524,19,6463,2021-03-04T08:45:11,2026-10-02T09:23:08,2026-10-03T06:39:35,301,90,64,9,9655.0,23033.0,14312.0,"[{""codeLines"":12932,""blankLines"":8482,""language"":""PO File"",""commentLines"":14085},{""codeLines"":17,""blankLines"":1,""language"":""Bourne Shell"",""commentLines"":8},{""codeLines"":231,""blankLines"":22,""language"":""Meson"",""commentLines"":9},{""codeLines"":5453,""blankLines"":1071,""language"":""Rust"",""commentLines"":158},{""codeLines"":3368,""blankLines"":0,""language"":""SVG"",""commentLines"":0},{""codeLines"":40,""blankLines"":4,""language"":""TOML"",""commentLines"":2},{""codeLines"":151,""blankLines"":14,""language"":""YAML"",""commentLines"":8},{""codeLines"":10,""blankLines"":0,""language"":""Text"",""commentLines"":0},{""codeLines"":134,""blankLines"":55,""language"":""Markdown"",""commentLines"":36},{""codeLines"":45,""blankLines"":0,""language"":""JSON"",""commentLines"":0},{""codeLines"":29,""blankLines"":6,""language"":""CSS"",""commentLines"":0},{""codeLines"":599,""blankLines"":0,""language"":""Qt"",""commentLines"":6},{""codeLines"":24,""blankLines"":0,""language"":""XML"",""commentLines"":0}]",2026-10-02T09:23:05,247bd25579538035d9a87bfdf582258767d673c5,True,False,False,False,"{""Rust"":210527,""Python"":40801,""Meson"":6691,""Shell"":1100,""CSS"":558}",bug;documentation;duplicate;enhancement;good first issue;hacktoberfest-accepted;help wanted;invalid;needs design;needs info;out of scope;packaging;upstream bug;wontfix,gnome;gstreamer;gtk-rs;gtk4;gtk4-rs;linux;rust;screen-recorder;video-recording;wayland,v1.0.0,First Release,Python
14599628,egebalci/sgn,False,43,2,5,248,Rust,master,MIT License,,27,1995,4,3675,2019-10-30T10:20:01,2026-07-28T10:08:59,2026-08-02T04:28:09,21,1,6,0,497.0,6168.0,501.0,"[{""codeLines"":25,""blankLines"":4,""language"":""Dockerfile"",""commentLines"":0},{""codeLines"":111,""blankLines"":29,""language"":""Bourne Shell"",""commentLines"":6},{""codeLines"":120,""blankLines"":37,""language"":""Markdown"",""commentLines"":0},{""codeLines"":29,""blankLines"":3,""language"":""make"",""commentLines"":4},{""codeLines"":4205,""blankLines"":218,""language"":""Go"",""commentLines"":174},{""codeLines"":91,""blankLines"":15,""language"":""YAML"",""commentLines"":1},{""codeLines"":1256,""blankLines"":181,""language"":""Rust"",""commentLines"":291},{""codeLines"":294,""blankLines"":0,""language"":""SVG"",""commentLines"":0},{""codeLines"":37,""blankLines"":10,""language"":""TOML"",""commentLines"":25}]",2026-07-28T10:08:53,d914ab298fce978fb334b959f2310a2d055e5465,True,False,False,False,"{""Go"":86539,""Rust"":56404,""Shell"":3100,""Makefile"":1594,""Dockerfile"":746}",bug;documentation;duplicate;enhancement;good first issue;help wanted;invalid;question;wontfix,,v1.0-stable,First Release,Go
14621391,spieglt/flyingcarpet,False,310,13,18,256,Rust,main,GNU General Public License v3.0,,43,5322,2,68008,2017-07-30T11:59:30,2026-09-18T04:19:08,2026-09-20T07:23:41,118,10,26,4,3113.0,21749.0,4753.0,"[{""codeLines"":2784,""blankLines"":393,""language"":""Kotlin"",""commentLines"":1671},{""codeLines"":302,""blankLines"":42,""language"":""Java"",""commentLines"":187},{""codeLines"":66,""blankLines"":21,""language"":""DOS Batch"",""commentLines"":2},{""codeLines"":0,""blankLines"":3,""language"":""ProGuard"",""commentLines"":18},{""codeLines"":19,""blankLines"":5,""language"":""Objective-C"",""commentLines"":6},{""codeLines"":81,""blankLines"":15,""language"":""HTML"",""commentLines"":12},{""codeLines"":33,""blankLines"":5,""language"":""CSS"",""commentLines"":5},{""codeLines"":2226,""blankLines"":74,""language"":""XML"",""commentLines"":24},{""codeLines"":444,""blankLines"":0,""language"":""JSON"",""commentLines"":0},{""codeLines"":64,""blankLines"":6,""language"":""Gradle"",""commentLines"":4},{""codeLines"":6131,""blankLines"":586,""language"":""Rust"",""commentLines"":1335},{""codeLines"":4624,""blankLines"":760,""language"":""Swift"",""commentLines"":1206},{""codeLines"":76,""blankLines"":9,""language"":""TOML"",""commentLines"":14},{""codeLines"":3632,""blankLines"":932,""language"":""Markdown"",""commentLines"":0},{""codeLines"":4,""blankLines"":4,""language"":""C/C++ Header"",""commentLines"":6},{""codeLines"":18,""blankLines"":0,""language"":""Properties"",""commentLines"":20},{""codeLines"":126,""blankLines"":23,""language"":""Bourne Shell"",""commentLines"":36},{""codeLines"":132,""blankLines"":102,""language"":""Text"",""commentLines"":0},{""codeLines"":13,""blankLines"":1,""language"":""YAML"",""commentLines"":1},{""codeLines"":974,""blankLines"":132,""language"":""JavaScript"",""commentLines"":206}]",2026-09-18T04:13:01,ae1ca27f749a6ccbb24cc3bf3e9701668c4e08f2,True,False,False,False,"{""Rust"":338867,""Swift"":288707,""Kotlin"":230570,""Go"":78873,""JavaScript"":59557,""C++"":32140,""Java"":16746,""HTML"":6719,""PowerShell"":1157,""Objective-C"":1104,""Shell"":870,""CSS"":583,""C"":540,""Batchfile"":37}",bug;dependencies;duplicate;enhancement;help wanted;invalid;question;rust;wontfix,android;bluetooth;bluetooth-low-energy;cross-platform;f-droid;fdroid;file-transfer;ios;kotlin;linux;macos;rust;tauri;windows;wireless,v6.0,First Release,Go
14660142,hahwul/jwt-hack,False,722,15,20,131,Rust,main,MIT License,http://jwt-hack.hahwul.com/,16,1085,15,3336,2020-07-02T04:17:09,2026-10-04T12:08:15,2026-10-04T12:08:18,48,0,263,0,3709.0,25795.0,2891.0,"[{""codeLines"":254,""blankLines"":42,""language"":""Crystal"",""commentLines"":50},{""codeLines"":18135,""blankLines"":2336,""language"":""Rust"",""commentLines"":2556},{""codeLines"":157,""blankLines"":42,""language"":""TOML"",""commentLines"":48},{""codeLines"":20,""blankLines"":0,""language"":""Text"",""commentLines"":0},{""codeLines"":668,""blankLines"":26,""language"":""YAML"",""commentLines"":55},{""codeLines"":1993,""blankLines"":92,""language"":""CSS"",""commentLines"":108},{""codeLines"":640,""blankLines"":37,""language"":""HTML"",""commentLines"":7},{""codeLines"":45,""blankLines"":0,""language"":""SVG"",""commentLines"":0},{""codeLines"":651,""blankLines"":115,""language"":""Go"",""commentLines"":61},{""codeLines"":136,""blankLines"":13,""language"":""JavaScript"",""commentLines"":0},{""codeLines"":3074,""blankLines"":991,""language"":""Markdown"",""commentLines"":1},{""codeLines"":22,""blankLines"":15,""language"":""Dockerfile"",""commentLines"":5}]",2026-10-04T12:08:13,d5486e724ba4bf8714961fd9d7ba33261df574f2,False,False,False,False,"{""Rust"":840486,""Go"":20041,""Crystal"":10763,""Just"":1526,""Shell"":1339,""Dockerfile"":895}",bug;dependencies;docker;documentation;duplicate;enhancement;github_actions;go;good first issue;help wanted;invalid;question;rust;security;wontfix,bugbounty;cracking;hacking;hacktoberfest;jwt;payload-generator;security;testing-tools;tool,v1.0.0,First Release,Go
15649218,yomorun/yomo,False,185,3,153,150,Rust,main,,https://yomo.run,41,1929,3,69897,2020-07-01T05:48:28,2026-09-29T07:45:08,2026-10-04T02:29:32,75,0,1185,0,2541.0,18430.0,4247.0,"[{""codeLines"":84,""blankLines"":19,""language"":""make"",""commentLines"":0},{""codeLines"":39,""blankLines"":14,""language"":""Zig"",""commentLines"":34},{""codeLines"":16962,""blankLines"":2256,""language"":""Rust"",""commentLines"":4173},{""codeLines"":1,""blankLines"":0,""language"":""SVG"",""commentLines"":0},{""codeLines"":109,""blankLines"":27,""language"":""Bourne Shell"",""commentLines"":11},{""codeLines"":261,""blankLines"":15,""language"":""JavaScript"",""commentLines"":10},{""codeLines"":181,""blankLines"":31,""language"":""YAML"",""commentLines"":0},{""codeLines"":142,""blankLines"":59,""language"":""Markdown"",""commentLines"":0},{""codeLines"":28,""blankLines"":6,""language"":""CSS"",""commentLines"":0},{""codeLines"":11,""blankLines"":3,""language"":""Bourne Again Shell"",""commentLines"":7},{""codeLines"":13,""blankLines"":3,""language"":""HTML"",""commentLines"":0},{""codeLines"":56,""blankLines"":1,""language"":""TOML"",""commentLines"":0},{""codeLines"":36,""blankLines"":11,""language"":""C"",""commentLines"":3},{""codeLines"":246,""blankLines"":50,""language"":""Go"",""commentLines"":6},{""codeLines"":219,""blankLines"":35,""language"":""TypeScript"",""commentLines"":3},{""codeLines"":27,""blankLines"":0,""language"":""JSON"",""commentLines"":0},{""codeLines"":15,""blankLines"":11,""language"":""Dockerfile"",""commentLines"":0}]",2026-09-29T07:45:05,036aee1e3e3ea1b25c5f9fdb5d67752129fe2377,False,False,False,False,"{""Rust"":785669,""Go Template"":17643,""TypeScript"":6553,""Go"":5900,""Makefile"":4062,""Shell"":3632,""Zig"":3369,""C"":1305,""Dockerfile"":750}",bug;ci;dependencies;doc;duplicate;feat;feat/cli;feat/codec;feat/connector;feat/frame;feat/log;feat/mesh;feat/quic;feat/rx;feat/serverless;feat/stream;feat/zipper;github_actions;go;good first issue;help wanted;integration;kb;llm-providers;merge later;refactor;size/l;size/m;size/s;size/xs;size/xxl;srv/dev;typescript;use case,a2a-protocol;agent-framework;claude-code;distributed-cloud;function-calling;geodistributedsystems;managed-skills;mcp;openai;quic;realtime;serverless;skills;yomo,v0.1.1,First Release,Go
15960730,seadve/mousai,False,1899,10,30,57,Rust,main,GNU General Public License v3.0,,5,1221,20,12081,2021-03-29T05:23:41,2026-09-26T05:51:33,2026-09-30T05:54:16,133,32,51,2,11184.0,31054.0,15119.0,"[{""codeLines"":1165,""blankLines"":0,""language"":""Qt"",""commentLines"":2},{""codeLines"":44,""blankLines"":0,""language"":""JSON"",""commentLines"":0},{""codeLines"":42,""blankLines"":5,""language"":""TOML"",""commentLines"":1},{""codeLines"":62,""blankLines"":7,""language"":""YAML"",""commentLines"":3},{""codeLines"":10,""blankLines"":0,""language"":""Text"",""commentLines"":0},{""codeLines"":26,""blankLines"":0,""language"":""XML"",""commentLines"":0},{""codeLines"":17,""blankLines"":1,""language"":""Bourne Shell"",""commentLines"":8},{""codeLines"":104,""blankLines"":52,""language"":""Markdown"",""commentLines"":40},{""codeLines"":16684,""blankLines"":9219,""language"":""PO File"",""commentLines"":14767},{""codeLines"":234,""blankLines"":23,""language"":""Meson"",""commentLines"":9},{""codeLines"":9298,""blankLines"":1845,""language"":""Rust"",""commentLines"":281},{""codeLines"":3254,""blankLines"":0,""language"":""SVG"",""commentLines"":0},{""codeLines"":114,""blankLines"":32,""language"":""CSS"",""commentLines"":8}]",2026-09-26T05:51:30,4c3658e037c5b3cd3af1b61a8bb63fc621fa0b82,True,False,False,False,"{""Rust"":469291,""Python"":24791,""Meson"":6870,""CSS"":3315,""Shell"":1100}",bug;documentation;duplicate;enhancement;good first issue;help wanted;invalid;needs design;needs information;not mousai;question;wontfix,gnome;gtk;gtk-rs;linux;shazam-like,v0.2.0,First Release,Python
16166400,hahwul/dalfox,False,3153,7,80,569,Rust,main,MIT License,https://dalfox.hahwul.com,53,5312,49,131584,2020-04-12T07:04:10,2026-10-04T08:52:12,2026-10-04T08:52:14,478,1,993,0,15034.0,134155.0,25440.0,"[{""codeLines"":236,""blankLines"":0,""language"":""SVG"",""commentLines"":0},{""codeLines"":46,""blankLines"":6,""language"":""Text"",""commentLines"":0},{""codeLines"":85142,""blankLines"":8365,""language"":""Rust"",""commentLines"":20978},{""codeLines"":52,""blankLines"":18,""language"":""Sass"",""commentLines"":1},{""codeLines"":135,""blankLines"":21,""language"":""Nix"",""commentLines"":63},{""codeLines"":2461,""blankLines"":0,""language"":""JSON"",""commentLines"":0},{""codeLines"":1581,""blankLines"":51,""language"":""JavaScript"",""commentLines"":42},{""codeLines"":5625,""blankLines"":965,""language"":""Crystal"",""commentLines"":1836},{""codeLines"":9599,""blankLines"":1097,""language"":""TOML"",""commentLines"":512},{""codeLines"":8443,""blankLines"":2539,""language"":""Markdown"",""commentLines"":4},{""codeLines"":128,""blankLines"":35,""language"":""Ruby"",""commentLines"":24},{""codeLines"":888,""blankLines"":40,""language"":""YAML"",""commentLines"":139},{""codeLines"":17,""blankLines"":1,""language"":""SCSS"",""commentLines"":0},{""codeLines"":22,""blankLines"":15,""language"":""Dockerfile"",""commentLines"":5},{""codeLines"":9,""blankLines"":0,""language"":""XML"",""commentLines"":0},{""codeLines"":16321,""blankLines"":1801,""language"":""Go"",""commentLines"":1341},{""codeLines"":8,""blankLines"":1,""language"":""Bourne Shell"",""commentLines"":4},{""codeLines"":582,""blankLines"":0,""language"":""HTML"",""commentLines"":277},{""codeLines"":2860,""blankLines"":79,""language"":""CSS"",""commentLines"":214}]",2026-10-04T08:52:10,9d0552b440d50793b5780f000c0137ff2c859a8f,False,False,False,False,"{""Rust"":5417870,""Go"":583341,""Crystal"":337634,""Ruby"":3154,""Nix"":2793,""Just"":1557,""Shell"":1235,""Dockerfile"":891}",bug;dependencies;develope;docker;documentation;duplicate;enhancement;exception;false positive;feature request;github_actions;good first issue;help wanted;idea;improve;invalid;packaging;question;refactor;rust;tech-debt;v2;v3;wontfix,bugbounty;bugbounty-tool;devsecops;hacktoberfest;rust;security;xss;xss-scanner,v1.0.0,First Release,Go
19508851,influxdata/influxdb,False,49927,413,107,3716,Rust,main,Apache License 2.0,https://influxdata.com,701,31759,314,214682,2013-09-26T02:31:10,2026-10-03T01:01:11,2026-10-03T10:02:36,14275,2068,12872,99,101138.0,704189.0,80551.0,"[{""codeLines"":493,""blankLines"":0,""language"":""SVG"",""commentLines"":73},{""codeLines"":2910,""blankLines"":408,""language"":""TOML"",""commentLines"":254},{""codeLines"":331,""blankLines"":57,""language"":""Bourne Again Shell"",""commentLines"":76},{""codeLines"":10,""blankLines"":3,""language"":""INI"",""commentLines"":0},{""codeLines"":223,""blankLines"":14,""language"":""HTML"",""commentLines"":0},{""codeLines"":500,""blankLines"":61,""language"":""Text"",""commentLines"":0},{""codeLines"":2528,""blankLines"":527,""language"":""Python"",""commentLines"":429},{""codeLines"":1368,""blankLines"":7,""language"":""JSON"",""commentLines"":0},{""codeLines"":372286,""blankLines"":55419,""language"":""Go"",""commentLines"":30840},{""codeLines"":126,""blankLines"":34,""language"":""Dockerfile"",""commentLines"":23},{""codeLines"":10,""blankLines"":3,""language"":""make"",""commentLines"":0},{""codeLines"":298,""blankLines"":32,""language"":""Java"",""commentLines"":15},{""codeLines"":82,""blankLines"":4,""language"":""Diff"",""commentLines"":150},{""codeLines"":96,""blankLines"":18,""language"":""HCL"",""commentLines"":0},{""codeLines"":1574,""blankLines"":0,""language"":""AnsProlog"",""commentLines"":0},{""codeLines"":1,""blankLines"":0,""language"":""SQL"",""commentLines"":0},{""codeLines"":1723,""blankLines"":632,""language"":""Markdown"",""commentLines"":76},{""codeLines"":2776,""blankLines"":997,""language"":""Protocol Buffers"",""commentLines"":1988},{""codeLines"":315294,""blankLines"":42775,""language"":""Rust"",""commentLines"":46268},{""codeLines"":467,""blankLines"":83,""language"":""Bourne Shell"",""commentLines"":109},{""codeLines"":1093,""blankLines"":64,""language"":""YAML"",""commentLines"":250}]",2026-09-18T01:43:20,06200ef96ba82c5f6727e5038a83af8e722c6875,False,False,False,False,"{""Rust"":14365852,""Go"":12630772,""Answer Set Programming"":346065,""Python"":149758,""Linear Programming"":116415,""FLUX"":43865,""Shell"":34415,""Java"":19716,""HTML"":9508,""PLpgSQL"":8556,""Dockerfile"":3910,""HCL"":2156,""Makefile"":385}",1.12;1.8.3-maybe;1.x;analytics;arch/arm;area/2.x;area/api;area/api-docs;area/auth;area/backup and restore;area/build;area/c2;area/changelog;area/cli;area/client;area/clockface;area/collectd;area/compat-v1x;area/configuration;area/continuous queries;area/data ingestion;area/docker;area/documentation;area/error handling;area/eventing;area/feature flags;area/flux;area/functions;area/graphite;area/growth;area/http;area/influxql;area/line protocol;area/logging;area/memory;area/meta queries;area/meta service;area/metadata;area/metrics;area/notebooks;area/notifications;area/packaging;area/parsing;area/performance;area/queries;area/replications;area/retention policies;area/scrapers;area/stats;area/storage;area/subqueries;area/subscriptions;area/tasks;area/templates;area/tests;area/tooling;area/tsi;area/tsm;area/udp;area/ui;area/vis;area/wal;area/writes;blocked;blocked-on/external;blocking release;blocking/release/beta;bonitoo/testing;breaking change;browser/firefox;browser/safari;cd;chronograf;community-pr;cypress;dependencies;difficulty/high;difficulty/low;difficulty/medium;do not merge;duplicate;epic;epic/multi-user;epic/perf-prototyping;flaky test;flux-authoring;flux/triaged;freefriday;go;good-first-issue;growth;hacktoberfest-accepted;help wanted;in progress;internal;internal/bug-bash;kind/bug;kind/enhancement;kind/feature;kind/feature-request;kind/perf;kind/refactor;kind/tech-debt;lighthouse;monaco;monitoring-and-alerting;need more info;needs repro;needs upgrade;needs-backport/1.5;needs-backport/1.6;needs-backport/1.7;needs-backport/1.8;needs/more-info;not-a-story;oom;os/darwin;os/linux;os/windows;panic;pending;platform divergence;pm/consumability;pm/core capability;pm/enterprise readiness;pm/extensibility;pm/review;post-sprint-add;proposal;proposed;qol;quick;rc-bugs;ready;regression;review;revisit in the future;rfc;rust;security;security/medium;security/misc;security/negligible;selenium/nightly;severity/sev-0;severity/sev-1;severity/sev-2;severity/sev-3;severity/sev-4;skipped-tests;stability;status/long-term;storage/community;support;team/api;team/apps;team/compute;team/design;team/dumplings;team/edge;team/qa;team/query;team/reliability;team/storage;team/storage-nottracked;team/storage/wont-fix;team/ui;team/unity;team/user-tools;testing;transpiler;ui/design-polish;ui/needs-discussion;ux;v2-prod-bug;v2-prod-bug-reviewed;v3;v3-data-explorer;v3-enterprise;v3-processing-engine;v3/core;waiting/investigation;wontfix;work in progress,database;go;influxdb;metrics;monitoring;react;rust;time-series,v0.4.1,First Release,Go
23565825,wormtql/genshin_artifact,False,779,9,0,109,Rust,main,MIT License,https://www.mona-uranai.com/,9,1229,18,48284,2020-11-11T10:46:39,2025-05-05T07:37:48,2025-05-05T12:22:24,267,88,85,4,15029.0,97057.0,7562.0,"[{""codeLines"":130,""blankLines"":23,""language"":""YAML"",""commentLines"":37},{""codeLines"":490,""blankLines"":189,""language"":""Markdown"",""commentLines"":57},{""codeLines"":10382,""blankLines"":4419,""language"":""JavaScript"",""commentLines"":1582},{""codeLines"":69985,""blankLines"":7949,""language"":""Rust"",""commentLines"":4466},{""codeLines"":104,""blankLines"":25,""language"":""Sass"",""commentLines"":8},{""codeLines"":11,""blankLines"":5,""language"":""Python"",""commentLines"":0},{""codeLines"":33,""blankLines"":6,""language"":""CSS"",""commentLines"":12},{""codeLines"":162,""blankLines"":20,""language"":""TOML"",""commentLines"":14},{""codeLines"":64,""blankLines"":10,""language"":""Mustache"",""commentLines"":0},{""codeLines"":111,""blankLines"":58,""language"":""Pest"",""commentLines"":8},{""codeLines"":197,""blankLines"":34,""language"":""HTML"",""commentLines"":2},{""codeLines"":93,""blankLines"":25,""language"":""SCSS"",""commentLines"":19},{""codeLines"":14,""blankLines"":2,""language"":""Dockerfile"",""commentLines"":0},{""codeLines"":11817,""blankLines"":1799,""language"":""Vuejs Component"",""commentLines"":1097},{""codeLines"":3206,""blankLines"":464,""language"":""TypeScript"",""commentLines"":260},{""codeLines"":258,""blankLines"":1,""language"":""JSON"",""commentLines"":0}]",2025-05-05T07:37:05,ca32cf53cc4dc0484f0c2fea56bfb49d0946dce0,True,False,False,False,"{""Rust"":3338992,""JavaScript"":454469,""Vue"":413482,""TypeScript"":104525,""HTML"":5547,""SCSS"":2239,""Mustache"":1455,""CSS"":867,""Dockerfile"":412,""Python"":259}",bug;documentation;duplicate;enhancement;feature_request :factory:;good first issue;help wanted;invalid;question;wontfix,genshin-impact;rust;vue;wasm;webassembly,f7b306ceaac816127ac4dcec309584327d293a31,10% Commit (77/779),Vue
23908469,julialang/juliaup,False,2453,29,308,116,Rust,main,MIT License,,24,1308,63,5636,2020-06-19T08:40:50,2026-10-03T05:16:37,2026-10-03T05:12:47,646,224,981,39,2755.0,34679.0,1400.0,"[{""codeLines"":14876,""blankLines"":2092,""language"":""Rust"",""commentLines"":1095},{""codeLines"":178,""blankLines"":46,""language"":""DOS Batch"",""commentLines"":5},{""codeLines"":106,""blankLines"":38,""language"":""WiX source"",""commentLines"":17},{""codeLines"":66,""blankLines"":7,""language"":""PowerShell"",""commentLines"":0},{""codeLines"":322,""blankLines"":69,""language"":""TOML"",""commentLines"":23},{""codeLines"":525,""blankLines"":102,""language"":""Bourne Shell"",""commentLines"":101},{""codeLines"":296,""blankLines"":63,""language"":""Julia"",""commentLines"":17},{""codeLines"":15460,""blankLines"":55,""language"":""JSON"",""commentLines"":0},{""codeLines"":353,""blankLines"":18,""language"":""XML"",""commentLines"":43},{""codeLines"":2024,""blankLines"":71,""language"":""YAML"",""commentLines"":98},{""codeLines"":473,""blankLines"":194,""language"":""Markdown"",""commentLines"":1}]",2026-10-03T05:12:41,3835e6dcfdd9233ebe9fcd35d7455e591e334f95,True,False,False,False,"{""Rust"":684127,""Shell"":23998,""C++"":16033,""Julia"":13807,""Batchfile"":6638,""PowerShell"":4222,""C"":1132}",breaking;crash report;dependencies;do not merge;documentation;duplicate;feature request;github_actions;good first issue;gui;help wanted;invalid;macos;merge me;needs more info;no changelog;rust;upstream;wontfix,,v1.0.39.0,First Release,Julia
24998046,monosans/proxy-scraper-checker,False,2305,1,0,280,Rust,main,MIT License,,23,1332,7,4359,2021-04-29T08:04:52,2026-10-04T12:11:41,2026-10-04T12:11:45,64,0,1440,0,678.0,38178.0,724.0,"[{""codeLines"":593,""blankLines"":6,""language"":""YAML"",""commentLines"":84},{""codeLines"":256,""blankLines"":37,""language"":""PowerShell"",""commentLines"":73},{""codeLines"":125,""blankLines"":62,""language"":""Markdown"",""commentLines"":0},{""codeLines"":413,""blankLines"":67,""language"":""Bourne Shell"",""commentLines"":179},{""codeLines"":149,""blankLines"":0,""language"":""JSON"",""commentLines"":0},{""codeLines"":61,""blankLines"":28,""language"":""Dockerfile"",""commentLines"":2},{""codeLines"":507,""blankLines"":99,""language"":""Python"",""commentLines"":241},{""codeLines"":344,""blankLines"":61,""language"":""TOML"",""commentLines"":138},{""codeLines"":2491,""blankLines"":317,""language"":""Rust"",""commentLines"":4},{""codeLines"":3,""blankLines"":0,""language"":""DOS Batch"",""commentLines"":0},{""codeLines"":1,""blankLines"":0,""language"":""JavaScript"",""commentLines"":3},{""codeLines"":23,""blankLines"":1,""language"":""INI"",""commentLines"":0},{""codeLines"":33212,""blankLines"":0,""language"":""Text"",""commentLines"":0}]",2026-10-04T12:11:39,95e0a90fb835e944e7e8f5c01fb3b52ec074a810,False,False,False,False,"{""Rust"":83246,""Python"":10063,""Shell"":6283,""Dockerfile"":3215,""Batchfile"":166,""JavaScript"":88}",bug;dependencies;documentation;duplicate;enhancement;github_actions;good first issue;help wanted;invalid;python;question;rust;wontfix,async;cli;free-proxy;geolocation;http-proxy;proxy;proxy-checker;proxy-grabber;proxy-list;proxy-scrape;proxy-scraper;proxyscrape;proxyscraper;rust;socks4;socks4a;socks5;socks5h;tokio;tui,389c75954405671f1312744244639d871dfca269,10% Commit (230/2305),Python
26144888,facebookincubator/below,False,2630,19,3,116,Rust,main,Apache License 2.0,,37,2527,141,5526,2020-02-19T08:47:02,2026-10-01T03:57:37,2026-10-02T06:58:27,68,23,169,8,15663.0,141655.0,5237.0,"[{""codeLines"":293,""blankLines"":33,""language"":""Bourne Shell"",""commentLines"":18},{""codeLines"":163,""blankLines"":41,""language"":""Python"",""commentLines"":39},{""codeLines"":454,""blankLines"":67,""language"":""C"",""commentLines"":227},{""codeLines"":427,""blankLines"":59,""language"":""TOML"",""commentLines"":19},{""codeLines"":52638,""blankLines"":3820,""language"":""Rust"",""commentLines"":4808},{""codeLines"":508,""blankLines"":204,""language"":""Markdown"",""commentLines"":0},{""codeLines"":107,""blankLines"":9,""language"":""YAML"",""commentLines"":1},{""codeLines"":34,""blankLines"":7,""language"":""Dockerfile"",""commentLines"":25},{""codeLines"":87031,""blankLines"":11423,""language"":""C/C++ Header"",""commentLines"":100}]",2026-10-01T03:54:15,4360fa0179f7405cc7d09587631dcfd9b6e9046a,False,False,False,False,"{""Rust"":2204715,""Roff"":53081,""C"":43586,""Shell"":10102,""Python"":6725,""Dockerfile"":2676}",bug;cla signed;dependencies;documentation;duplicate;enhancement;fb-exported;fh:direct-merge-enabled;good first issue;help wanted;invalid;merged;meta-exported;question;reverted;rust;wontfix,,v0.9.0,First Release,C
27004860,0chencc/ctfcracktools,False,37,4,26,304,Rust,main,GNU General Public License v3.0,https://0chencc.github.io/CTFCrackTools/,59,2110,2,163243,2016-08-26T08:19:35,2026-05-05T03:00:45,2026-05-08T02:59:12,45,0,51,0,1887.0,10831.0,781.0,"[{""codeLines"":2318,""blankLines"":403,""language"":""Rust"",""commentLines"":254},{""codeLines"":90,""blankLines"":31,""language"":""TOML"",""commentLines"":30},{""codeLines"":93,""blankLines"":4,""language"":""Python"",""commentLines"":10},{""codeLines"":227,""blankLines"":53,""language"":""CSS"",""commentLines"":37},{""codeLines"":567,""blankLines"":68,""language"":""HTML"",""commentLines"":0},{""codeLines"":191,""blankLines"":109,""language"":""Markdown"",""commentLines"":0},{""codeLines"":145,""blankLines"":22,""language"":""JavaScript"",""commentLines"":7},{""codeLines"":3097,""blankLines"":775,""language"":""YAML"",""commentLines"":60},{""codeLines"":830,""blankLines"":91,""language"":""Java"",""commentLines"":113},{""codeLines"":587,""blankLines"":50,""language"":""Kotlin"",""commentLines"":180},{""codeLines"":67,""blankLines"":12,""language"":""Gradle"",""commentLines"":1},{""codeLines"":5,""blankLines"":0,""language"":""Properties"",""commentLines"":1},{""codeLines"":121,""blankLines"":19,""language"":""Bourne Again Shell"",""commentLines"":20},{""codeLines"":2240,""blankLines"":221,""language"":""TypeScript"",""commentLines"":66},{""codeLines"":64,""blankLines"":24,""language"":""DOS Batch"",""commentLines"":2},{""codeLines"":189,""blankLines"":5,""language"":""JSON"",""commentLines"":0}]",2026-05-05T02:53:57,f372c57c05a2f7daa9049c8c737e3ed08404fb51,True,False,False,False,"{""Rust"":87657,""TypeScript"":82340,""Java"":40197,""Kotlin"":28859,""CSS"":6984,""JavaScript"":5347,""Python"":3177,""HTML"":503}",bug;duplicate;enhancement;help wanted;invalid;question;stale;wontfix,ctf;ctf-tools;cybersecurity;decode;encode;framework;python;rust;toolkit,3.0,First Release,Python
30261943,dbt-labs/dbt,False,11501,1029,372,2603,Rust,main,Apache License 2.0,https://getdbt.com,164,13966,379,126995,2016-03-10T02:38:00,2026-10-04T11:02:38,2026-10-04T12:57:34,9040,1366,6774,323,82581.0,706026.0,114432.0,"[{""codeLines"":4427,""blankLines"":632,""language"":""TOML"",""commentLines"":288},{""codeLines"":13,""blankLines"":0,""language"":""SVG"",""commentLines"":0},{""codeLines"":8,""blankLines"":0,""language"":""XML"",""commentLines"":0},{""codeLines"":44145,""blankLines"":8401,""language"":""TypeScript"",""commentLines"":25389},{""codeLines"":49,""blankLines"":11,""language"":""C"",""commentLines"":6},{""codeLines"":3108,""blankLines"":941,""language"":""Python"",""commentLines"":594},{""codeLines"":147,""blankLines"":51,""language"":""Dockerfile"",""commentLines"":70},{""codeLines"":21,""blankLines"":25,""language"":""reStructuredText"",""commentLines"":28},{""codeLines"":21486,""blankLines"":6526,""language"":""Markdown"",""commentLines"":19},{""codeLines"":5936,""blankLines"":2090,""language"":""Protocol Buffers"",""commentLines"":2395},{""codeLines"":21216,""blankLines"":3,""language"":""CSV"",""commentLines"":0},{""codeLines"":26753,""blankLines"":2451,""language"":""YAML"",""commentLines"":1162},{""codeLines"":508489,""blankLines"":55189,""language"":""Rust"",""commentLines"":81994},{""codeLines"":18187,""blankLines"":2,""language"":""JSON"",""commentLines"":0},{""codeLines"":2985,""blankLines"":97,""language"":""CSS"",""commentLines"":232},{""codeLines"":312,""blankLines"":3,""language"":""HTML"",""commentLines"":11},{""codeLines"":9,""blankLines"":0,""language"":""JSON5"",""commentLines"":1},{""codeLines"":761,""blankLines"":165,""language"":""PowerShell"",""commentLines"":118},{""codeLines"":26,""blankLines"":8,""language"":""DOS Batch"",""commentLines"":1},{""codeLines"":40900,""blankLines"":5392,""language"":""SQL"",""commentLines"":1260},{""codeLines"":1031,""blankLines"":235,""language"":""Bourne Shell"",""commentLines"":154},{""codeLines"":3173,""blankLines"":34,""language"":""JavaScript"",""commentLines"":507},{""codeLines"":146,""blankLines"":71,""language"":""C/C++ Header"",""commentLines"":203},{""codeLines"":129,""blankLines"":27,""language"":""make"",""commentLines"":0},{""codeLines"":18,""blankLines"":2,""language"":""Jinja Template"",""commentLines"":0},{""codeLines"":2512,""blankLines"":222,""language"":""Text"",""commentLines"":0},{""codeLines"":39,""blankLines"":3,""language"":""INI"",""commentLines"":0}]",2026-10-02T08:47:21,7bbd974389dbd08da3ece92396ecdd0c8f99719c,False,False,False,False,"{""Rust"":24526447,""TypeScript"":2718999,""Python"":155416,""CSS"":86084,""Shell"":49599,""JavaScript"":42549,""PowerShell"":32339,""PLpgSQL"":13751,""C"":10780,""Dockerfile"":9403,""HTML"":9040,""Makefile"":4516,""Jinja"":499,""Q#"":46,""RenderScript"":1}",SQL_understanding;action:fidget-sign;action:lsp-breaking;action:multi-pr;action:needs-docs;action:post-release;action:public-pr;action:run-macos-ci;action:run-query-cache-test-linux;action:run-windows-ci;action:skip-changelog;adapter:athena;adapter:bigquery;adapter:clickhouse;adapter:databricks;adapter:duckdb;adapter:fabric;adapter:postgres;adapter:redshift;adapter:snowflake;adapter:spark;adapter:trino;ai:candidate;arch:linux-arm64;arch:linux-x86_64;arch:macos-arm64;arch:macos-x86_64;arch:windows-x86_64;area:adapters;area:autofix;area:catalog-v2;area:cicd;area:compute;area:engine;area:replay-adapter;area:static-analysis;area:vscode;area:vscodew;area:wizard;artifact_minor_upgrade;artifacts;awaiting_response;ax;backport 1.1.latest;backport 1.10.latest;backport 1.11.latest;backport 1.12.latest;backport 1.13.latest;backport 1.2.latest;backport 1.3.latest;backport 1.4.latest;backport 1.5.latest;backport 1.6.latest;backport 1.7.latest;backport 1.8.latest;backport 1.9.latest;behavior_change_flag;bigquery;bug;cardboard_cut;checks;ci:approve-public-fork-ci;cla:yes;cleanup;cleanup/auto-close;cleanup/keep;cleanup/likely-resolved;cleanup/maybe-resolved;cleanup/resolved;cleanup/reviewed;cleanup/stale;cli;clickhouse;clone;cloud;community;databricks;dbfs;dbt tests;dbt-jinja;deferral;dep warnings;dependencies;dependency_conflicts;deprecations;deps;design_needed;discrepancy;discussion;docker;documentation;driver;duckdb;duplicate;empty;engine:v1;engine:v2;engine:v32;envvar;ephemeral;error-messages;exceptions;exposures;external_repo;fidget-in-progress;file_system;flags;flaky_test;freshness;github_actions;grants;hackathon;has-repro;help wanted;help_wanted;hooks;impact: ca;impact: cc;impact: cip;impact: cli;impact: customer support;impact: exp;impact: orch;impact: sl;incident;incremental;index;info schema;init;install;invalid;jira;linter;list;logging;macros;manifest;materialized_views;metricflow;microbatch;model_contracts;model_groups_access;model_versions;more_information_needed;multi_project;node selection;oauth;ok_to_test;onboarding;p1;p2;p3;package;packages;panic;paper_cut;partial_parsing;performance;post-ga;pre-ga;pre-regression;pre-release;priority:p0;priority:p1;priority:p2;proj:adapters-catchup;proj:catalog-v2;proj:conformance;proj:dbt-index;proj:dbt-state;proj:fdcs;proj:flock;proj:llm-gateway;proj:sidecar-compute;proj:wizard-billing;proj:wizard-harness;proj:wizard-tui;proto update;python;python_api;python_models;question;quoting;redshift;refinement;regression;release/awaiting-release;release/released;release/rolled-back;repro/in-progress;repro/verified;resolution:wontfix;retry;review-status: closed-upstream;review-status: in-review;review-status: merged-upstream;review-status: sync-failed;rpc;s2;sample_mode;scope:oss;scope:proprietary;security;seeds;semantic;semver:major;semver:minor;semver:patch;show;skip changelog;slack;snapshots;snoozed;snowflake;snyk;source:agent;source:community;source:customer;source:internal;span;spec-change;spike;sql_header;sqlfluff;stale;state;state: modified;status:has-repro;status:needs-repro;status:ready-for-review;status:triage;store_failures;strictness;support;support_rotation;technical debt;test all;test macos;test python3.9;test windows;tidy_first;tracking;triage;type:bug;type:docs;type:epic;type:feature;type:good-first-issue;type:tech-debt;udfs;unit tests;unit_tests;v2;vars;wait-for-pm;windows;workflow;yaml,analytics;business-intelligence;data-modeling;dbt-viewpoint;elt;pypa;slack,v0.2.3.0,First Release,Python
40770881,0x727/fingerprinthub,False,2693,2,2,240,Rust,main,MIT License,https://0x727.github.io/FingerprintHub/,27,1441,12,213254,2021-08-20T01:17:26,2026-10-04T04:54:20,2026-10-04T04:54:30,162,0,49,0,21991.0,582423.0,3797.0,"[{""codeLines"":49340,""blankLines"":0,""language"":""JSON"",""commentLines"":0},{""codeLines"":1478,""blankLines"":66,""language"":""Rust"",""commentLines"":101},{""codeLines"":34,""blankLines"":4,""language"":""TOML"",""commentLines"":6},{""codeLines"":531084,""blankLines"":21821,""language"":""YAML"",""commentLines"":3687},{""codeLines"":74,""blankLines"":13,""language"":""Python"",""commentLines"":3},{""codeLines"":413,""blankLines"":87,""language"":""Markdown"",""commentLines"":0}]",2026-10-04T04:54:12,049e2a4443db850f6677b6bb3da33bad0984cf0c,True,False,False,False,"{""Rust"":48126,""Python"":21455}",reviewed;verified,fingerprinting;nuclei-templates;wappalyzer;whatweb,default,First Release,Python
41558086,sachaos/viddy,False,308,46,42,96,Rust,master,MIT License,,21,5398,30,21934,2021-08-14T06:40:12,2026-08-16T05:53:13,2026-08-16T05:53:25,88,25,105,8,1066.0,6861.0,190.0,"[{""codeLines"":52,""blankLines"":4,""language"":""TOML"",""commentLines"":1},{""codeLines"":175,""blankLines"":34,""language"":""YAML"",""commentLines"":4},{""codeLines"":4903,""blankLines"":613,""language"":""Rust"",""commentLines"":142},{""codeLines"":1579,""blankLines"":365,""language"":""Go"",""commentLines"":43},{""codeLines"":139,""blankLines"":46,""language"":""Markdown"",""commentLines"":0},{""codeLines"":13,""blankLines"":4,""language"":""make"",""commentLines"":0}]",2026-08-16T05:53:12,b56efe0876f255ade025d6b77fb9f3f30099675b,True,False,False,False,"{""Rust"":179401,""Go"":43760,""Makefile"":348,""Shell"":93}",bug;dependencies;documentation;duplicate;enhancement;good first issue;help wanted;invalid;question;rust;wontfix,cli;golang;terminal;tui;watch,v0.1.0,First Release,Go
45720514,spiceai/spiceai,False,7777,1487,156,232,Rust,trunk,Apache License 2.0,https://docs.spiceai.org,22,3098,57,250044,2021-08-08T11:26:13,2026-10-04T03:03:40,2026-10-04T02:04:13,4504,853,10174,112,175892.0,1396906.0,260363.0,"[{""codeLines"":5786,""blankLines"":5,""language"":""Text"",""commentLines"":0},{""codeLines"":122,""blankLines"":27,""language"":""C"",""commentLines"":4},{""codeLines"":10,""blankLines"":2,""language"":""INI"",""commentLines"":0},{""codeLines"":16,""blankLines"":4,""language"":""Awk"",""commentLines"":36},{""codeLines"":7245,""blankLines"":824,""language"":""TOML"",""commentLines"":1293},{""codeLines"":13264,""blankLines"":2534,""language"":""Python"",""commentLines"":3601},{""codeLines"":12816,""blankLines"":2747,""language"":""Go"",""commentLines"":2115},{""codeLines"":1023,""blankLines"":133,""language"":""TypeScript"",""commentLines"":9},{""codeLines"":109,""blankLines"":10,""language"":""XML"",""commentLines"":0},{""codeLines"":769,""blankLines"":147,""language"":""make"",""commentLines"":350},{""codeLines"":369,""blankLines"":143,""language"":""C/C++ Header"",""commentLines"":502},{""codeLines"":18,""blankLines"":4,""language"":""Properties"",""commentLines"":20},{""codeLines"":61,""blankLines"":21,""language"":""PowerShell"",""commentLines"":4},{""codeLines"":46,""blankLines"":6,""language"":""Nix"",""commentLines"":0},{""codeLines"":318,""blankLines"":42,""language"":""JavaScript"",""commentLines"":60},{""codeLines"":33536,""blankLines"":404,""language"":""SQL"",""commentLines"":369},{""codeLines"":21,""blankLines"":8,""language"":""Meson"",""commentLines"":1},{""codeLines"":11315,""blankLines"":1974,""language"":""Bourne Shell"",""commentLines"":3463},{""codeLines"":477,""blankLines"":0,""language"":""SVG"",""commentLines"":0},{""codeLines"":1102954,""blankLines"":145389,""language"":""Rust"",""commentLines"":240091},{""codeLines"":2378,""blankLines"":376,""language"":""Bourne Again Shell"",""commentLines"":1441},{""codeLines"":57,""blankLines"":10,""language"":""HTML"",""commentLines"":0},{""codeLines"":25,""blankLines"":4,""language"":""CSS"",""commentLines"":0},{""codeLines"":178,""blankLines"":65,""language"":""Dockerfile"",""commentLines"":24},{""codeLines"":468,""blankLines"":117,""language"":""Expect"",""commentLines"":96},{""codeLines"":73,""blankLines"":0,""language"":""Visual Basic"",""commentLines"":0},{""codeLines"":156,""blankLines"":0,""language"":""Qt"",""commentLines"":0},{""codeLines"":35,""blankLines"":12,""language"":""Qt Project"",""commentLines"":3},{""codeLines"":67966,""blankLines"":1,""language"":""JSON"",""commentLines"":0},{""codeLines"":33,""blankLines"":0,""language"":""Jupyter Notebook"",""commentLines"":887},{""codeLines"":67446,""blankLines"":4605,""language"":""YAML"",""commentLines"":5475},{""codeLines"":440,""blankLines"":104,""language"":""Protocol Buffers"",""commentLines"":461},{""codeLines"":1084,""blankLines"":243,""language"":""C++"",""commentLines"":6},{""codeLines"":20306,""blankLines"":0,""language"":""CSV"",""commentLines"":0},{""codeLines"":45986,""blankLines"":15931,""language"":""Markdown"",""commentLines"":52}]",2026-10-04T02:07:24,02df4a7a233c6a84fb6ec965fba6f42808db77a1,False,False,False,False,"{""Rust"":55197587,""Shell"":817639,""Python"":565303,""Go"":532374,""Makefile"":66574,""TypeScript"":32721,""Jupyter Notebook"":30436,""Dockerfile"":9493,""TSQL"":7134,""PowerShell"":2805,""Mustache"":2804,""JavaScript"":2465,""Awk"":2394,""Visual Basic 6.0"":1850,""HTML"":1720,""Nix"":1262,""RenderScript"":578,""CSS"":549,""C"":420}",area/acceleration;area/acceleration-snapshots;area/ai;area/api;area/ballista;area/build;area/caching;area/catalogs;area/cayenne;area/cdc;area/ci;area/cli;area/config;area/data-accelerators;area/data-connectors;area/datafusion;area/ddl;area/deployment;area/distributed-query;area/docs;area/functions;area/helm;area/json;area/mcp;area/memory;area/nsql;area/observability;area/quality;area/rate-control;area/runtime;area/sdk;area/search;area/secret-stores;area/spidapter;area/sql;area/tests;area/vortex;area/workers;breaking change;community;data-accelerator/duckdb;data-connector/abfs;data-connector/debezium;data-connector/duckdb;data-connector/ducklake;data-connector/file;data-connector/github;data-connector/graphql;data-connector/kafka;data-connector/mysql;data-connector/s3;data-connector/spark;data-connector/spice.ai;dependencies;github_actions;go;good first issue;help wanted;javascript;kind/bug;kind/build;kind/chore;kind/ci;kind/dependencies;kind/docs;kind/documentation;kind/endgame;kind/enhancement;kind/epic;kind/feature;kind/optimization;kind/performance;kind/question;kind/refactor;kind/security;kind/style;kind/task;kind/test;kinda/merge;needs testing;needs_upstream;nomerge;os/windows;rust;size/l;size/m;size/s;size/xl;size/xs;stale;upstream;ux-change;wip,artificial-intelligence;data;data-federation;developers;full-text-search;infrastructure;llm-inference;machine-learning;sql,v0.1.0-alpha.1-spice,First Release,JavaScript
47878650,rust-lang-nursery/rust-cookbook,False,747,36,0,330,Rust,master,Creative Commons Zero v1.0 Universal,,54,2621,145,19069,2017-02-21T08:17:58,2026-09-30T07:42:39,2026-10-03T02:37:53,370,49,470,0,3748.0,15343.0,284.0,"[{""codeLines"":243,""blankLines"":43,""language"":""YAML"",""commentLines"":14},{""codeLines"":3,""blankLines"":0,""language"":""JSON"",""commentLines"":0},{""codeLines"":4,""blankLines"":2,""language"":""C/C++ Header"",""commentLines"":1},{""codeLines"":41,""blankLines"":14,""language"":""make"",""commentLines"":1},{""codeLines"":455,""blankLines"":0,""language"":""Text"",""commentLines"":0},{""codeLines"":16,""blankLines"":6,""language"":""C++"",""commentLines"":0},{""codeLines"":541,""blankLines"":77,""language"":""TOML"",""commentLines"":28},{""codeLines"":2907,""blankLines"":499,""language"":""Rust"",""commentLines"":160},{""codeLines"":10831,""blankLines"":3013,""language"":""Markdown"",""commentLines"":10},{""codeLines"":4,""blankLines"":1,""language"":""Pest"",""commentLines"":0},{""codeLines"":243,""blankLines"":78,""language"":""Bourne Shell"",""commentLines"":65},{""codeLines"":41,""blankLines"":11,""language"":""CSS"",""commentLines"":5},{""codeLines"":14,""blankLines"":4,""language"":""C"",""commentLines"":0}]",2026-09-30T07:42:24,4dbdbf17f44e7666678a4f24215dbbfa7341ae29,True,False,False,False,"{""Rust"":99450,""Shell"":11028,""Makefile"":1838,""CSS"":865,""C"":413,""C++"":340}",2024;blocked upstream;bug;claimed;discussion;easy;example;hacktoberfest;invalid;needs clarification;presentation;tracking issue;wishlist,,46ec010edb65a4fbf4d783359757182703d13bad,10% Commit (74/747),JavaScript
51478055,gaoyifan/china-operator-ip,False,180,5,0,349,Rust,master,MIT License,,73,3665,9,4967,2017-01-19T10:11:16,2026-10-04T08:54:42,2026-10-03T02:00:48,47,3,17,0,258.0,1946.0,11.0,"[{""codeLines"":39,""blankLines"":1,""language"":""Ruby"",""commentLines"":2},{""codeLines"":1360,""blankLines"":142,""language"":""Rust"",""commentLines"":4},{""codeLines"":20,""blankLines"":1,""language"":""TOML"",""commentLines"":0},{""codeLines"":218,""blankLines"":3,""language"":""YAML"",""commentLines"":3},{""codeLines"":119,""blankLines"":18,""language"":""Bourne Shell"",""commentLines"":1},{""codeLines"":190,""blankLines"":93,""language"":""Markdown"",""commentLines"":1}]",2026-09-14T03:26:01,b2b8edc0ddd9cf2bc638ec77587301bbf84b8db9,False,False,False,False,"{""Rust"":47289,""Just"":11874,""Shell"":3073,""Ruby"":2199}",bug;duplicate;enhancement;help wanted;invalid;long term;need response;pr-welcomed;question;report;wontfix,asn;bgp;daily;ip;ipv6;operator,2460378341907877063adf2496a6545347e75063,10% Commit (18/180),Shell
52179485,cooklang/cookcli,False,1131,31,67,115,Rust,main,MIT License,https://cooklang.org/cli/,12,1398,45,26258,2021-01-18T08:15:52,2026-10-04T09:42:18,2026-10-04T09:41:39,244,24,360,18,14663.0,73421.0,8621.0,"[{""codeLines"":1490,""blankLines"":262,""language"":""JavaScript"",""commentLines"":190},{""codeLines"":49,""blankLines"":0,""language"":""XML"",""commentLines"":0},{""codeLines"":85,""blankLines"":13,""language"":""Bourne Shell"",""commentLines"":23},{""codeLines"":27316,""blankLines"":7891,""language"":""Markdown"",""commentLines"":62},{""codeLines"":31,""blankLines"":16,""language"":""make"",""commentLines"":1},{""codeLines"":26,""blankLines"":6,""language"":""Jinja Template"",""commentLines"":0},{""codeLines"":577,""blankLines"":89,""language"":""Svelte"",""commentLines"":2},{""codeLines"":1442,""blankLines"":135,""language"":""Freemarker Template"",""commentLines"":0},{""codeLines"":1219,""blankLines"":380,""language"":""Swift"",""commentLines"":229},{""codeLines"":825,""blankLines"":165,""language"":""YAML"",""commentLines"":137},{""codeLines"":1116,""blankLines"":199,""language"":""CSS"",""commentLines"":149},{""codeLines"":30934,""blankLines"":4376,""language"":""Rust"",""commentLines"":7170},{""codeLines"":1996,""blankLines"":0,""language"":""JSON"",""commentLines"":0},{""codeLines"":2393,""blankLines"":713,""language"":""TypeScript"",""commentLines"":533},{""codeLines"":29,""blankLines"":16,""language"":""Dockerfile"",""commentLines"":14},{""codeLines"":3712,""blankLines"":384,""language"":""HTML"",""commentLines"":50},{""codeLines"":181,""blankLines"":18,""language"":""TOML"",""commentLines"":61}]",2026-10-04T09:41:34,27006e1d2cc19adbc3ee99113836f507a7cd59cd,True,False,False,False,"{""Rust"":2035623,""Swift"":1424113,""HTML"":250168,""TypeScript"":177055,""Fluent"":123801,""JavaScript"":99860,""CSS"":45034,""Svelte"":22927,""Cooklang"":12362,""Shell"":10514,""Dockerfile"":2953,""Makefile"":915,""Jinja"":807}",area: ci;area: cli;area: pantry;area: parser;area: server;area: shopping-list;autorelease: pending;autorelease: tagged;bug;dependencies;docker;documentation;duplicate;feature request;github_actions;good first issue;help wanted;invalid;javascript;needs discussion;question;requires spec update;rust;upstream;wontfix,cooklang;meal-planning;recipes;rust;shopping-list,0.0.1,First Release,Swift
54438182,dbt-labs/dbt-core,False,10983,959,352,2523,Rust,main,Apache License 2.0,https://getdbt.com,161,13686,379,98897,2016-03-10T02:38:00,2026-08-25T09:17:58,2026-08-25T07:15:27,8811,1313,6497,250,73891.0,654624.0,87254.0,"[{""codeLines"":2512,""blankLines"":222,""language"":""Text"",""commentLines"":0},{""codeLines"":3083,""blankLines"":935,""language"":""Python"",""commentLines"":580},{""codeLines"":10,""blankLines"":0,""language"":""INI"",""commentLines"":0},{""codeLines"":12,""blankLines"":0,""language"":""SVG"",""commentLines"":0},{""codeLines"":31476,""blankLines"":3608,""language"":""TypeScript"",""commentLines"":4607},{""codeLines"":40114,""blankLines"":5268,""language"":""SQL"",""commentLines"":1227},{""codeLines"":49,""blankLines"":11,""language"":""C"",""commentLines"":6},{""codeLines"":146,""blankLines"":71,""language"":""C/C++ Header"",""commentLines"":203},{""codeLines"":129,""blankLines"":27,""language"":""make"",""commentLines"":0},{""codeLines"":18,""blankLines"":2,""language"":""Jinja Template"",""commentLines"":0},{""codeLines"":1027,""blankLines"":235,""language"":""Bourne Shell"",""commentLines"":152},{""codeLines"":8,""blankLines"":0,""language"":""XML"",""commentLines"":0},{""codeLines"":3086,""blankLines"":35,""language"":""JavaScript"",""commentLines"":388},{""codeLines"":9,""blankLines"":0,""language"":""JSON5"",""commentLines"":1},{""codeLines"":26,""blankLines"":8,""language"":""DOS Batch"",""commentLines"":1},{""codeLines"":4179,""blankLines"":598,""language"":""TOML"",""commentLines"":284},{""codeLines"":761,""blankLines"":165,""language"":""PowerShell"",""commentLines"":118},{""codeLines"":2745,""blankLines"":75,""language"":""CSS"",""commentLines"":172},{""codeLines"":312,""blankLines"":3,""language"":""HTML"",""commentLines"":11},{""codeLines"":18172,""blankLines"":2,""language"":""JSON"",""commentLines"":0},{""codeLines"":147,""blankLines"":51,""language"":""Dockerfile"",""commentLines"":70},{""codeLines"":471138,""blankLines"":51411,""language"":""Rust"",""commentLines"":76070},{""codeLines"":5655,""blankLines"":1955,""language"":""Protocol Buffers"",""commentLines"":2191},{""codeLines"":28052,""blankLines"":2829,""language"":""YAML"",""commentLines"":1126},{""codeLines"":21,""blankLines"":25,""language"":""reStructuredText"",""commentLines"":28},{""codeLines"":20521,""blankLines"":6352,""language"":""Markdown"",""commentLines"":19},{""codeLines"":21216,""blankLines"":3,""language"":""CSV"",""commentLines"":0}]",2026-08-25T03:22:35,375d489cd801de69ac8f5a6a61a165ec517c9aeb,False,False,False,False,"{""Rust"":21328604,""TypeScript"":1270659,""Python"":153664,""CSS"":50554,""Shell"":49305,""PowerShell"":32361,""PLpgSQL"":12513,""C"":10780,""Dockerfile"":9119,""HTML"":9040,""Makefile"":4516,""JavaScript"":1132,""Batchfile"":804,""Jinja"":481,""Q#"":46,""RenderScript"":1}",SQL_understanding;action:fidget-sign;action:lsp-breaking;action:multi-pr;action:needs-docs;action:post-release;action:public-pr;action:run-macos-ci;action:run-query-cache-test-linux;action:run-windows-ci;action:skip-changelog;adapter:athena;adapter:bigquery;adapter:clickhouse;adapter:databricks;adapter:duckdb;adapter:fabric;adapter:postgres;adapter:redshift;adapter:snowflake;adapter:spark;adapter:trino;ai:candidate;arch:linux-arm64;arch:linux-x86_64;arch:macos-arm64;arch:macos-x86_64;arch:windows-x86_64;area:adapters;area:autofix;area:catalog-v2;area:cicd;area:compute;area:engine;area:replay-adapter;area:static-analysis;area:vscode;area:vscodew;area:wizard;artifact_minor_upgrade;artifacts;awaiting_response;ax;backport 1.1.latest;backport 1.10.latest;backport 1.11.latest;backport 1.12.latest;backport 1.13.latest;backport 1.2.latest;backport 1.3.latest;backport 1.4.latest;backport 1.5.latest;backport 1.6.latest;backport 1.7.latest;backport 1.8.latest;backport 1.9.latest;behavior_change_flag;bigquery;bug;cardboard_cut;ci:approve-public-fork-ci;cla:yes;cleanup;cleanup/auto-close;cleanup/keep;cleanup/likely-resolved;cleanup/maybe-resolved;cleanup/resolved;cleanup/reviewed;cleanup/stale;cli;clickhouse;clone;cloud;community;databricks;dbfs;dbt tests;dbt-jinja;deferral;dep warnings;dependencies;dependency_conflicts;deprecations;deps;design_needed;discrepancy;discussion;docker;documentation;driver;duckdb;duplicate;empty;engine:v1;engine:v2;envvar;ephemeral;error-messages;exceptions;exposures;external_repo;fidget-in-progress;file_system;flags;flaky_test;freshness;github_actions;grants;hackathon;has-repro;help wanted;help_wanted;hooks;impact: ca;impact: cc;impact: cip;impact: cli;impact: customer support;impact: exp;impact: orch;impact: sl;incident;incremental;index;init;install;invalid;jira;linter;list;logging;macros;manifest;materialized_views;metricflow;microbatch;model_contracts;model_groups_access;model_versions;more_information_needed;multi_project;node selection;oauth;ok_to_test;onboarding;p1;p2;p3;package;packages;panic;paper_cut;partial_parsing;performance;post-ga;pre-ga;pre-regression;pre-release;priority:p0;priority:p1;priority:p2;proj:adapters-catchup;proj:catalog-v2;proj:conformance;proj:dbt-index;proj:dbt-state;proj:fdcs;proj:flock;proj:llm-gateway;proj:sidecar-compute;proj:wizard-billing;proj:wizard-harness;proj:wizard-tui;proto update;python;python_api;python_models;question;quoting;redshift;refinement;regression;release/awaiting-release;release/released;release/rolled-back;repro/in-progress;repro/verified;resolution:wontfix;retry;review-status: closed-upstream;review-status: in-review;review-status: merged-upstream;review-status: sync-failed;rpc;s2;sample_mode;scope:oss;scope:proprietary;security;seeds;semantic;semver:major;semver:minor;semver:patch;show;skip changelog;slack;snapshots;snoozed;snowflake;snyk;source:agent;source:community;source:customer;source:internal;span;spec-change;spike;sql_header;sqlfluff;stale;state;state: modified;status:has-repro;status:needs-repro;status:ready-for-review;status:triage;store_failures;strictness;support;support_rotation;technical debt;test all;test macos;test python3.9;test windows;tidy_first;tracking;triage;type:bug;type:docs;type:epic;type:feature;type:good-first-issue;type:tech-debt;udfs;unit tests;unit_tests;v2;vars;wait-for-pm;windows;workflow;yaml,analytics;business-intelligence;data-modeling;dbt-viewpoint;elt;pypa;slack,v0.2.3.0,First Release,Python
54785989,waditu/czsc,False,1726,13,146,1748,Rust,master,Other,,160,6245,9,17561,2019-06-11T07:38:57,2026-09-18T08:21:43,2026-09-20T01:47:05,119,6,201,8,11668.0,61954.0,16547.0,"[{""codeLines"":456,""blankLines"":56,""language"":""TOML"",""commentLines"":89},{""codeLines"":35077,""blankLines"":3541,""language"":""Rust"",""commentLines"":7047},{""codeLines"":50,""blankLines"":0,""language"":""Text"",""commentLines"":0},{""codeLines"":13470,""blankLines"":4202,""language"":""Python"",""commentLines"":7769},{""codeLines"":641,""blankLines"":0,""language"":""JSON"",""commentLines"":0},{""codeLines"":305,""blankLines"":17,""language"":""HTML"",""commentLines"":0},{""codeLines"":298,""blankLines"":0,""language"":""Jupyter Notebook"",""commentLines"":1353},{""codeLines"":11,""blankLines"":25,""language"":""reStructuredText"",""commentLines"":59},{""codeLines"":26,""blankLines"":8,""language"":""DOS Batch"",""commentLines"":1},{""codeLines"":3333,""blankLines"":0,""language"":""CSV"",""commentLines"":0},{""codeLines"":704,""blankLines"":108,""language"":""YAML"",""commentLines"":222},{""codeLines"":7574,""blankLines"":3707,""language"":""Markdown"",""commentLines"":0},{""codeLines"":9,""blankLines"":4,""language"":""make"",""commentLines"":7}]",2026-08-16T12:45:49,701e480a545004f945bb1721e510ae610ad90c4c,True,False,False,False,"{""Rust"":1600860,""Python"":920597,""Jupyter Notebook"":48701}",bug;dependencies;documentation;duplicate;enhancement;good first issue;help wanted;invalid;python:uv;question;rust;wontfix,czsc;quant;tushare,0.3.5,First Release,Python
56422733,redisjson/redisjson,False,1425,130,57,336,Rust,master,Other,https://redis.io/docs/stack/json/,54,3948,87,12322,2016-06-16T03:46:20,2026-10-04T02:10:02,2026-10-04T11:09:40,417,118,1234,65,4990.0,51973.0,4478.0,"[{""codeLines"":234,""blankLines"":93,""language"":""make"",""commentLines"":22},{""codeLines"":71,""blankLines"":38,""language"":""C/C++ Header"",""commentLines"":83},{""codeLines"":3868,""blankLines"":396,""language"":""YAML"",""commentLines"":217},{""codeLines"":438,""blankLines"":145,""language"":""Markdown"",""commentLines"":0},{""codeLines"":2373,""blankLines"":545,""language"":""Bourne Shell"",""commentLines"":609},{""codeLines"":20947,""blankLines"":22,""language"":""JSON"",""commentLines"":0},{""codeLines"":402,""blankLines"":113,""language"":""Dockerfile"",""commentLines"":119},{""codeLines"":80,""blankLines"":31,""language"":""Pest"",""commentLines"":39},{""codeLines"":362,""blankLines"":82,""language"":""Bourne Again Shell"",""commentLines"":12},{""codeLines"":1183,""blankLines"":238,""language"":""Text"",""commentLines"":0},{""codeLines"":105,""blankLines"":18,""language"":""TOML"",""commentLines"":4},{""codeLines"":6745,""blankLines"":1705,""language"":""Python"",""commentLines"":1736},{""codeLines"":459,""blankLines"":50,""language"":""C"",""commentLines"":59},{""codeLines"":14537,""blankLines"":1490,""language"":""Rust"",""commentLines"":1547},{""codeLines"":26,""blankLines"":0,""language"":""SVG"",""commentLines"":1},{""codeLines"":53,""blankLines"":0,""language"":""CSV"",""commentLines"":0},{""codeLines"":90,""blankLines"":24,""language"":""Lua"",""commentLines"":30}]",2026-10-04T11:09:34,40588df5e8bf7c574908c56c8fa1ea42fa22561b,True,False,False,False,"{""Rust"":645481,""Python"":442685,""Shell"":139719,""C"":27540,""Makefile"":9711,""Lua"":2655,""Go Template"":2098,""Dockerfile"":2086}",2.0;action:run-benchmark;api;backport 2.4;backport 2.6;backward;breaking change;bug;dependencies;docker-image-changes;documentation;duplicate;enhancement;experimental;feature;help wanted;invalid;maintenance;no-issue-activity;no-pr-activity;q:performance;question;rust;skip-changelog;wontfix;x:build;x:perf;x:quality,document-store;json;redis;redisjson;rejson,v0.99.0,First Release,C
57107328,voicevox/voicevox_core,False,1027,18,64,162,Rust,main,MIT License,https://voicevox.hiroshiba.jp/,14,1136,43,328801,2021-08-31T02:19:32,2026-10-04T12:52:29,2026-10-04T04:12:19,384,129,1067,28,6850.0,39217.0,10774.0,"[{""codeLines"":211,""blankLines"":56,""language"":""Bourne Shell"",""commentLines"":233},{""codeLines"":29,""blankLines"":1,""language"":""Visual Studio Solution"",""commentLines"":1},{""codeLines"":1116,""blankLines"":111,""language"":""TOML"",""commentLines"":78},{""codeLines"":26737,""blankLines"":3789,""language"":""Rust"",""commentLines"":5763},{""codeLines"":2,""blankLines"":0,""language"":""Text"",""commentLines"":0},{""codeLines"":1722,""blankLines"":142,""language"":""YAML"",""commentLines"":65},{""codeLines"":575,""blankLines"":117,""language"":""C/C++ Header"",""commentLines"":1647},{""codeLines"":300,""blankLines"":65,""language"":""C++"",""commentLines"":57},{""codeLines"":7,""blankLines"":0,""language"":""Properties"",""commentLines"":0},{""codeLines"":2673,""blankLines"":962,""language"":""Markdown"",""commentLines"":83},{""codeLines"":88,""blankLines"":3,""language"":""JSON5"",""commentLines"":9},{""codeLines"":128,""blankLines"":0,""language"":""JSON"",""commentLines"":0},{""codeLines"":2123,""blankLines"":503,""language"":""Java"",""commentLines"":1084},{""codeLines"":53,""blankLines"":9,""language"":""Kotlin"",""commentLines"":0},{""codeLines"":11,""blankLines"":5,""language"":""CMake"",""commentLines"":0},{""codeLines"":118,""blankLines"":26,""language"":""PowerShell"",""commentLines"":12},{""codeLines"":140,""blankLines"":42,""language"":""DOS Batch"",""commentLines"":4},{""codeLines"":229,""blankLines"":37,""language"":""Bourne Again Shell"",""commentLines"":30},{""codeLines"":7,""blankLines"":5,""language"":""reStructuredText"",""commentLines"":7},{""codeLines"":14,""blankLines"":0,""language"":""HTML"",""commentLines"":4},{""codeLines"":2406,""blankLines"":932,""language"":""Python"",""commentLines"":1659},{""codeLines"":356,""blankLines"":0,""language"":""XML"",""commentLines"":0},{""codeLines"":172,""blankLines"":45,""language"":""Gradle"",""commentLines"":38}]",2026-10-04T04:12:14,a811f8a99bd22bb4422988b09f6e0856fc6c1c57,False,False,False,False,"{""Rust"":1293603,""Python"":159125,""Java"":129882,""C++"":14421,""Shell"":11245,""Cython"":7639,""PowerShell"":4755,""Kotlin"":2220,""Dockerfile"":1607,""C"":1304,""Batchfile"":785,""CMake"":644}",OS 依存：android;OS 依存：ios;OS 依存：linux;OS 依存：mac;OS 依存：win;codex;バグ;優先度:中;優先度：低;優先度：高;初心者歓迎タスク;機能向上;要議論,,0.5.2,First Release,Python
60953085,fish-shell/fish-shell,False,23372,49,71,2377,Rust,master,Other,https://fishshell.com,283,34253,393,186877,2012-05-10T03:00:55,2026-09-28T03:27:00,2026-10-03T02:18:26,8219,504,4316,52,284598.0,695942.0,33960.0,"[{""codeLines"":1,""blankLines"":0,""language"":""Text"",""commentLines"":0},{""codeLines"":230,""blankLines"":27,""language"":""C"",""commentLines"":27},{""codeLines"":7280,""blankLines"":1368,""language"":""Python"",""commentLines"":1369},{""codeLines"":1307,""blankLines"":253,""language"":""CSS"",""commentLines"":81},{""codeLines"":569,""blankLines"":74,""language"":""TOML"",""commentLines"":29},{""codeLines"":81229,""blankLines"":9698,""language"":""Rust"",""commentLines"":13315},{""codeLines"":19,""blankLines"":0,""language"":""Nix"",""commentLines"":14},{""codeLines"":554,""blankLines"":73,""language"":""JavaScript"",""commentLines"":41},{""codeLines"":25,""blankLines"":9,""language"":""INI"",""commentLines"":0},{""codeLines"":67,""blankLines"":24,""language"":""make"",""commentLines"":13},{""codeLines"":951,""blankLines"":59,""language"":""YAML"",""commentLines"":51},{""codeLines"":40,""blankLines"":0,""language"":""Freemarker Template"",""commentLines"":0},{""codeLines"":372,""blankLines"":199,""language"":""Markdown"",""commentLines"":10},{""codeLines"":463,""blankLines"":104,""language"":""CMake"",""commentLines"":57},{""codeLines"":4471,""blankLines"":989,""language"":""C/C++ Header"",""commentLines"":1116},{""codeLines"":231,""blankLines"":29,""language"":""C++"",""commentLines"":29},{""codeLines"":1145,""blankLines"":260,""language"":""Bourne Shell"",""commentLines"":169},{""codeLines"":70665,""blankLines"":9894,""language"":""Fish Shell"",""commentLines"":15782},{""codeLines"":13141,""blankLines"":6429,""language"":""reStructuredText"",""commentLines"":1600},{""codeLines"":126,""blankLines"":32,""language"":""Dockerfile"",""commentLines"":2},{""codeLines"":512092,""blankLines"":255015,""language"":""PO File"",""commentLines"":225},{""codeLines"":427,""blankLines"":0,""language"":""XML"",""commentLines"":0},{""codeLines"":66,""blankLines"":19,""language"":""Objective-C"",""commentLines"":15},{""codeLines"":471,""blankLines"":43,""language"":""HTML"",""commentLines"":15}]",2026-09-28T03:24:37,35c290272cc9c4c51518d0b87810a404d1ce66e1,True,False,False,False,"{""Rust"":3608498,""Shell"":1139209,""Python"":281889,""HTML"":25056,""JavaScript"":24994,""CMake"":20807,""CSS"":14775,""C++"":9358,""C"":9006,""Makefile"":4481,""Objective-C"":3586,""Dockerfile"":3481,""Fluent"":3461,""Pawn"":1339,""Nix"":905,""Rich Text Format"":890,""Roff"":355,""RenderScript"":1}",bug;cleanup;cmake;completions;cygwin;docs;duplicate;enhancement;good first issue;macos;math;needs more info;packaging;performance;posix-me-harder;question;regression;release notes;rfc;rust;security;translations;upstream;vi-mode;windows subsystem for linux,fish;rust;shell;terminal,OpenBeta_r1,First Release,C++
63176360,nix-community/comma,False,232,5,26,62,Rust,master,MIT License,,42,1787,29,195,2020-04-28T10:00:21,2026-09-25T03:48:23,2026-10-03T09:29:42,50,9,77,4,152.0,840.0,48.0,"[{""codeLines"":153,""blankLines"":13,""language"":""Nix"",""commentLines"":0},{""codeLines"":15,""blankLines"":2,""language"":""TOML"",""commentLines"":1},{""codeLines"":24,""blankLines"":10,""language"":""Bourne Shell"",""commentLines"":7},{""codeLines"":565,""blankLines"":101,""language"":""Rust"",""commentLines"":40},{""codeLines"":3,""blankLines"":0,""language"":""Fish Shell"",""commentLines"":0},{""codeLines"":24,""blankLines"":0,""language"":""YAML"",""commentLines"":0},{""codeLines"":56,""blankLines"":26,""language"":""Markdown"",""commentLines"":0}]",2026-09-25T03:43:21,e73b22dc00d74adfed9ac534867caaa40563a065,True,False,False,False,"{""Rust"":20493,""Nix"":4987,""Shell"":895,""Nu"":106}",bug;dependencies;documentation;duplicate;enhancement;github_actions;good first issue;help wanted;invalid;question;rust;wontfix,nix;nixos,1.0.0,First Release,Nix
64815821,y-crdt/y-crdt,False,1426,78,10,146,Rust,main,Other,https://docs.rs/yrs/,24,2171,41,16300,2020-09-29T02:48:17,2026-09-30T07:36:52,2026-10-03T08:50:24,258,116,424,19,7970.0,52348.0,10029.0,"[{""codeLines"":94,""blankLines"":9,""language"":""SVG"",""commentLines"":1},{""codeLines"":41414,""blankLines"":5524,""language"":""Rust"",""commentLines"":6898},{""codeLines"":1934,""blankLines"":468,""language"":""C++"",""commentLines"":102},{""codeLines"":215,""blankLines"":35,""language"":""TOML"",""commentLines"":14},{""codeLines"":33,""blankLines"":6,""language"":""CMake"",""commentLines"":2},{""codeLines"":5636,""blankLines"":1309,""language"":""C/C++ Header"",""commentLines"":2540},{""codeLines"":232,""blankLines"":40,""language"":""YAML"",""commentLines"":2},{""codeLines"":401,""blankLines"":175,""language"":""Markdown"",""commentLines"":0},{""codeLines"":197,""blankLines"":0,""language"":""JSON"",""commentLines"":0},{""codeLines"":2192,""blankLines"":404,""language"":""JavaScript"",""commentLines"":470}]",2026-09-30T07:36:52,ac339600c712642e556895426113c3f9c117de39,True,False,False,False,"{""Rust"":1875224,""C++"":385547,""C"":114571,""JavaScript"":83314,""Python"":17105,""CMake"":1392,""HTML"":297}",bug;documentation;duplicate;enhancement;good first issue;help wanted;invalid;question;wontfix,crdt;rust;yjs,v0.1.3,First Release,JavaScript
65945060,volitank/nala,False,771,17,0,55,Rust,main,GNU General Public License v3.0,,15,1897,26,3822,2021-12-06T10:02:07,2026-09-20T05:20:22,2026-09-20T05:20:26,0,0,0,0,9994.0,34404.0,7543.0,"[{""codeLines"":683,""blankLines"":128,""language"":""Bourne Again Shell"",""commentLines"":0},{""codeLines"":6867,""blankLines"":1284,""language"":""Python"",""commentLines"":1483},{""codeLines"":13020,""blankLines"":2174,""language"":""Rust"",""commentLines"":530},{""codeLines"":157,""blankLines"":15,""language"":""TOML"",""commentLines"":13},{""codeLines"":20,""blankLines"":3,""language"":""Dockerfile"",""commentLines"":0},{""codeLines"":99,""blankLines"":0,""language"":""JSON"",""commentLines"":0},{""codeLines"":79,""blankLines"":26,""language"":""make"",""commentLines"":7},{""codeLines"":145,""blankLines"":2,""language"":""YAML"",""commentLines"":2},{""codeLines"":813,""blankLines"":565,""language"":""reStructuredText"",""commentLines"":0},{""codeLines"":373,""blankLines"":149,""language"":""Markdown"",""commentLines"":0},{""codeLines"":3,""blankLines"":0,""language"":""Fish Shell"",""commentLines"":0},{""codeLines"":73,""blankLines"":19,""language"":""Bourne Shell"",""commentLines"":19},{""codeLines"":9947,""blankLines"":4452,""language"":""PO File"",""commentLines"":5489},{""codeLines"":11,""blankLines"":2,""language"":""INI"",""commentLines"":0},{""codeLines"":2114,""blankLines"":1175,""language"":""Freemarker Template"",""commentLines"":0}]",2026-09-20T02:59:29,4c10370a4bbeda5912a8dd5ac2e6eead8e4a961c,False,False,False,False,"{""Rust"":406715,""Python"":278960,""Fluent"":95750,""Shell"":31732,""Just"":3893,""Makefile"":1037,""Dockerfile"":358}",bug;documentation;duplicate;enhancement;good first issue;help wanted;invalid;question;wontfix,,f214b96ac3eaaf91bce04f7c23eef24d9295a8b2,10% Commit (77/771),Python
67968613,vercel/turborepo,False,10755,597,962,2450,Rust,main,MIT License,https://turborepo.dev,147,31170,449,838356,2021-10-05T05:37:11,2026-10-04T01:48:38,2026-10-04T08:53:43,2234,1,10306,7,82617.0,550985.0,86238.0,"[{""codeLines"":419,""blankLines"":29,""language"":""HTML"",""commentLines"":15},{""codeLines"":95973,""blankLines"":37,""language"":""JSON"",""commentLines"":0},{""codeLines"":156,""blankLines"":63,""language"":""Dockerfile"",""commentLines"":54},{""codeLines"":66,""blankLines"":14,""language"":""Diff"",""commentLines"":111},{""codeLines"":188966,""blankLines"":28538,""language"":""Rust"",""commentLines"":77196},{""codeLines"":17,""blankLines"":3,""language"":""Prisma Schema"",""commentLines"":1},{""codeLines"":2422,""blankLines"":363,""language"":""CSS"",""commentLines"":38},{""codeLines"":93,""blankLines"":32,""language"":""Protocol Buffers"",""commentLines"":24},{""codeLines"":31849,""blankLines"":10886,""language"":""Markdown"",""commentLines"":12},{""codeLines"":158885,""blankLines"":34235,""language"":""YAML"",""commentLines"":208},{""codeLines"":96,""blankLines"":3,""language"":""GraphQL"",""commentLines"":0},{""codeLines"":19,""blankLines"":6,""language"":""Svelte"",""commentLines"":0},{""codeLines"":5,""blankLines"":0,""language"":""Pug"",""commentLines"":0},{""codeLines"":490,""blankLines"":67,""language"":""Vuejs Component"",""commentLines"":11},{""codeLines"":14,""blankLines"":3,""language"":""C++"",""commentLines"":2},{""codeLines"":32,""blankLines"":8,""language"":""INI"",""commentLines"":0},{""codeLines"":38,""blankLines"":12,""language"":""Go"",""commentLines"":0},{""codeLines"":56801,""blankLines"":7060,""language"":""TypeScript"",""commentLines"":7852},{""codeLines"":3798,""blankLines"":0,""language"":""SVG"",""commentLines"":17},{""codeLines"":6,""blankLines"":1,""language"":""SQL"",""commentLines"":0},{""codeLines"":16,""blankLines"":5,""language"":""Pest"",""commentLines"":2},{""codeLines"":8,""blankLines"":3,""language"":""Python"",""commentLines"":0},{""codeLines"":24,""blankLines"":16,""language"":""C/C++ Header"",""commentLines"":0},{""codeLines"":147,""blankLines"":20,""language"":""make"",""commentLines"":12},{""codeLines"":7852,""blankLines"":798,""language"":""JavaScript"",""commentLines"":545},{""codeLines"":108,""blankLines"":30,""language"":""Bourne Shell"",""commentLines"":15},{""codeLines"":6,""blankLines"":3,""language"":""JSX"",""commentLines"":0},{""codeLines"":18,""blankLines"":5,""language"":""DOS Batch"",""commentLines"":0},{""codeLines"":2604,""blankLines"":371,""language"":""TOML"",""commentLines"":123},{""codeLines"":35,""blankLines"":6,""language"":""Handlebars"",""commentLines"":0},{""codeLines"":22,""blankLines"":0,""language"":""Text"",""commentLines"":0}]",2026-10-04T02:46:29,66dbdb377cae04107ef03e155ad1bd55c5a479ac,False,False,False,False,"{""Rust"":11063352,""TypeScript"":1851446,""MDX"":1149505,""Raku"":288446,""JavaScript"":199469,""PowerShell"":23316,""Shell"":12255,""CSS"":12176,""Makefile"":8631,""Dockerfile"":5090,""Perl"":2255,""HTML"":1741,""Cap'n Proto"":1664,""Go"":506,""C++"":396,""Python"":304,""Handlebars"":278,""RenderScript"":1}",RFC: Implementing;area: caching;area: ci;area: configuration;area: daemon;area: docs;area: ergonomics;area: examples;area: logging;area: performance;area: prune;area: site;area: tui;area: vercel;area: windows;area:watch;breaking;ci approved;claude-code-assisted;dependencies;devbox;experimental;global-hash-bump;good first issue;javascript;kind: bug;needs: author input;needs: champion;needs: investigation;needs: release;needs: reproduction;needs: team input;pkg: create-turbo;pkg: turbo-codemod;pkg: turbo-eslint;pkg: turbo-gen;pkg: turbo-ignore;pkg: turbo-repository;pkg: turbo-telemetry;pkg: turbo-vsc;pkg: turbo-workspaces;release: turborepo;rfc: accepted;rfc: closed;rfc: implemented;rfc: open,build-system;build-tool;javascript;monorepo;typescript,v0.8.5-next.1,First Release,Go
68320489,kindelia/kind,False,523,57,10,120,Rust,master,MIT License,https://kindelia.org/,74,2919,9,52849,2018-07-13T03:08:55,2023-01-13T10:52:24,2023-01-14T11:52:22,144,11,280,3,2325.0,16072.0,651.0,"[{""codeLines"":15133,""blankLines"":2028,""language"":""Rust"",""commentLines"":618},{""codeLines"":205,""blankLines"":44,""language"":""TOML"",""commentLines"":17},{""codeLines"":50,""blankLines"":5,""language"":""YAML"",""commentLines"":16},{""codeLines"":684,""blankLines"":248,""language"":""Markdown"",""commentLines"":0}]",2023-01-10T05:51:05,c64d343051a74e34d4a33a61c4917959ebfef0f3,True,False,False,False,"{""JavaScript"":4716579,""Scheme"":1546213,""Rust"":518564,""Haskell"":333045,""Nix"":1980,""HTML"":1773,""Makefile"":870,""Shell"":162}",bug;dependencies;deploy_app;enhancement;feature;good first issue;help wanted;question;review docs;rust,,"v1.0,59",First Release,JavaScript
68770722,quantumsheep/sshs,False,196,2,36,58,Rust,master,MIT License,,11,1587,12,547,2022-01-31T11:57:33,2026-08-29T09:30:48,2026-09-01T03:21:46,83,16,48,7,595.0,2759.0,108.0,"[{""codeLines"":1951,""blankLines"":391,""language"":""Rust"",""commentLines"":98},{""codeLines"":6,""blankLines"":2,""language"":""Bourne Shell"",""commentLines"":0},{""codeLines"":339,""blankLines"":87,""language"":""Go"",""commentLines"":1},{""codeLines"":277,""blankLines"":46,""language"":""YAML"",""commentLines"":9},{""codeLines"":91,""blankLines"":48,""language"":""Markdown"",""commentLines"":0},{""codeLines"":26,""blankLines"":2,""language"":""Nix"",""commentLines"":0},{""codeLines"":13,""blankLines"":4,""language"":""Dockerfile"",""commentLines"":0},{""codeLines"":19,""blankLines"":9,""language"":""make"",""commentLines"":0},{""codeLines"":37,""blankLines"":6,""language"":""TOML"",""commentLines"":0}]",2026-08-29T09:30:42,f3838c07fdfb26a0456af2d2773a30bc73607943,True,False,False,False,"{""Rust"":71903,""Go"":8567,""Nix"":738,""Makefile"":666,""Dockerfile"":410,""Shell"":193}",bug;documentation;duplicate;enhancement;good first issue;help wanted;invalid;question;wontfix,cli;command-line-tool;ssh;tui,1.0.0,First Release,Go
69059361,mozilla/mentat,False,902,97,9,118,Rust,master,Apache License 2.0,https://mozilla.github.io/mentat/,58,1620,14,41208,2016-07-05T06:29:34,2018-09-10T07:52:42,2022-01-25T07:17:04,481,220,341,13,35628.0,257993.0,19557.0,"[{""codeLines"":210377,""blankLines"":26967,""language"":""HTML"",""commentLines"":8997},{""codeLines"":559,""blankLines"":171,""language"":""TOML"",""commentLines"":3},{""codeLines"":1927,""blankLines"":524,""language"":""Swift"",""commentLines"":1220},{""codeLines"":94,""blankLines"":31,""language"":""Python"",""commentLines"":25},{""codeLines"":2645,""blankLines"":391,""language"":""CSS"",""commentLines"":145},{""codeLines"":59,""blankLines"":23,""language"":""DOS Batch"",""commentLines"":2},{""codeLines"":0,""blankLines"":7,""language"":""ProGuard"",""commentLines"":39},{""codeLines"":2188,""blankLines"":400,""language"":""Java"",""commentLines"":1327},{""codeLines"":592,""blankLines"":8,""language"":""XML"",""commentLines"":10},{""codeLines"":398,""blankLines"":1,""language"":""JSON"",""commentLines"":0},{""codeLines"":53,""blankLines"":31,""language"":""Dockerfile"",""commentLines"":33},{""codeLines"":161,""blankLines"":36,""language"":""C/C++ Header"",""commentLines"":68},{""codeLines"":900,""blankLines"":361,""language"":""Markdown"",""commentLines"":0},{""codeLines"":112,""blankLines"":5,""language"":""YAML"",""commentLines"":41},{""codeLines"":239,""blankLines"":60,""language"":""Gradle"",""commentLines"":36},{""codeLines"":13,""blankLines"":7,""language"":""Kotlin"",""commentLines"":9},{""codeLines"":35136,""blankLines"":6294,""language"":""Rust"",""commentLines"":7383},{""codeLines"":2337,""blankLines"":277,""language"":""JavaScript"",""commentLines"":187},{""codeLines"":29,""blankLines"":0,""language"":""SVG"",""commentLines"":0},{""codeLines"":174,""blankLines"":34,""language"":""Bourne Shell"",""commentLines"":32}]",2018-09-10T07:52:41,e55376e98b3a7f841dcb2abd6273947f8661ffc8,True,True,False,False,"{""Rust"":1856938,""Java"":167609,""Swift"":150267,""C"":16980,""Dockerfile"":6136,""Python"":4990,""Shell"":2428,""Objective-C"":784}",a-build;a-cli;a-core;a-design;a-edn;a-ffi;a-query;a-sdk;a-sdk-android;a-sdk-ios;a-sync;a-transact;a-views;a-vocab;bug;correctness;dev-ergonomics;discussion;documentation;enhancement;enquiry;good first bug;help wanted;hygiene;in progress;p-android;p-desktop;p-ios;ready;size;speed,,v0.3.1,First Release,Clojure
69059401,das-labor/panopticon,False,1653,6,0,87,Rust,master,GNU General Public License v3.0,https://panopticon.re,75,1393,18,8288,2014-02-12T03:10:18,2019-01-03T11:20:27,2022-01-12T06:54:19,223,55,128,2,4709.0,38517.0,4387.0,"[{""codeLines"":32669,""blankLines"":3590,""language"":""Rust"",""commentLines"":3550},{""codeLines"":22,""blankLines"":0,""language"":""XML"",""commentLines"":0},{""codeLines"":195,""blankLines"":1,""language"":""SVG"",""commentLines"":7},{""codeLines"":1478,""blankLines"":327,""language"":""Bourne Shell"",""commentLines"":215},{""codeLines"":1821,""blankLines"":287,""language"":""QML"",""commentLines"":116},{""codeLines"":12,""blankLines"":4,""language"":""DOS Batch"",""commentLines"":13},{""codeLines"":49,""blankLines"":14,""language"":""Dockerfile"",""commentLines"":0},{""codeLines"":1051,""blankLines"":245,""language"":""C/C++ Header"",""commentLines"":303},{""codeLines"":143,""blankLines"":33,""language"":""Markdown"",""commentLines"":0},{""codeLines"":210,""blankLines"":1,""language"":""YAML"",""commentLines"":8},{""codeLines"":22,""blankLines"":8,""language"":""make"",""commentLines"":3},{""codeLines"":202,""blankLines"":23,""language"":""TOML"",""commentLines"":2},{""codeLines"":53,""blankLines"":15,""language"":""CMake"",""commentLines"":7},{""codeLines"":590,""blankLines"":161,""language"":""C++"",""commentLines"":163}]",2019-01-03T11:25:47,12f99d9a95df3f2ff455e2737c3668b372244a65,False,False,False,False,"{""Rust"":1480478,""C++"":83579,""Shell"":63638,""QML"":51279,""CMake"":1771,""Batchfile"":980,""Makefile"":879,""Dockerfile"":517}",a-6502;a-ainterp;a-amd64;a-avr;a-build;a-ci;a-core;a-ctrl;a-dflow;a-docs;a-elf;a-mips;a-pe;a-pkg;a-qml;e-easy;e-hard;e-needtest;e-tedious;i-cleanup;i-crash;i-enhancement;i-papercut;i-question;metabug;work-in-progress,,dffb5923b10774afde84d33ead8128ba32380bfe,10% Commit (165/1653),C++
69072724,buildfoundation/mainframer,False,139,3,8,167,Rust,3.x,Apache License 2.0,,47,1690,16,5551,2016-12-16T10:41:05,2023-11-08T10:58:48,2024-01-02T04:29:41,134,41,156,1,520.0,1981.0,169.0,"[{""codeLines"":25,""blankLines"":7,""language"":""Dockerfile"",""commentLines"":4},{""codeLines"":45,""blankLines"":11,""language"":""Bourne Again Shell"",""commentLines"":3},{""codeLines"":58,""blankLines"":12,""language"":""YAML"",""commentLines"":1},{""codeLines"":353,""blankLines"":126,""language"":""Markdown"",""commentLines"":0},{""codeLines"":448,""blankLines"":204,""language"":""Bourne Shell"",""commentLines"":150},{""codeLines"":14,""blankLines"":3,""language"":""TOML"",""commentLines"":3},{""codeLines"":1038,""blankLines"":157,""language"":""Rust"",""commentLines"":8}]",2022-10-11T05:14:54,80695e57a4978f8b5ac474ceae0612422c09d7ab,False,False,False,False,"{""Rust"":32282,""Shell"":24809,""Dockerfile"":1217}",android;bug;duplicate;enhancement;help wanted;invalid;needsinfo;notblocking;question;wip;wontfix,mainframer;remote-build;rsync;rust;ssh;sync-files,v1.0.0,First Release,Shell
69072746,intermezzos/kernel,False,356,4,0,84,Rust,master,Other,http://intermezzos.github.io/,69,1259,18,280,2015-10-25T01:36:53,2019-10-28T12:59:41,2022-02-06T03:02:42,65,15,64,0,106.0,425.0,27.0,"[{""codeLines"":12,""blankLines"":7,""language"":""Markdown"",""commentLines"":0},{""codeLines"":23,""blankLines"":8,""language"":""TOML"",""commentLines"":0},{""codeLines"":315,""blankLines"":74,""language"":""Rust"",""commentLines"":2},{""codeLines"":15,""blankLines"":0,""language"":""JSON"",""commentLines"":0},{""codeLines"":60,""blankLines"":17,""language"":""YAML"",""commentLines"":25}]",2019-10-28T12:59:40,6b09a4f253d5ce615c7907d9cd4e7d07e15c30be,True,True,False,False,"{""Rust"":10032}",bug;c-console;c-intermezzos;c-interrupts;c-keyboard;c-pic;enhancement;help wanted!;question,,a5c6b3d08792665351581963d9a4984a7a105bed,10% Commit (35/356),Assembly
69107390,tildeio/helix,False,353,30,0,68,Rust,master,ISC License,https://usehelix.com,61,1976,18,1449,2015-11-06T07:06:36,2020-10-23T10:27:48,2022-02-14T01:01:53,72,35,101,4,1549.0,7217.0,250.0,"[{""codeLines"":156,""blankLines"":46,""language"":""TOML"",""commentLines"":1},{""codeLines"":58,""blankLines"":24,""language"":""Bourne Again Shell"",""commentLines"":3},{""codeLines"":109,""blankLines"":23,""language"":""YAML"",""commentLines"":14},{""codeLines"":327,""blankLines"":87,""language"":""C"",""commentLines"":5},{""codeLines"":84,""blankLines"":27,""language"":""C/C++ Header"",""commentLines"":3},{""codeLines"":151,""blankLines"":54,""language"":""Markdown"",""commentLines"":0},{""codeLines"":2481,""blankLines"":605,""language"":""Ruby"",""commentLines"":124},{""codeLines"":18,""blankLines"":7,""language"":""Bourne Shell"",""commentLines"":0},{""codeLines"":3810,""blankLines"":670,""language"":""Rust"",""commentLines"":100},{""codeLines"":23,""blankLines"":6,""language"":""JavaScript"",""commentLines"":0}]",2020-10-23T10:27:47,33df62d90ea71c1f81592d64c556ace3784df877,True,False,False,False,"{""Rust"":95437,""Ruby"":29036,""C"":13327,""Shell"":1357}",bug;cleanup;documentation;feature;good for new contributors;has reproduction;needs bug verification;needs code review;needs reproduction;needs submitter response;needs team discussion;performance;pr pending;ready for pr;regression,,9114c1af1a029b15f42249cd65d112a469ccf3b1,10% Commit (35/353),Ruby
69116060,googlefonts/inconsolata,False,171,15,3,71,Rust,main,SIL Open Font License 1.1,http://levien.com/type/myfonts/inconsolata.html,18,1547,8,59965,2016-05-23T04:40:37,2026-06-16T05:31:46,2026-06-19T04:46:18,64,39,54,11,6711.0,25050.0,132.0,"[{""codeLines"":2041,""blankLines"":204,""language"":""Rust"",""commentLines"":129},{""codeLines"":24,""blankLines"":6,""language"":""TOML"",""commentLines"":2},{""codeLines"":17,""blankLines"":0,""language"":""HTML"",""commentLines"":0},{""codeLines"":218,""blankLines"":40,""language"":""Text"",""commentLines"":0},{""codeLines"":22602,""blankLines"":6386,""language"":""XML"",""commentLines"":1},{""codeLines"":12,""blankLines"":0,""language"":""YAML"",""commentLines"":0},{""codeLines"":136,""blankLines"":75,""language"":""Markdown"",""commentLines"":0}]",2022-04-28T03:36:46,fc1fc21081558b39a2db43bfd9b65bf9acb50701,True,False,False,False,"{""Rust"":79390,""Python"":2928,""PureBasic"":2066,""Shell"":1693,""HTML"":924}",bug;dependencies;duplicate;enhancement;help wanted;invalid;python;question;wontfix,google-fonts;inconsolata;inconsolata-fonts,v.2.000,First Release,Ecmarkup
69134145,zhuowei/nft_ptr,False,45,2,0,32,Rust,main,,https://worthdoingbadly.com,11,1563,1,136,2021-04-01T04:07:55,2021-05-23T04:54:40,2022-02-14T08:30:17,12,11,2,2,189.0,1122.0,155.0,"[{""codeLines"":45,""blankLines"":9,""language"":""TOML"",""commentLines"":3},{""codeLines"":95,""blankLines"":26,""language"":""C++"",""commentLines"":0},{""codeLines"":11,""blankLines"":3,""language"":""YAML"",""commentLines"":0},{""codeLines"":10,""blankLines"":3,""language"":""Python"",""commentLines"":1},{""codeLines"":184,""blankLines"":71,""language"":""Markdown"",""commentLines"":0},{""codeLines"":107,""blankLines"":16,""language"":""C/C++ Header"",""commentLines"":6},{""codeLines"":98,""blankLines"":23,""language"":""Solidity"",""commentLines"":22},{""codeLines"":30,""blankLines"":0,""language"":""JSON"",""commentLines"":0},{""codeLines"":18,""blankLines"":8,""language"":""JavaScript"",""commentLines"":86},{""codeLines"":29,""blankLines"":1,""language"":""Bourne Shell"",""commentLines"":1},{""codeLines"":495,""blankLines"":29,""language"":""Rust"",""commentLines"":36}]",2021-04-11T01:13:42,5df5c6ca6fbcc741a79f907214eb9703227d0191,True,False,False,False,"{""Rust"":18282,""C++"":6836,""Solidity"":5365,""JavaScript"":4747,""Shell"":1035,""Python"":320}",bug;documentation;duplicate;enhancement;good first issue;help wanted;invalid;question;wontfix,,94f0857cb528b2da822011dca4d0369d3ffed8fc,10% Commit (4/45),C++
69141656,cgag/loc,False,276,8,5,118,Rust,master,MIT License,,23,2069,44,396,2016-07-05T05:47:39,2023-01-11T07:10:56,2023-01-13T04:08:22,74,46,76,10,33396.0,203720.0,197676.0,"[{""codeLines"":32,""blankLines"":12,""language"":""Ada"",""commentLines"":9},{""codeLines"":10,""blankLines"":3,""language"":""Solidity"",""commentLines"":3},{""codeLines"":32503,""blankLines"":8922,""language"":""C"",""commentLines"":3947},{""codeLines"":3,""blankLines"":4,""language"":""ReasonML"",""commentLines"":6},{""codeLines"":3,""blankLines"":2,""language"":""Python"",""commentLines"":1},{""codeLines"":1231,""blankLines"":130,""language"":""Rust"",""commentLines"":60},{""codeLines"":6,""blankLines"":1,""language"":""Groovy"",""commentLines"":10},{""codeLines"":3,""blankLines"":2,""language"":""Nix"",""commentLines"":3},{""codeLines"":113,""blankLines"":30,""language"":""YAML"",""commentLines"":47},{""codeLines"":280,""blankLines"":42,""language"":""Markdown"",""commentLines"":0},{""codeLines"":59,""blankLines"":18,""language"":""Bourne Shell"",""commentLines"":7},{""codeLines"":169351,""blankLines"":24193,""language"":""Lua"",""commentLines"":193544},{""codeLines"":5,""blankLines"":4,""language"":""Haskell"",""commentLines"":5},{""codeLines"":5,""blankLines"":2,""language"":""Zig"",""commentLines"":2},{""codeLines"":65,""blankLines"":13,""language"":""HCL"",""commentLines"":11},{""codeLines"":2,""blankLines"":0,""language"":""Handlebars"",""commentLines"":2},{""codeLines"":8,""blankLines"":2,""language"":""Cucumber"",""commentLines"":2},{""codeLines"":21,""blankLines"":4,""language"":""TOML"",""commentLines"":0},{""codeLines"":15,""blankLines"":8,""language"":""PowerShell"",""commentLines"":9},{""codeLines"":3,""blankLines"":4,""language"":""OCaml"",""commentLines"":6},{""codeLines"":2,""blankLines"":0,""language"":""Ruby"",""commentLines"":2}]",2022-02-20T11:18:44,1e0c7f434ddfd51439e1d4eb126f31b7a04229d9,True,False,False,False,"{""Rust"":44423,""Shell"":1952,""PowerShell"":574}",bug;dependencies;duplicate;enhancement;help wanted;invalid;question;wontfix,,v0.2.0,First Release,C
69149890,iron/iron,False,1749,4,0,402,Rust,master,MIT License,,157,6123,130,1046,2014-06-10T09:37:29,2024-06-14T09:59:09,2024-06-14T11:03:26,260,47,382,10,838.0,3362.0,909.0,"[{""codeLines"":366,""blankLines"":151,""language"":""Markdown"",""commentLines"":0},{""codeLines"":2821,""blankLines"":657,""language"":""Rust"",""commentLines"":906},{""codeLines"":144,""blankLines"":26,""language"":""TOML"",""commentLines"":0},{""codeLines"":31,""blankLines"":4,""language"":""YAML"",""commentLines"":3}]",2021-03-12T03:33:07,cde77e5e0e9bfa1bf1230f4bdd8491f4f4cdc72c,True,False,False,False,"{""Rust"":118028}",bikeshed;bug;closing candidate;documentation;easy;enhancement;examples;feature;hard;help wanted;high-priority;in progress;invalid;low-priority;question;ready;slow;wontfix,,535bb819d5eea47f3304af11fe41f66dc0d23440,10% Commit (174/1749),Makefile
69149957,imazen/imageflow,False,3070,45,99,145,Rust,main,GNU Affero General Public License v3.0,https://docs.imageflow.io/,59,4417,21,11158,2014-11-08T05:33:32,2026-09-28T08:49:29,2026-10-01T06:30:47,290,12,436,10,9590.0,82992.0,9669.0,"[{""codeLines"":2416,""blankLines"":611,""language"":""Bourne Shell"",""commentLines"":495},{""codeLines"":329,""blankLines"":42,""language"":""Lua"",""commentLines"":0},{""codeLines"":76,""blankLines"":17,""language"":""JavaScript"",""commentLines"":1},{""codeLines"":426,""blankLines"":223,""language"":""C/C++ Header"",""commentLines"":1626},{""codeLines"":1,""blankLines"":3,""language"":""DOS Batch"",""commentLines"":4},{""codeLines"":300,""blankLines"":0,""language"":""CSV"",""commentLines"":0},{""codeLines"":1382,""blankLines"":277,""language"":""PowerShell"",""commentLines"":288},{""codeLines"":25,""blankLines"":13,""language"":""SWIG"",""commentLines"":7},{""codeLines"":50,""blankLines"":15,""language"":""Go"",""commentLines"":8},{""codeLines"":242,""blankLines"":54,""language"":""Ruby"",""commentLines"":22},{""codeLines"":29,""blankLines"":7,""language"":""C#"",""commentLines"":6},{""codeLines"":190,""blankLines"":50,""language"":""Python"",""commentLines"":32},{""codeLines"":3972,""blankLines"":579,""language"":""C"",""commentLines"":701},{""codeLines"":294,""blankLines"":1,""language"":""Visual Studio Solution"",""commentLines"":1},{""codeLines"":231,""blankLines"":95,""language"":""MSBuild script"",""commentLines"":96},{""codeLines"":751,""blankLines"":67,""language"":""XML"",""commentLines"":74},{""codeLines"":1191,""blankLines"":177,""language"":""YAML"",""commentLines"":183},{""codeLines"":3240,""blankLines"":1003,""language"":""Markdown"",""commentLines"":9},{""codeLines"":1822,""blankLines"":382,""language"":""C++"",""commentLines"":243},{""codeLines"":601,""blankLines"":100,""language"":""TOML"",""commentLines"":79},{""codeLines"":91,""blankLines"":30,""language"":""CMake"",""commentLines"":8},{""codeLines"":9574,""blankLines"":1101,""language"":""Text"",""commentLines"":0},{""codeLines"":25,""blankLines"":7,""language"":""INI"",""commentLines"":0},{""codeLines"":47,""blankLines"":11,""language"":""HTML"",""commentLines"":0},{""codeLines"":12454,""blankLines"":0,""language"":""JSON"",""commentLines"":0},{""codeLines"":28,""blankLines"":14,""language"":""Bourne Again Shell"",""commentLines"":0},{""codeLines"":87,""blankLines"":22,""language"":""Dockerfile"",""commentLines"":18},{""codeLines"":43114,""blankLines"":4689,""language"":""Rust"",""commentLines"":5766},{""codeLines"":4,""blankLines"":0,""language"":""SVG"",""commentLines"":2}]",2026-08-29T05:36:12,f49ec638d60d06911c7232309bba85578a0812ea,True,False,False,False,"{""Rust"":2050673,""C++"":755674,""C"":294920,""Shell"":134568,""PowerShell"":80857,""Lua"":16671,""Python"":10952,""Ruby"":10678,""Just"":5267,""CMake"":5007,""Dockerfile"":4725,""JavaScript"":3024,""Go"":2018,""C#"":1920,""Smarty"":1802,""HTML"":1284,""SWIG"":763,""Batchfile"":211}",!;api design;blocked;bug;closed per low priority;dependencies;difficult;duplicate;enhancement;help wanted;imageflow_server;imageflow_tool;invalid;javascript;libimageflow;need-more-info;priority-high;priority-low;question;requesting-feedback;rust;security;will-evolve-api;wontfix,image-compression;image-manipulation;image-server;imagemagick;lib;tool,v0.0.7,First Release,C
69150032,pistondevelopers/hematite,False,465,1,0,107,Rust,master,MIT License,http://hematite.piston.rs/,78,1912,28,1880,2014-06-28T09:22:28,2026-05-03T04:20:17,2026-05-03T04:20:23,111,25,204,0,296.0,5761.0,208.0,"[{""codeLines"":35,""blankLines"":4,""language"":""Java"",""commentLines"":8},{""codeLines"":5647,""blankLines"":278,""language"":""Rust"",""commentLines"":200},{""codeLines"":40,""blankLines"":5,""language"":""TOML"",""commentLines"":0},{""codeLines"":20,""blankLines"":0,""language"":""YAML"",""commentLines"":0},{""codeLines"":19,""blankLines"":9,""language"":""Markdown"",""commentLines"":0}]",2026-05-03T04:20:17,073d96f3e20f75dbffb35ef46cffab24d45bbe9f,True,False,False,False,"{""Rust"":190824,""Java"":1849}",bug;dependencies;discussion;draft;duplicate;easy;enhancement;hard;help wanted;information;invalid;medium;question;wontfix,minecraft;piston-game-engine;rust,6d427645a24f36c57642e9a22908306dc8ad91b9,10% Commit (46/465),Makefile
69160361,mbrubeck/robinson,False,205,3,0,134,Rust,master,MIT License,http://limpet.net/mbrubeck/2014/08/08/toy-layout-engine-1.html,36,1529,12,226,2014-07-03T09:43:14,2024-07-16T11:41:43,2024-07-16T10:12:03,11,4,19,1,213.0,18361.0,180.0,"[{""codeLines"":953,""blankLines"":182,""language"":""Rust"",""commentLines"":180},{""codeLines"":46,""blankLines"":20,""language"":""Markdown"",""commentLines"":0},{""codeLines"":17300,""blankLines"":1,""language"":""HTML"",""commentLines"":0},{""codeLines"":11,""blankLines"":2,""language"":""TOML"",""commentLines"":0},{""codeLines"":51,""blankLines"":8,""language"":""CSS"",""commentLines"":0}]",2024-07-16T10:11:57,0c700704f962b8f32bca8ebcd8e74d7561591b15,False,False,False,False,"{""Rust"":42506}",bug;dependencies;duplicate;enhancement;hacktoberfest;help wanted;invalid;question;wontfix,,40253432e3e99e3031f3e185d778e57db5dd1761,10% Commit (20/205),Makefile
69177360,chyyuu/os_kernel_lab,False,358,77,0,1922,Rust,main,GNU General Public License v3.0,https://rcore-os.github.io/rCore-Tutorial-Book-v3/index.html,224,3682,13,99196,2012-08-21T06:44:08,2023-01-27T03:05:28,2023-01-31T04:30:19,40,4,52,2,1044.0,9162.0,592.0,"[{""codeLines"":8515,""blankLines"":901,""language"":""Rust"",""commentLines"":522},{""codeLines"":59,""blankLines"":13,""language"":""TOML"",""commentLines"":8},{""codeLines"":13,""blankLines"":0,""language"":""JSON"",""commentLines"":0},{""codeLines"":62,""blankLines"":6,""language"":""YAML"",""commentLines"":0},{""codeLines"":44,""blankLines"":13,""language"":""Dockerfile"",""commentLines"":28},{""codeLines"":2,""blankLines"":0,""language"":""Bourne Shell"",""commentLines"":0},{""codeLines"":243,""blankLines"":71,""language"":""Markdown"",""commentLines"":0},{""codeLines"":105,""blankLines"":35,""language"":""make"",""commentLines"":8},{""codeLines"":119,""blankLines"":5,""language"":""Assembly"",""commentLines"":26}]",2023-01-27T03:03:22,9672ca495a65d274f18ce51e3ff66a9c7c9c89dc,True,False,False,False,"{""Rust"":285121,""Makefile"":3766,""Assembly"":3136,""Dockerfile"":2840,""Shell"":123}",bug;duplicate;enhancement;invalid;question;wontfix,,81bef97f0942f6f3d432c366f96d580485e2f77f,10% Commit (35/358),Python
69192139,dtolnay/watt,False,348,1,16,31,Rust,master,Apache License 2.0,,18,1519,9,738,2019-10-13T09:42:17,2026-07-19T12:26:44,2026-07-22T11:16:50,27,19,31,0,1102.0,83145.0,1143.0,"[{""codeLines"":75356,""blankLines"":0,""language"":""WebAssembly"",""commentLines"":0},{""codeLines"":7386,""blankLines"":998,""language"":""Rust"",""commentLines"":1143},{""codeLines"":67,""blankLines"":7,""language"":""YAML"",""commentLines"":0},{""codeLines"":242,""blankLines"":82,""language"":""Markdown"",""commentLines"":0},{""codeLines"":94,""blankLines"":15,""language"":""TOML"",""commentLines"":0}]",2026-07-19T12:26:39,8f16788f649efcfb6c1995d5c7357e2504d426fb,False,False,False,False,"{""Rust"":283863}",bug;documentation;duplicate;enhancement;good first issue;help wanted;invalid;question;wontfix,,0.1.0,First Release,WebAssembly
69209833,ralfbiedert/cheats.rs,False,1070,1,0,445,Rust,master,,https://cheats.rs,63,4525,57,2090,2018-11-12T06:58:09,2026-05-04T08:44:17,2026-05-08T11:06:41,131,3,82,0,3829.0,14261.0,1296.0,"[{""codeLines"":8340,""blankLines"":2334,""language"":""Markdown"",""commentLines"":517},{""codeLines"":19,""blankLines"":0,""language"":""JSON"",""commentLines"":0},{""codeLines"":12,""blankLines"":3,""language"":""XML"",""commentLines"":0},{""codeLines"":2392,""blankLines"":646,""language"":""SCSS"",""commentLines"":433},{""codeLines"":23,""blankLines"":6,""language"":""Dockerfile"",""commentLines"":4},{""codeLines"":118,""blankLines"":32,""language"":""HTML"",""commentLines"":9},{""codeLines"":3,""blankLines"":0,""language"":""TOML"",""commentLines"":1},{""codeLines"":244,""blankLines"":51,""language"":""Text"",""commentLines"":0},{""codeLines"":106,""blankLines"":14,""language"":""CSS"",""commentLines"":1},{""codeLines"":2489,""blankLines"":627,""language"":""Sass"",""commentLines"":235},{""codeLines"":0,""blankLines"":0,""language"":""Rust"",""commentLines"":3},{""codeLines"":440,""blankLines"":100,""language"":""JavaScript"",""commentLines"":80},{""codeLines"":33,""blankLines"":14,""language"":""Bourne Shell"",""commentLines"":13},{""codeLines"":42,""blankLines"":2,""language"":""YAML"",""commentLines"":0}]",2026-05-04T08:38:09,f153e8e1da51e909fb6e1ed210013c6aadab80c2,False,False,False,False,"{""Rust"":95}",announcement;bug;cant-reproduce;help-wanted;making-me-happy;needs-discussion;postponed;question;site-outage;suggested-via-site;survey;type: content;type: design;type: infrastructure;waiting-on-author,cheatsheet;language;rust,753eb03eed2e6bcbae8717e27303b8d101d0a1c5,10% Commit (107/1070),SCSS
69210158,samtay/so,False,207,8,16,38,Rust,main,MIT License,,12,1395,9,7587,2020-05-30T09:06:13,2025-06-30T04:10:25,2025-07-01T02:23:12,24,10,27,3,2425.0,5716.0,274.0,"[{""codeLines"":101,""blankLines"":15,""language"":""TOML"",""commentLines"":20},{""codeLines"":13,""blankLines"":7,""language"":""PowerShell"",""commentLines"":2},{""codeLines"":163,""blankLines"":28,""language"":""YAML"",""commentLines"":8},{""codeLines"":2905,""blankLines"":304,""language"":""Rust"",""commentLines"":226},{""codeLines"":188,""blankLines"":43,""language"":""Bourne Shell"",""commentLines"":10},{""codeLines"":323,""blankLines"":106,""language"":""Markdown"",""commentLines"":0},{""codeLines"":2023,""blankLines"":1922,""language"":""HTML"",""commentLines"":8}]",2025-06-30T04:10:25,4969956b4aab1bb3aa8705627f71a1ad269ffe31,True,False,False,False,"{""Rust"":111918,""Shell"":2528,""PowerShell"":508}",bug;dependencies;documentation;duplicate;enhancement;good first issue;help wanted;invalid;question;upstream;wontfix,cli;cursive;rust;stackexchange;stackoverflow;terminal;tui,v0.3.2,First Release,Ecmarkup
69210339,not-an-aardvark/lucky-commit,False,195,5,0,32,Rust,main,MIT License,,11,1858,11,285,2016-02-17T09:28:41,2025-05-02T03:22:03,2025-05-03T12:49:07,24,0,16,0,291.0,2234.0,270.0,"[{""codeLines"":1730,""blankLines"":178,""language"":""Rust"",""commentLines"":227},{""codeLines"":93,""blankLines"":53,""language"":""Markdown"",""commentLines"":0},{""codeLines"":351,""blankLines"":48,""language"":""OpenCL"",""commentLines"":42},{""codeLines"":29,""blankLines"":5,""language"":""YAML"",""commentLines"":0},{""codeLines"":31,""blankLines"":7,""language"":""TOML"",""commentLines"":1}]",2025-05-02T03:17:56,0000000876876e416982091254f7d7c18c52001b,False,False,False,False,"{""Rust"":76019,""C"":20835}",bug;dependencies;duplicate;enhancement;help wanted;invalid;question;rust;wontfix,git,00000003ea706c37a672ca523972392fad83447a,10% Commit (19/195),C
69220305,theseus-os/theseus,False,1263,13,0,171,Rust,theseus_main,MIT License,https://www.theseus-os.com/,35,2865,39,135404,2017-07-21T09:52:39,2024-09-22T06:48:20,2024-09-23T11:48:56,201,38,902,27,16870.0,78748.0,29647.0,"[{""codeLines"":191,""blankLines"":0,""language"":""JSON"",""commentLines"":0},{""codeLines"":9,""blankLines"":3,""language"":""HTML"",""commentLines"":0},{""codeLines"":43,""blankLines"":9,""language"":""Python"",""commentLines"":11},{""codeLines"":61,""blankLines"":29,""language"":""C"",""commentLines"":55},{""codeLines"":185,""blankLines"":51,""language"":""Linker Script"",""commentLines"":77},{""codeLines"":23,""blankLines"":14,""language"":""Dockerfile"",""commentLines"":22},{""codeLines"":299,""blankLines"":129,""language"":""Bourne Shell"",""commentLines"":165},{""codeLines"":4854,""blankLines"":1403,""language"":""TOML"",""commentLines"":180},{""codeLines"":4,""blankLines"":0,""language"":""SVG"",""commentLines"":0},{""codeLines"":68640,""blankLines"":13850,""language"":""Rust"",""commentLines"":28307},{""codeLines"":219,""blankLines"":32,""language"":""Text"",""commentLines"":0},{""codeLines"":873,""blankLines"":258,""language"":""Assembly"",""commentLines"":381},{""codeLines"":420,""blankLines"":127,""language"":""C/C++ Header"",""commentLines"":41},{""codeLines"":132,""blankLines"":14,""language"":""YAML"",""commentLines"":5},{""codeLines"":2003,""blankLines"":683,""language"":""Markdown"",""commentLines"":10},{""codeLines"":792,""blankLines"":268,""language"":""make"",""commentLines"":393}]",2024-09-22T06:45:57,1fbfe567075a65ed749b6680db1aeb538819c70c,True,False,False,False,"{""Rust"":4294869,""Makefile"":63685,""Assembly"":43479,""Shell"":22661,""C++"":9505,""C"":7673,""Python"":3057,""Dockerfile"":2322,""HTML"":554}",awaiting-testing;blocked;bug;cnr;dependencies;documentation;duplicate;enhancement;help-wanted;intended-behavior;invalid;major;minor;question;tracking;upstream;wontfix,intralingual;kernel;operating-system;research;rust;theseus,9073d389f4d3200395984905c067cb11073d8519,10% Commit (126/1263),Roff
69220416,mercateo/rust-for-node-developers,False,63,15,0,77,Rust,master,Apache License 2.0,,32,1711,19,2835,2016-06-04T07:13:49,2023-06-21T10:10:09,2023-06-27T01:43:45,6,2,42,13,760.0,3948.0,439.0,"[{""codeLines"":240,""blankLines"":0,""language"":""JSON"",""commentLines"":0},{""codeLines"":1961,""blankLines"":179,""language"":""TypeScript"",""commentLines"":421},{""codeLines"":91,""blankLines"":0,""language"":""JavaScript"",""commentLines"":5},{""codeLines"":58,""blankLines"":3,""language"":""TOML"",""commentLines"":0},{""codeLines"":124,""blankLines"":33,""language"":""Rust"",""commentLines"":13},{""codeLines"":1474,""blankLines"":545,""language"":""Markdown"",""commentLines"":0}]",2022-10-06T07:35:47,4a14f616d36f4d9c0f2a7e717f6bf2ac37863541,True,False,False,False,"{""Rust"":4673,""TypeScript"":3232,""JavaScript"":56}",bug;dependencies;duplicate;enhancement;help wanted;invalid;question;wontfix,,4f7f38cb432061c85b851899404719629bde593d,10% Commit (6/63),TypeScript
69220467,googleprojectzero/weggli,False,66,1,3,104,Rust,main,Apache License 2.0,,34,1982,8,2267,2021-09-30T04:06:12,2022-12-06T01:49:54,2022-12-16T03:50:14,51,24,26,5,1715.0,431330.0,2056.0,"[{""codeLines"":184,""blankLines"":33,""language"":""C/C++ Header"",""commentLines"":6},{""codeLines"":191,""blankLines"":47,""language"":""Python"",""commentLines"":20},{""codeLines"":37,""blankLines"":10,""language"":""YAML"",""commentLines"":0},{""codeLines"":218,""blankLines"":84,""language"":""Markdown"",""commentLines"":0},{""codeLines"":10421,""blankLines"":0,""language"":""JSON"",""commentLines"":0},{""codeLines"":417176,""blankLines"":890,""language"":""C"",""commentLines"":1600},{""codeLines"":94,""blankLines"":20,""language"":""C++"",""commentLines"":5},{""codeLines"":2921,""blankLines"":607,""language"":""Rust"",""commentLines"":413},{""codeLines"":60,""blankLines"":16,""language"":""TOML"",""commentLines"":1},{""codeLines"":15,""blankLines"":7,""language"":""JavaScript"",""commentLines"":0},{""codeLines"":13,""blankLines"":1,""language"":""Diff"",""commentLines"":11}]",2022-12-06T01:49:53,9d97d462854a9b682874b259f70cc5a97a70f2cc,True,False,False,False,"{""Rust"":120661,""Python"":7881}",bug;documentation;duplicate;enhancement;good first issue;help wanted;invalid;question;wontfix,,v0.2.2,First Release,C
69221752,jfecher/ante,False,933,2,2,117,Rust,master,MIT License,http://antelang.org,28,2350,27,42560,2015-08-11T04:59:53,2026-10-02T02:58:36,2026-10-03T11:43:15,172,8,100,0,5089.0,36102.0,5059.0,"[{""codeLines"":65,""blankLines"":9,""language"":""TOML"",""commentLines"":14},{""codeLines"":35684,""blankLines"":4986,""language"":""Rust"",""commentLines"":5045},{""codeLines"":111,""blankLines"":45,""language"":""Markdown"",""commentLines"":0},{""codeLines"":72,""blankLines"":12,""language"":""YAML"",""commentLines"":0},{""codeLines"":152,""blankLines"":35,""language"":""Nix"",""commentLines"":0},{""codeLines"":3,""blankLines"":1,""language"":""Dockerfile"",""commentLines"":0},{""codeLines"":13,""blankLines"":1,""language"":""JSON"",""commentLines"":0},{""codeLines"":2,""blankLines"":0,""language"":""Text"",""commentLines"":0}]",2026-10-02T02:58:27,3e680ef372d9498074780c2b3834e506de9d011a,True,False,False,False,"{""Rust"":1968699,""Scala"":130394,""Nix"":5788,""Dockerfile"":119,""RenderScript"":2}",ante-ls;crash;dependencies;design;duplicate;good first issue;help wanted;language feature;library feature;panic;question;rust;syntax sugar;type system;​​​​​error reporting,ante;compiler;language;llvm;refinement-types;systems-language,v0.7.0,First Release,C++
69222310,libbpf/libbpf-rs,False,1693,1,31,171,Rust,master,Other,,24,1022,101,6888,2020-04-12T10:27:59,2026-09-25T04:35:36,2026-10-04T01:03:55,196,9,1260,0,3733.0,22457.0,4057.0,"[{""codeLines"":1318,""blankLines"":315,""language"":""C"",""commentLines"":121},{""codeLines"":479,""blankLines"":28,""language"":""YAML"",""commentLines"":50},{""codeLines"":66,""blankLines"":17,""language"":""C/C++ Header"",""commentLines"":4},{""codeLines"":433,""blankLines"":77,""language"":""TOML"",""commentLines"":192},{""codeLines"":19301,""blankLines"":3064,""language"":""Rust"",""commentLines"":3640},{""codeLines"":775,""blankLines"":215,""language"":""Markdown"",""commentLines"":30},{""codeLines"":52,""blankLines"":8,""language"":""Bourne Shell"",""commentLines"":0},{""codeLines"":4,""blankLines"":1,""language"":""INI"",""commentLines"":0},{""codeLines"":29,""blankLines"":8,""language"":""Diff"",""commentLines"":20}]",2026-09-25T04:31:17,c350c8b187dd30f5eef256fb000ffca29c054f6b,True,False,False,False,"{""Rust"":764538,""C"":16881,""Shell"":1472,""RenderScript"":1}",blocked;bug;dependencies;documentation;duplicate;enhancement;github_actions;good first issue;help wanted;invalid;p0;p1;p2;question;rust;stale;wontfix,bpf;ebpf;libbpf,v0.20.0,First Release,C
69232809,rusqlite/rusqlite,False,3008,4,48,505,Rust,master,MIT License,,27,4426,140,41098,2014-11-04T04:32:36,2026-09-25T11:09:39,2026-10-04T12:53:53,614,130,1225,41,38474.0,395486.0,194755.0,"[{""codeLines"":6,""blankLines"":0,""language"":""CSV"",""commentLines"":0},{""codeLines"":65,""blankLines"":10,""language"":""Bourne Shell"",""commentLines"":15},{""codeLines"":44102,""blankLines"":2702,""language"":""Rust"",""commentLines"":4613},{""codeLines"":345395,""blankLines"":34725,""language"":""C"",""commentLines"":165756},{""codeLines"":4482,""blankLines"":748,""language"":""C/C++ Header"",""commentLines"":24270},{""codeLines"":253,""blankLines"":31,""language"":""TOML"",""commentLines"":63},{""codeLines"":902,""blankLines"":220,""language"":""Markdown"",""commentLines"":0},{""codeLines"":281,""blankLines"":38,""language"":""YAML"",""commentLines"":38}]",2026-09-25T11:09:38,91f876c80114122670f455190d03c81d1f78b0af,True,False,False,False,"{""Rust"":791237,""Shell"":4134,""C"":46}",blocked;bug;cross-compilation;dependencies;discussion;documentation;duplicate;enhancement;help wanted;invalid;proposal;question;rust;testing / ci;wontfix,bindings;rust;sqlite;wrapper,0.10.0,First Release,C
69232994,twistedfall/opencv-rust,False,1725,2,0,186,Rust,master,MIT License,,28,2497,46,27129,2015-04-14T06:32:54,2026-09-26T05:03:24,2026-10-03T08:51:39,591,15,133,1,40760.0,225251.0,91824.0,"[{""codeLines"":8,""blankLines"":4,""language"":""CMake"",""commentLines"":0},{""codeLines"":170,""blankLines"":18,""language"":""YAML"",""commentLines"":0},{""codeLines"":143,""blankLines"":21,""language"":""C/C++ Header"",""commentLines"":18},{""codeLines"":274,""blankLines"":23,""language"":""TOML"",""commentLines"":14},{""codeLines"":86,""blankLines"":30,""language"":""C++"",""commentLines"":0},{""codeLines"":4,""blankLines"":1,""language"":""INI"",""commentLines"":0},{""codeLines"":68,""blankLines"":11,""language"":""Diff"",""commentLines"":60},{""codeLines"":216,""blankLines"":35,""language"":""Dockerfile"",""commentLines"":21},{""codeLines"":1065,""blankLines"":332,""language"":""Markdown"",""commentLines"":0},{""codeLines"":792,""blankLines"":136,""language"":""Bourne Shell"",""commentLines"":29},{""codeLines"":222425,""blankLines"":40149,""language"":""Rust"",""commentLines"":91682}]",2026-09-26T05:02:11,a36e5e876a9eddd5029ee2ab5b9738463bd0338d,True,False,False,False,"{""Rust"":1069281,""Shell"":23972,""Dockerfile"":9289,""C++"":3197,""CMake"":341,""Smarty"":86,""Go Template"":86}",bug;dependencies;duplicate;enhancement;github_actions;help wanted;invalid;question;rust;wontfix,,5fd18ce05de905080806a6a47ce71d2958eb105e,10% Commit (172/1725),Python
69234117,rust-cli/book,False,649,2,0,122,Rust,master,MIT License,https://rust-cli.github.io/book/index.html,16,1048,75,2339,2019-12-07T12:53:29,2026-09-01T12:01:07,2026-09-01T10:03:08,52,20,248,4,687.0,2823.0,199.0,"[{""codeLines"":271,""blankLines"":58,""language"":""Rust"",""commentLines"":22},{""codeLines"":2,""blankLines"":0,""language"":""SVG"",""commentLines"":0},{""codeLines"":163,""blankLines"":36,""language"":""TOML"",""commentLines"":171},{""codeLines"":23,""blankLines"":0,""language"":""JSON5"",""commentLines"":3},{""codeLines"":23,""blankLines"":5,""language"":""CSS"",""commentLines"":0},{""codeLines"":211,""blankLines"":17,""language"":""YAML"",""commentLines"":3},{""codeLines"":2130,""blankLines"":571,""language"":""Markdown"",""commentLines"":0}]",2026-09-01T12:01:04,8a865bfe754eef5ff7a39bfc2f57a8e95d591798,False,False,False,False,"{""Rust"":8674,""CSS"":465}",bug;dependencies;documentation;duplicate;enhancement;good first issue;help wanted;invalid;question;wontfix,,62c6bf2090afa67d3f90c7c15793a3012bbdef86,10% Commit (64/649),CSS
69234426,rpgp/rpgp,False,1143,35,21,102,Rust,main,Apache License 2.0,https://docs.rs/pgp,13,1083,45,5819,2017-09-13T10:18:26,2026-10-03T11:27:44,2026-10-04T03:35:28,214,59,650,13,8128.0,44958.0,5670.0,"[{""codeLines"":224,""blankLines"":0,""language"":""JSON"",""commentLines"":0},{""codeLines"":1506,""blankLines"":646,""language"":""Markdown"",""commentLines"":4},{""codeLines"":44,""blankLines"":11,""language"":""Bourne Shell"",""commentLines"":2},{""codeLines"":42046,""blankLines"":7310,""language"":""Rust"",""commentLines"":5612},{""codeLines"":372,""blankLines"":56,""language"":""TOML"",""commentLines"":22},{""codeLines"":230,""blankLines"":47,""language"":""YAML"",""commentLines"":0},{""codeLines"":28,""blankLines"":8,""language"":""Scheme"",""commentLines"":30},{""codeLines"":323,""blankLines"":50,""language"":""Gencat NLS"",""commentLines"":0},{""codeLines"":185,""blankLines"":0,""language"":""Text"",""commentLines"":0}]",2026-10-03T10:01:56,c2b192e52b2e7f99777196539ea79b37f1f9ff30,True,False,False,False,"{""Rust"":1853075,""Scheme"":2379,""Shell"":1537,""RenderScript"":1}",bug;dependencies;docs;duplicate;enhancement;good first issue;gpg specific;help wanted;ietf-draft;invalid;not-planned;perf;question;rust;security;testing;wontfix,cryptography;openpgp;pgp;rust,v0.2.0-alpha-50-g76ee05a,First Release,AGS Script
69241929,rust-unofficial/too-many-lists,False,273,3,0,275,Rust,master,MIT License,https://rust-unofficial.github.io/too-many-lists/,39,3091,72,2893,2015-05-23T04:58:06,2024-07-02T05:24:19,2024-07-03T02:55:53,121,31,178,38,3250.0,12155.0,37.0,"[{""codeLines"":15,""blankLines"":3,""language"":""TOML"",""commentLines"":0},{""codeLines"":834,""blankLines"":208,""language"":""Rust"",""commentLines"":36},{""codeLines"":36,""blankLines"":5,""language"":""YAML"",""commentLines"":1},{""codeLines"":11270,""blankLines"":3034,""language"":""Markdown"",""commentLines"":0}]",2022-05-16T12:39:35,bec3afe0c33ff2bdce6895126055e4c5fa0dbd7d,True,False,False,False,"{""Rust"":25476}",bug;duplicate;enhancement;help wanted;invalid;question;wontfix,,c2f4afe9cb2693dc135b13fd75df4fda41fc9aa0,10% Commit (27/273),CSS
69241938,saschagrunert/webapp.rs,False,1869,3,2,219,Rust,main,Apache License 2.0,,40,2247,10,5178,2018-06-09T10:14:05,2026-10-01T05:06:47,2026-10-01T05:04:04,26,0,1978,0,246.0,1631.0,41.0,"[{""codeLines"":3,""blankLines"":3,""language"":""Sass"",""commentLines"":6},{""codeLines"":11,""blankLines"":1,""language"":""SQL"",""commentLines"":0},{""codeLines"":1062,""blankLines"":143,""language"":""Rust"",""commentLines"":28},{""codeLines"":6,""blankLines"":2,""language"":""JavaScript"",""commentLines"":0},{""codeLines"":108,""blankLines"":19,""language"":""make"",""commentLines"":5},{""codeLines"":133,""blankLines"":13,""language"":""YAML"",""commentLines"":0},{""codeLines"":26,""blankLines"":9,""language"":""Dockerfile"",""commentLines"":0},{""codeLines"":89,""blankLines"":31,""language"":""Markdown"",""commentLines"":0},{""codeLines"":14,""blankLines"":0,""language"":""HTML"",""commentLines"":0},{""codeLines"":100,""blankLines"":17,""language"":""CSS"",""commentLines"":0},{""codeLines"":79,""blankLines"":8,""language"":""TOML"",""commentLines"":2}]",2026-10-01T05:03:59,c2b1591d0ea5f10c6592cd693ee4f86d3d8a5d03,False,False,False,False,"{""Rust"":37671,""Makefile"":3265,""CSS"":1850,""PLpgSQL"":1145,""Dockerfile"":1012,""HTML"":567,""SCSS"":338,""JavaScript"":153}",bug;dependencies;duplicate;enhancement;feature_request;github_actions;help wanted;hold;invalid;question;rust;wontfix,actix-web;backend;diesel;diesel-rs;frontend;http-server;postgresql;rust;webapp;website,v1.0.0,First Release,CSS
69242368,skerkour/black-hat-rust,False,767,2,0,416,Rust,main,MIT License,https://kerkour.com/black-hat-rust,86,4140,9,2035,2021-02-03T04:40:07,2025-10-01T11:29:33,2025-10-01T11:29:54,0,0,109,0,2335.0,10111.0,559.0,"[{""codeLines"":42,""blankLines"":8,""language"":""SQL"",""commentLines"":0},{""codeLines"":319,""blankLines"":119,""language"":""make"",""commentLines"":7},{""codeLines"":127,""blankLines"":69,""language"":""Dockerfile"",""commentLines"":22},{""codeLines"":582,""blankLines"":0,""language"":""JSON"",""commentLines"":0},{""codeLines"":658,""blankLines"":516,""language"":""Markdown"",""commentLines"":0},{""codeLines"":17,""blankLines"":3,""language"":""Bourne Shell"",""commentLines"":0},{""codeLines"":55,""blankLines"":16,""language"":""C"",""commentLines"":17},{""codeLines"":16,""blankLines"":5,""language"":""HTML"",""commentLines"":0},{""codeLines"":386,""blankLines"":87,""language"":""Python"",""commentLines"":102},{""codeLines"":31,""blankLines"":0,""language"":""CSS"",""commentLines"":8},{""codeLines"":8,""blankLines"":0,""language"":""SVG"",""commentLines"":0},{""codeLines"":586,""blankLines"":138,""language"":""TOML"",""commentLines"":49},{""codeLines"":7274,""blankLines"":1370,""language"":""Rust"",""commentLines"":354},{""codeLines"":10,""blankLines"":4,""language"":""TeX"",""commentLines"":0}]",2023-06-06T06:57:12,24c86c53248e46a0d9cdfe1ebb4f2bb3f9b6d7b1,False,False,False,False,"{""Rust"":289395,""Python"":20346,""Makefile"":9675,""Dockerfile"":2959,""C"":2544,""CSS"":1183,""Shell"":602,""HTML"":413,""TeX"":366}",bug;can't fix :(;dependencies;documentation;duplicate;enhancement;good first issue;help wanted;invalid;question;wontfix,audit;beacon;bug-bounty;bug-hunting;c2;hacking;infosec;offensive-security;pentest;pentesting;phishing;red-team;rust;scanner;security;security-tools;shellcodes;trojan;virus;wasm,9cb3c375000ecbb0c4d93953449bc1f84960f15b,10% Commit (76/767),CSS
69243832,tkaitchuck/ahash,False,464,8,13,132,Rust,master,Apache License 2.0,https://crates.io/crates/ahash,20,1271,44,1076,2019-02-28T06:34:40,2025-11-21T02:04:40,2025-11-21T02:04:44,153,20,122,11,1177.0,7553.0,664.0,"[{""codeLines"":238,""blankLines"":112,""language"":""Markdown"",""commentLines"":0},{""codeLines"":12,""blankLines"":0,""language"":""XML"",""commentLines"":0},{""codeLines"":1,""blankLines"":0,""language"":""CSS"",""commentLines"":0},{""codeLines"":3271,""blankLines"":519,""language"":""Text"",""commentLines"":0},{""codeLines"":3700,""blankLines"":509,""language"":""Rust"",""commentLines"":652},{""codeLines"":175,""blankLines"":35,""language"":""TOML"",""commentLines"":12},{""codeLines"":154,""blankLines"":2,""language"":""YAML"",""commentLines"":0},{""codeLines"":2,""blankLines"":0,""language"":""Bourne Shell"",""commentLines"":0}]",2025-11-21T02:04:40,a9d649d18d6aefeef106a48252dc6708ee7f9e47,True,False,False,False,"{""Rust"":155065,""Shell"":193}",bug;duplicate;enhancement;good first issue;help wanted;invalid;question;wontfix,aes;hash;hashing;rust,v0.8.0,First Release,CSS
69245891,awesome-rust-com/awesome-rust,False,236,1,0,126,Rust,master,,https://awesome-rust.com,23,1083,90,1662,2019-08-29T07:24:51,2026-09-16T06:45:50,2026-09-20T10:23:49,8,0,101,1,236.0,24786.0,3.0,"[{""codeLines"":3,""blankLines"":0,""language"":""Rust"",""commentLines"":0},{""codeLines"":35,""blankLines"":9,""language"":""YAML"",""commentLines"":3},{""codeLines"":1314,""blankLines"":225,""language"":""Markdown"",""commentLines"":0},{""codeLines"":23421,""blankLines"":0,""language"":""JSON"",""commentLines"":0},{""codeLines"":1,""blankLines"":0,""language"":""HTML"",""commentLines"":0},{""codeLines"":12,""blankLines"":2,""language"":""TOML"",""commentLines"":0}]",2026-09-16T06:45:50,909c27b22f7d51ec08f9d0cdd98435577a93f1a2,True,False,False,False,"{""Rust"":2312757}",bug;documentation;duplicate;enhancement;good first issue;help wanted;invalid;question;wontfix,awesome;awesome-rust;rust,e0948a64807b267a896fed46366dd35bcf5288cf,10% Commit (23/236),Ecmarkup
69309061,denisidoro/navi,False,1096,6,69,564,Rust,master,Apache License 2.0,,116,17586,98,1562,2019-09-20T01:38:20,2026-09-20T10:07:15,2026-09-20T07:08:37,431,105,609,5,1363.0,5637.0,422.0,"[{""codeLines"":11,""blankLines"":5,""language"":""make"",""commentLines"":0},{""codeLines"":938,""blankLines"":245,""language"":""Bourne Again Shell"",""commentLines"":178},{""codeLines"":52,""blankLines"":6,""language"":""TOML"",""commentLines"":0},{""codeLines"":41,""blankLines"":12,""language"":""PowerShell"",""commentLines"":3},{""codeLines"":209,""blankLines"":49,""language"":""YAML"",""commentLines"":62},{""codeLines"":1034,""blankLines"":469,""language"":""Markdown"",""commentLines"":24},{""codeLines"":46,""blankLines"":8,""language"":""Fish Shell"",""commentLines"":25},{""codeLines"":4,""blankLines"":1,""language"":""Bourne Shell"",""commentLines"":0},{""codeLines"":30,""blankLines"":6,""language"":""zsh"",""commentLines"":0},{""codeLines"":1,""blankLines"":0,""language"":""SVG"",""commentLines"":0},{""codeLines"":3271,""blankLines"":562,""language"":""Rust"",""commentLines"":130}]",2026-09-20T10:07:15,7389f9544b9cbbf845acadb96c1b18a13ca988c4,True,False,False,False,"{""Rust"":115136,""Shell"":42148,""PowerShell"":1895,""Nushell"":1008,""Elvish"":704,""Makefile"":181}",bug;code quality;dependencies;documentation;duplicate;easy;hacktoberfest-accepted;help wanted;invalid;new feature;pending upvotes;performance;question;rust-will-fix-this;security;windows;wip,bash;cheatsheets;cli;command-line;rust;shell;snippet;snippets;terminal,v0.9.2,First Release,Shell
69309595,salsa-rs/salsa,False,2385,23,69,224,Rust,master,Apache License 2.0,https://salsa-rs.netlify.app/,31,2984,94,11450,2018-09-28T02:56:12,2026-10-04T01:25:24,2026-10-04T09:54:02,309,81,1047,24,7329.0,36773.0,6604.0,"[{""codeLines"":339,""blankLines"":0,""language"":""CSS"",""commentLines"":12},{""codeLines"":272,""blankLines"":19,""language"":""YAML"",""commentLines"":10},{""codeLines"":2344,""blankLines"":868,""language"":""Markdown"",""commentLines"":1},{""codeLines"":13,""blankLines"":4,""language"":""Bourne Shell"",""commentLines"":2},{""codeLines"":180,""blankLines"":37,""language"":""TOML"",""commentLines"":13},{""codeLines"":6,""blankLines"":0,""language"":""SVG"",""commentLines"":2},{""codeLines"":1,""blankLines"":0,""language"":""Lisp"",""commentLines"":0},{""codeLines"":33519,""blankLines"":6395,""language"":""Rust"",""commentLines"":6522},{""codeLines"":91,""blankLines"":6,""language"":""JSON"",""commentLines"":0},{""codeLines"":8,""blankLines"":0,""language"":""JavaScript"",""commentLines"":42}]",2026-09-30T05:07:54,30b614d826d697c47bc0f21591fab218f2004032,True,False,False,False,"{""Rust"":1510933,""CSS"":6176,""Shell"":867,""Just"":196,""Emacs Lisp"":40,""JavaScript"":40}",bikeshed 🚴‍♀️;bug;documentation;fixpoint;good first issue;high-priority;internal;memory;refactoring;rfc;rfc-cycle-recovery;salsa-1.0-pre;salsa-2022;unsound 💥,,salsa-macro-rules-v0.1.0,First Release,JavaScript
69309800,kornelski/dssim,False,185,5,18,84,Rust,main,GNU Affero General Public License v3.0,https://kornel.ski/dssim,18,1201,14,1010,2011-02-20T01:41:41,2026-10-01T02:52:47,2026-10-01T02:42:59,74,7,124,5,480.0,7583.0,364.0,"[{""codeLines"":5220,""blankLines"":0,""language"":""CSV"",""commentLines"":0},{""codeLines"":116,""blankLines"":21,""language"":""TOML"",""commentLines"":8},{""codeLines"":2077,""blankLines"":387,""language"":""Rust"",""commentLines"":310},{""codeLines"":43,""blankLines"":6,""language"":""YAML"",""commentLines"":0},{""codeLines"":18,""blankLines"":9,""language"":""C/C++ Header"",""commentLines"":46},{""codeLines"":109,""blankLines"":57,""language"":""Markdown"",""commentLines"":0}]",2026-09-24T01:46:52,0e44c9b7fe91a5265c8e463436c28512186fe9cd,False,False,False,False,"{""Rust"":96748,""C"":1931}",dependencies;rust,c;comparison;compress-images;dssim;image-benchmark;libpng;similarity;similarity-measurement;ssim,0.1,First Release,C
69311225,williamvenner/gmpublisher,False,532,4,36,94,Rust,master,GNU General Public License v3.0,,19,1204,35,14732,2021-02-19T07:34:55,2026-07-29T05:37:02,2026-07-31T10:35:37,230,74,65,3,10046.0,62027.0,9744.0,"[{""codeLines"":70,""blankLines"":55,""language"":""Markdown"",""commentLines"":9},{""codeLines"":8727,""blankLines"":2596,""language"":""C/C++ Header"",""commentLines"":6158},{""codeLines"":5478,""blankLines"":603,""language"":""Svelte"",""commentLines"":61},{""codeLines"":18839,""blankLines"":4529,""language"":""C++"",""commentLines"":3048},{""codeLines"":19419,""blankLines"":334,""language"":""JSON"",""commentLines"":0},{""codeLines"":10,""blankLines"":2,""language"":""INI"",""commentLines"":0},{""codeLines"":21,""blankLines"":5,""language"":""HTML"",""commentLines"":0},{""codeLines"":78,""blankLines"":5,""language"":""TOML"",""commentLines"":2},{""codeLines"":909,""blankLines"":333,""language"":""Text"",""commentLines"":0},{""codeLines"":1049,""blankLines"":301,""language"":""Objective-C++"",""commentLines"":197},{""codeLines"":354,""blankLines"":62,""language"":""CSS"",""commentLines"":11},{""codeLines"":5965,""blankLines"":1006,""language"":""Rust"",""commentLines"":195},{""codeLines"":110,""blankLines"":0,""language"":""SVG"",""commentLines"":0},{""codeLines"":116,""blankLines"":29,""language"":""WiX source"",""commentLines"":13},{""codeLines"":765,""blankLines"":156,""language"":""JavaScript"",""commentLines"":50},{""codeLines"":117,""blankLines"":30,""language"":""YAML"",""commentLines"":0}]",2026-07-29T05:37:02,0f0e4e49598547d262f35e37cade7932d226161e,False,False,False,False,"{""Rust"":183482,""Svelte"":160924,""JavaScript"":21533,""CSS"":9675,""Shell"":2239,""HTML"":868}",bug;duplicate;enhancement;help wanted;invalid;question;wontfix,billy;garrys;garrys-mod;garrysmod;gmad;gmod;gmpt;gmpu;gmpublish;gmpublisher;publisher;publishing;utility;workshop,alpha-1.0.0,First Release,JavaScript
69313685,mcaptcha/mcaptcha,False,879,43,2,85,Rust,master,GNU Affero General Public License v3.0,https://demo.mcaptcha.org,14,2357,17,36770,2021-03-09T10:17:47,2025-10-07T08:47:27,2025-10-07T09:06:33,75,42,107,7,4123.0,59761.0,2679.0,"[{""codeLines"":3,""blankLines"":0,""language"":""XML"",""commentLines"":0},{""codeLines"":257,""blankLines"":65,""language"":""Bourne Shell"",""commentLines"":28},{""codeLines"":1089,""blankLines"":82,""language"":""YAML"",""commentLines"":168},{""codeLines"":1069,""blankLines"":306,""language"":""Markdown"",""commentLines"":0},{""codeLines"":164,""blankLines"":41,""language"":""make"",""commentLines"":7},{""codeLines"":131,""blankLines"":13,""language"":""JavaScript"",""commentLines"":26},{""codeLines"":214,""blankLines"":48,""language"":""TOML"",""commentLines"":35},{""codeLines"":460,""blankLines"":153,""language"":""Text"",""commentLines"":0},{""codeLines"":37643,""blankLines"":4,""language"":""JSON"",""commentLines"":0},{""codeLines"":1640,""blankLines"":196,""language"":""HTML"",""commentLines"":228},{""codeLines"":1056,""blankLines"":248,""language"":""SCSS"",""commentLines"":276},{""codeLines"":38,""blankLines"":2,""language"":""Dockerfile"",""commentLines"":3},{""codeLines"":3650,""blankLines"":853,""language"":""TypeScript"",""commentLines"":716},{""codeLines"":130,""blankLines"":3,""language"":""SVG"",""commentLines"":1},{""codeLines"":10601,""blankLines"":1814,""language"":""Rust"",""commentLines"":1048},{""codeLines"":1268,""blankLines"":245,""language"":""Sass"",""commentLines"":33},{""codeLines"":269,""blankLines"":33,""language"":""SQL"",""commentLines"":84},{""codeLines"":79,""blankLines"":17,""language"":""CSS"",""commentLines"":26}]",2025-10-07T08:34:41,b215a411ed3e53e3c5d77465f73b40d35986ec93,True,False,False,False,"{""Rust"":400806,""TypeScript"":146610,""HTML"":62741,""SCSS"":29934,""Shell"":8634,""Makefile"":5387,""JavaScript"":3790,""CSS"":1971,""Dockerfile"":1456}",bug;dependencies;documentation;duplicate;enhancement;good first issue;help wanted;invalid;javascript;question;rust;wontfix,actix-web;captcha;ddos-mitigation;ddos-protection;mcaptcha;privacy;proof-of-work;rust;self-host;self-hosted;spam-protection,v0.1.0-rc1,First Release,JavaScript
69357872,rust-embedded/rust-raspberrypi-os-tutorials,False,758,1,0,759,Rust,master,Apache License 2.0,,236,12602,32,21234,2018-03-31T05:08:56,2024-02-10T03:24:45,2024-02-10T09:12:10,85,7,89,4,9472.0,44451.0,11103.0,"[{""codeLines"":22,""blankLines"":18,""language"":""Text"",""commentLines"":0},{""codeLines"":600,""blankLines"":200,""language"":""TOML"",""commentLines"":152},{""codeLines"":1887,""blankLines"":608,""language"":""Ruby"",""commentLines"":284},{""codeLines"":27,""blankLines"":5,""language"":""Bourne Again Shell"",""commentLines"":3},{""codeLines"":55,""blankLines"":0,""language"":""JSON"",""commentLines"":0},{""codeLines"":73,""blankLines"":9,""language"":""Dockerfile"",""commentLines"":15},{""codeLines"":36,""blankLines"":6,""language"":""Bourne Shell"",""commentLines"":9},{""codeLines"":612,""blankLines"":187,""language"":""Assembly"",""commentLines"":424},{""codeLines"":14705,""blankLines"":4662,""language"":""Rust"",""commentLines"":9202},{""codeLines"":1511,""blankLines"":1,""language"":""SVG"",""commentLines"":1},{""codeLines"":1865,""blankLines"":760,""language"":""make"",""commentLines"":1003},{""codeLines"":245,""blankLines"":25,""language"":""YAML"",""commentLines"":10},{""codeLines"":22813,""blankLines"":2991,""language"":""Markdown"",""commentLines"":0}]",2023-12-14T11:22:23,644474cc09f755249f9c55d99a5d1e07a2562fc7,False,False,False,False,"{""Rust"":2586259,""Makefile"":265998,""Ruby"":184647,""Assembly"":99867,""Dockerfile"":4660,""Shell"":2086}",blocked on external;bug;dependencies;duplicate;enhancement;good first issue;help wanted;invalid;question;s-waiting-on-review;wontfix,aarch64;arm64;armv8;bare-metal;embedded-rust;kernel;operating-system;os;raspberry;raspberry-pi;raspberry-pi-3;raspberry-pi-4;rpi3;rpi4;rust;tutorial,1e8ef325b6b3895c06d590aa9ad2b2009587297f,10% Commit (75/758),C
69358925,ekzhang/rustpad,False,88,1,0,155,Rust,main,MIT License,https://rustpad.io,29,3607,5,335,2021-06-01T03:58:36,2025-02-02T01:44:29,2025-02-02T01:44:33,60,5,34,1,419.0,6079.0,192.0,"[{""codeLines"":27,""blankLines"":3,""language"":""Dockerfile"",""commentLines"":0},{""codeLines"":5,""blankLines"":0,""language"":""SQL"",""commentLines"":0},{""codeLines"":1067,""blankLines"":96,""language"":""TypeScript"",""commentLines"":38},{""codeLines"":3241,""blankLines"":0,""language"":""JSON"",""commentLines"":0},{""codeLines"":23,""blankLines"":1,""language"":""HTML"",""commentLines"":0},{""codeLines"":8,""blankLines"":2,""language"":""INI"",""commentLines"":0},{""codeLines"":48,""blankLines"":7,""language"":""TOML"",""commentLines"":0},{""codeLines"":18,""blankLines"":1,""language"":""JavaScript"",""commentLines"":0},{""codeLines"":38,""blankLines"":7,""language"":""YAML"",""commentLines"":0},{""codeLines"":3,""blankLines"":0,""language"":""CSS"",""commentLines"":0},{""codeLines"":98,""blankLines"":31,""language"":""Markdown"",""commentLines"":0},{""codeLines"":4,""blankLines"":0,""language"":""SVG"",""commentLines"":0},{""codeLines"":1499,""blankLines"":271,""language"":""Rust"",""commentLines"":154}]",2025-02-02T01:44:28,54e4a9383c84d7317af42a7ddb177ce8bcba058d,False,False,False,False,"{""Rust"":56376,""TypeScript"":33800,""HTML"":838,""Dockerfile"":816,""JavaScript"":357,""Shell"":68,""CSS"":38}",bug;documentation;duplicate;enhancement;good first issue;help wanted;invalid;question;wontfix,async;code-editor;collaborative-editing;distributed-systems;operational-transformation;react;rust;self-hosted;tokio;typescript,2fe698824eb30659c0334d75ea328088ed22fb78,10% Commit (8/88),CSS
69360206,zhaofengli/colmena,False,630,20,7,106,Rust,main,MIT License,https://colmena.cli.rs,11,2207,37,2620,2020-12-16T04:21:43,2026-06-09T04:54:04,2026-06-10T02:14:25,220,120,117,30,2040.0,10245.0,972.0,"[{""codeLines"":14,""blankLines"":0,""language"":""JSON"",""commentLines"":0},{""codeLines"":1308,""blankLines"":0,""language"":""JavaScript"",""commentLines"":5},{""codeLines"":1686,""blankLines"":250,""language"":""Nix"",""commentLines"":104},{""codeLines"":17,""blankLines"":4,""language"":""INI"",""commentLines"":0},{""codeLines"":124,""blankLines"":49,""language"":""Python"",""commentLines"":11},{""codeLines"":20,""blankLines"":6,""language"":""Diff"",""commentLines"":15},{""codeLines"":233,""blankLines"":53,""language"":""YAML"",""commentLines"":9},{""codeLines"":76,""blankLines"":10,""language"":""TOML"",""commentLines"":1},{""codeLines"":742,""blankLines"":270,""language"":""Markdown"",""commentLines"":39},{""codeLines"":19,""blankLines"":5,""language"":""Bourne Shell"",""commentLines"":1},{""codeLines"":6006,""blankLines"":1393,""language"":""Rust"",""commentLines"":787}]",2025-11-01T10:07:36,349b035a5027f23d88eeb3bc41085d7ee29f18ed,False,False,False,False,"{""Rust"":231617,""Nix"":57464,""Python"":6544,""Shell"":802}",bug;dependencies;documentation;duplicate;enhancement;good first issue;help wanted;invalid;question;rebase;wontfix,deployment;nix;nixos,v0.2.0,First Release,JavaScript
69396120,zdz/serverstatus-rust,False,372,16,29,384,Rust,master,Apache License 2.0,https://ssr.rs,6,2336,19,2265,2022-01-24T02:28:52,2026-09-24T10:16:17,2026-10-03T11:42:50,103,28,214,12,1169.0,25791.0,433.0,"[{""codeLines"":525,""blankLines"":67,""language"":""YAML"",""commentLines"":15},{""codeLines"":42,""blankLines"":0,""language"":""JSON"",""commentLines"":0},{""codeLines"":18,""blankLines"":8,""language"":""Dockerfile"",""commentLines"":0},{""codeLines"":549,""blankLines"":165,""language"":""Markdown"",""commentLines"":0},{""codeLines"":90,""blankLines"":22,""language"":""Protocol Buffers"",""commentLines"":10},{""codeLines"":2,""blankLines"":0,""language"":""JavaScript"",""commentLines"":1},{""codeLines"":44,""blankLines"":4,""language"":""Text"",""commentLines"":0},{""codeLines"":4014,""blankLines"":561,""language"":""Rust"",""commentLines"":187},{""codeLines"":18380,""blankLines"":0,""language"":""SVG"",""commentLines"":0},{""codeLines"":439,""blankLines"":55,""language"":""TOML"",""commentLines"":69},{""codeLines"":757,""blankLines"":129,""language"":""Bourne Shell"",""commentLines"":53},{""codeLines"":767,""blankLines"":132,""language"":""Python"",""commentLines"":93},{""codeLines"":1,""blankLines"":0,""language"":""CSS"",""commentLines"":2},{""codeLines"":163,""blankLines"":26,""language"":""HTML"",""commentLines"":3}]",2026-04-01T04:45:33,485b2ddaa65da738ed456e09fdb16522e16b5b63,True,False,False,False,"{""Rust"":167258,""Python"":32543,""Shell"":26422,""JavaScript"":18021,""HTML"":7053,""CSS"":4691,""Go Template"":517,""Dockerfile"":507,""Procfile"":124}",bug;dependencies;documentation;duplicate;enhancement;good first issue;help wanted;invalid;question;wontfix,probe;railway;rust;serverstatus;serverstatus-rust;telegram;vnstat;webhook;wechat,v1.1,First Release,JavaScript
69396381,fkie-cad/cwe_checker,False,550,9,9,146,Rust,master,GNU Lesser General Public License v3.0,https://docs.cwe-checker.io,25,1361,16,9835,2018-10-08T12:03:57,2026-09-28T01:43:29,2026-10-01T02:31:10,111,22,359,10,5285.0,43222.0,10370.0,"[{""codeLines"":1148,""blankLines"":0,""language"":""JSON"",""commentLines"":0},{""codeLines"":44,""blankLines"":14,""language"":""Bourne Shell"",""commentLines"":2},{""codeLines"":72,""blankLines"":3,""language"":""Nix"",""commentLines"":11},{""codeLines"":110,""blankLines"":31,""language"":""Dockerfile"",""commentLines"":9},{""codeLines"":298,""blankLines"":77,""language"":""Markdown"",""commentLines"":0},{""codeLines"":55,""blankLines"":11,""language"":""make"",""commentLines"":0},{""codeLines"":68,""blankLines"":9,""language"":""TOML"",""commentLines"":0},{""codeLines"":223,""blankLines"":38,""language"":""YAML"",""commentLines"":1},{""codeLines"":848,""blankLines"":267,""language"":""C"",""commentLines"":70},{""codeLines"":144,""blankLines"":38,""language"":""Python"",""commentLines"":11},{""codeLines"":39701,""blankLines"":4705,""language"":""Rust"",""commentLines"":10119},{""codeLines"":511,""blankLines"":92,""language"":""Java"",""commentLines"":147}]",2026-09-28T01:43:29,7288311bbf9d2d1111434f8c07617ce580b9c8c0,True,False,False,False,"{""Rust"":2025848,""Java"":30224,""C"":24512,""Python"":12766,""Dockerfile"":4003,""Nix"":2861,""Shell"":2201,""Makefile"":1954}",bug;dependencies;duplicate;enhancement;good first issue;help wanted;invalid;question;rust;wontfix,binary-analysis;cwe;cwe-checker;ghidra;program-analysis;reverse-engineering;security;security-scanner;static-analyzer;vulnerability-scanner,v0.1,First Release,OCaml
69398225,oreboot/oreboot,False,29214,18,0,114,Rust,main,GNU General Public License v2.0,,28,1794,257,85669,2019-03-04T06:39:09,2026-07-13T09:37:06,2026-07-24T03:06:56,141,47,716,17,3208.0,29558.0,3904.0,"[{""codeLines"":392,""blankLines"":94,""language"":""Assembly"",""commentLines"":352},{""codeLines"":34,""blankLines"":5,""language"":""YAML"",""commentLines"":0},{""codeLines"":764,""blankLines"":278,""language"":""Markdown"",""commentLines"":0},{""codeLines"":348,""blankLines"":103,""language"":""make"",""commentLines"":33},{""codeLines"":533,""blankLines"":86,""language"":""TOML"",""commentLines"":23},{""codeLines"":203,""blankLines"":30,""language"":""Go"",""commentLines"":9},{""codeLines"":165,""blankLines"":26,""language"":""Linker Script"",""commentLines"":100},{""codeLines"":3,""blankLines"":0,""language"":""SVG"",""commentLines"":0},{""codeLines"":107,""blankLines"":0,""language"":""JSON"",""commentLines"":0},{""codeLines"":20,""blankLines"":6,""language"":""Fortran 77"",""commentLines"":0},{""codeLines"":26972,""blankLines"":2576,""language"":""Rust"",""commentLines"":3386},{""codeLines"":17,""blankLines"":4,""language"":""Bourne Shell"",""commentLines"":1}]",2026-07-13T09:37:06,8f9a483960f36c66d89c245588581310261f20e9,True,False,False,False,"{""Rust"":1466878,""Assembly"":22149,""ASL"":12549,""Makefile"":11934,""Linker Script"":8047,""Go"":5281,""C"":3170,""RenderScript"":2527,""PHP"":1818,""C++"":1604,""Shell"":531,""NASL"":435,""BitBake"":435,""HTML"":74}",awaiting author;awaiting reviewer;bug;code health;dependencies;discussion;feature request;good first issue;help wanted;question,bootloader;firmware;hacktoberfest;linux;oreboot;os;riscv;rust,505aaf56e21b94e52cfdeb16b765163f7604e1aa,10% Commit (2921/29214),C
69398256,josh-project/josh,False,2726,677,30,85,Rust,master,MIT License,https://josh-project.dev,6,1959,81,24602,2016-06-10T09:45:46,2026-10-04T02:37:03,2026-10-04T12:04:12,143,44,2450,42,21424.0,92184.0,47319.0,"[{""codeLines"":10,""blankLines"":5,""language"":""make"",""commentLines"":6},{""codeLines"":43,""blankLines"":5,""language"":""HCL"",""commentLines"":2},{""codeLines"":88,""blankLines"":22,""language"":""JavaScript"",""commentLines"":20},{""codeLines"":38,""blankLines"":6,""language"":""Nix"",""commentLines"":3},{""codeLines"":3809,""blankLines"":862,""language"":""PO File"",""commentLines"":884},{""codeLines"":602,""blankLines"":159,""language"":""Bourne Shell"",""commentLines"":82},{""codeLines"":50873,""blankLines"":6699,""language"":""Rust"",""commentLines"":7342},{""codeLines"":21,""blankLines"":0,""language"":""HTML"",""commentLines"":4},{""codeLines"":653,""blankLines"":132,""language"":""CSS"",""commentLines"":2},{""codeLines"":5,""blankLines"":3,""language"":""Bourne Again Shell"",""commentLines"":0},{""codeLines"":487,""blankLines"":130,""language"":""Dockerfile"",""commentLines"":38},{""codeLines"":7118,""blankLines"":19,""language"":""JSON"",""commentLines"":0},{""codeLines"":4074,""blankLines"":1413,""language"":""Markdown"",""commentLines"":0},{""codeLines"":881,""blankLines"":58,""language"":""YAML"",""commentLines"":102},{""codeLines"":1,""blankLines"":0,""language"":""XML"",""commentLines"":0},{""codeLines"":15667,""blankLines"":10322,""language"":""GraphQL"",""commentLines"":38065},{""codeLines"":365,""blankLines"":74,""language"":""Sass"",""commentLines"":0},{""codeLines"":12,""blankLines"":0,""language"":""SVG"",""commentLines"":0},{""codeLines"":1315,""blankLines"":397,""language"":""Python"",""commentLines"":505},{""codeLines"":2496,""blankLines"":534,""language"":""Go"",""commentLines"":96},{""codeLines"":1271,""blankLines"":202,""language"":""TypeScript"",""commentLines"":12},{""codeLines"":3,""blankLines"":0,""language"":""Text"",""commentLines"":0},{""codeLines"":134,""blankLines"":20,""language"":""Pest"",""commentLines"":0},{""codeLines"":22,""blankLines"":4,""language"":""Ruby"",""commentLines"":4},{""codeLines"":365,""blankLines"":74,""language"":""SCSS"",""commentLines"":0},{""codeLines"":1312,""blankLines"":186,""language"":""TOML"",""commentLines"":22},{""codeLines"":519,""blankLines"":98,""language"":""PowerShell"",""commentLines"":130}]",2026-09-30T09:25:51,e6dfb95e45f64f3dcd20b0152847d70dbbaa1328,False,False,False,False,"{""Rust"":2096330,""Python"":81275,""Go"":74817,""TypeScript"":41388,""PowerShell"":26504,""Shell"":17440,""Dockerfile"":16371,""CSS"":12313,""SCSS"":7216,""Go Template"":3217,""Starlark"":1648,""JavaScript"":1495,""Nix"":1462,""HCL"":1136,""Ruby"":920,""HTML"":832,""Makefile"":486,""RenderScript"":1}",bug;build-release-container;build-release-macos;build-release-winget;cannot-reproduce;dependencies;docker;duplicate;enhancement;github_actions;gix-port;go;help wanted;invalid;javascript;maintenance;maybe someday;next-release;question;regression;rust;windows;wip;wontfix,git;monorepo;scm;workflow,r21.03.07,First Release,Perl
69428303,arxanas/git-branchless,False,2049,32,27,117,Rust,master,Apache License 2.0,,16,4132,42,4867,2020-12-10T07:32:11,2026-10-01T06:46:14,2026-10-01T08:00:57,264,72,1242,23,7021.0,57750.0,4357.0,"[{""codeLines"":44,""blankLines"":3,""language"":""JSON"",""commentLines"":0},{""codeLines"":7,""blankLines"":2,""language"":""INI"",""commentLines"":0},{""codeLines"":30,""blankLines"":5,""language"":""Tcl/Tk"",""commentLines"":0},{""codeLines"":15,""blankLines"":0,""language"":""Text"",""commentLines"":0},{""codeLines"":591,""blankLines"":71,""language"":""TOML"",""commentLines"":13},{""codeLines"":499,""blankLines"":102,""language"":""YAML"",""commentLines"":55},{""codeLines"":587,""blankLines"":254,""language"":""Markdown"",""commentLines"":1},{""codeLines"":99,""blankLines"":12,""language"":""Nix"",""commentLines"":11},{""codeLines"":16,""blankLines"":2,""language"":""Dockerfile"",""commentLines"":7},{""codeLines"":55681,""blankLines"":6545,""language"":""Rust"",""commentLines"":4270},{""codeLines"":181,""blankLines"":25,""language"":""Bourne Shell"",""commentLines"":0}]",2026-07-15T10:29:12,03d6ab8dc1a2ff8a2bc44709b93ea6a9038147eb,True,False,False,False,"{""Rust"":2229027,""Nix"":3517,""Dockerfile"":918}",bug;dependencies;documentation;duplicate;enhancement;github_actions;good first issue;has-workaround;help wanted;invalid;no-planned-fix;question;rust;wontfix,cli;git;workflow,v0.1.0,First Release,Python
69428696,liuchengxu/vim-clap,False,825,19,55,81,Rust,master,MIT License,https://liuchengxu.github.io/vim-clap/,21,2139,59,6613,2019-09-28T08:18:01,2026-04-06T03:43:17,2026-04-06T10:37:13,436,11,682,12,9134.0,51308.0,4682.0,"[{""codeLines"":30381,""blankLines"":4856,""language"":""Rust"",""commentLines"":3177},{""codeLines"":989,""blankLines"":111,""language"":""TOML"",""commentLines"":160},{""codeLines"":10037,""blankLines"":2064,""language"":""Vim Script"",""commentLines"":878},{""codeLines"":218,""blankLines"":51,""language"":""Bourne Shell"",""commentLines"":2},{""codeLines"":238,""blankLines"":12,""language"":""HTML"",""commentLines"":15},{""codeLines"":357,""blankLines"":116,""language"":""Python"",""commentLines"":42},{""codeLines"":2955,""blankLines"":368,""language"":""CSS"",""commentLines"":45},{""codeLines"":18,""blankLines"":8,""language"":""PowerShell"",""commentLines"":1},{""codeLines"":41,""blankLines"":17,""language"":""make"",""commentLines"":0},{""codeLines"":212,""blankLines"":31,""language"":""YAML"",""commentLines"":2},{""codeLines"":791,""blankLines"":0,""language"":""JSON"",""commentLines"":0},{""codeLines"":1263,""blankLines"":546,""language"":""Markdown"",""commentLines"":5},{""codeLines"":265,""blankLines"":51,""language"":""Lua"",""commentLines"":84},{""codeLines"":12,""blankLines"":2,""language"":""INI"",""commentLines"":0},{""codeLines"":2624,""blankLines"":424,""language"":""JavaScript"",""commentLines"":259},{""codeLines"":217,""blankLines"":56,""language"":""Scheme"",""commentLines"":12},{""codeLines"":690,""blankLines"":421,""language"":""Text"",""commentLines"":0}]",2026-02-18T12:32:01,10669b0f2caa92013b3c966f13f2290b129c7a0d,True,False,False,False,"{""Rust"":1227767,""Vim Script"":404861,""JavaScript"":94703,""CSS"":82705,""HTML"":16133,""Python"":14192,""Lua"":10689,""Shell"":6050,""Tree-sitter Query"":5193,""Scheme"":5193,""Makefile"":1307,""PowerShell"":811}",:heart:;auto-installer;binary-distribution;breaking-changes;bug;can-not-reproduce;dependencies;discussion;documentation;duplicate;enhancement;epic;example;feature_request;fixed-in-master;good-first-issue;has-workaround;haven't-tried-on-windows;help wanted;invalid;job;keybindings;macos;maple;missing template;missing-reproducible-steps;need-more-info;need-update-docs;neovim;new built-in filter;new-external-filter;new-fuzzy-filter;new-provider;new-provider-source;nice-to-have;no response;no-issue-activity;no-plan;no-pr-activity;optimization;out-dated binary;performance;pr welcome;profile-needed;question;rg;rust;support;ui;ui layout;unconfirmed;upstream;usage;ux;vanity;vim;waiting-for-confirmation;windows;windows tester wanted;wontfix,floating-window;fuzzy-finder;nvim;popup;rust;vim;vim-clap,v0.1,First Release,Vim script
69428910,dprint/dprint,False,1403,40,152,118,Rust,main,MIT License,https://dprint.dev,17,4088,63,51130,2019-06-16T12:47:19,2026-10-03T11:08:24,2026-10-04T12:00:16,564,47,572,8,8166.0,55240.0,18031.0,"[{""codeLines"":2308,""blankLines"":263,""language"":""TypeScript"",""commentLines"":293},{""codeLines"":1110,""blankLines"":60,""language"":""SCSS"",""commentLines"":34},{""codeLines"":37,""blankLines"":13,""language"":""Dockerfile"",""commentLines"":5},{""codeLines"":296,""blankLines"":0,""language"":""JSON"",""commentLines"":0},{""codeLines"":21,""blankLines"":0,""language"":""HTML"",""commentLines"":0},{""codeLines"":407,""blankLines"":80,""language"":""CSS"",""commentLines"":6},{""codeLines"":217,""blankLines"":22,""language"":""TOML"",""commentLines"":21},{""codeLines"":52,""blankLines"":13,""language"":""PowerShell"",""commentLines"":8},{""codeLines"":1331,""blankLines"":144,""language"":""JavaScript"",""commentLines"":186},{""codeLines"":359,""blankLines"":19,""language"":""Nunjucks"",""commentLines"":0},{""codeLines"":998,""blankLines"":15,""language"":""YAML"",""commentLines"":12},{""codeLines"":3344,""blankLines"":1258,""language"":""Markdown"",""commentLines"":16},{""codeLines"":314,""blankLines"":66,""language"":""Sass"",""commentLines"":11},{""codeLines"":84,""blankLines"":11,""language"":""Bourne Shell"",""commentLines"":9},{""codeLines"":44362,""blankLines"":6202,""language"":""Rust"",""commentLines"":17430}]",2026-10-03T11:08:22,880c66f21b9e97dd29bae0b962813bf605f66195,False,False,False,False,"{""Rust"":2568854,""JavaScript"":55588,""TypeScript"":49723,""SCSS"":22060,""Nunjucks"":17782,""CSS"":6794,""Shell"":3060,""PowerShell"":2267,""NSIS"":1565,""HTML"":773}",awaiting feedback;breaking change;bug;configuration;dependencies;discussion;documentation;domain: cli;domain: core;domain: github actions;domain: website;duplicate;editor;enhancement;good first issue;help wanted;internal;invalid;needs info;needs investigation;on hold;performance;playground;priority: high;question;suggestion;wontdo;working as intended,formatter,0.4.0-beta2,First Release,JavaScript
69462058,schniz/fnm,False,738,26,70,639,Rust,master,GNU General Public License v3.0,https://fnm.vercel.app,61,26354,101,4422,2019-01-16T01:32:14,2026-07-24T02:28:38,2026-07-25T03:20:47,705,162,863,72,3184.0,12866.0,305.0,"[{""codeLines"":1,""blankLines"":0,""language"":""SVG"",""commentLines"":0},{""codeLines"":3824,""blankLines"":563,""language"":""Rust"",""commentLines"":129},{""codeLines"":521,""blankLines"":63,""language"":""JavaScript"",""commentLines"":57},{""codeLines"":36,""blankLines"":11,""language"":""Bourne Again Shell"",""commentLines"":3},{""codeLines"":11,""blankLines"":0,""language"":""XML"",""commentLines"":0},{""codeLines"":1589,""blankLines"":950,""language"":""Markdown"",""commentLines"":0},{""codeLines"":305,""blankLines"":55,""language"":""Bourne Shell"",""commentLines"":3},{""codeLines"":143,""blankLines"":0,""language"":""JSON"",""commentLines"":0},{""codeLines"":1256,""blankLines"":110,""language"":""TypeScript"",""commentLines"":6},{""codeLines"":5114,""blankLines"":1427,""language"":""YAML"",""commentLines"":107},{""codeLines"":14,""blankLines"":0,""language"":""DOS Batch"",""commentLines"":0},{""codeLines"":2,""blankLines"":0,""language"":""Windows Resource File"",""commentLines"":0},{""codeLines"":50,""blankLines"":5,""language"":""TOML"",""commentLines"":0}]",2026-07-24T02:26:11,86adc9676ceb2a509b21e75e74048b93c89f097d,True,False,False,False,"{""Rust"":135896,""TypeScript"":42258,""JavaScript"":16378,""PowerShell"":11832,""Shell"":9033,""Batchfile"":261}",automerge;bug;cant reproduce;duplicate;enhancement;fish shell;good first issue;hacktoberfest-accepted;help wanted;invalid;os:windows;pr: bugfix;pr: dependency update;pr: documentation;pr: internal;pr: new feature;pr: not on changelog;question;rust;wontfix,hacktoberfest;javascript;nodejs;nvm;reasonml;version,v1.0.0,First Release,C++
69462346,latex-lsp/texlab,False,2641,25,83,73,Rust,master,GNU General Public License v3.0,,11,1999,41,34172,2018-12-21T01:08:47,2026-07-27T01:34:58,2026-08-01T08:14:55,453,60,1101,16,4194.0,35115.0,106.0,"[{""codeLines"":32217,""blankLines"":3561,""language"":""Rust"",""commentLines"":106},{""codeLines"":205,""blankLines"":16,""language"":""YAML"",""commentLines"":0},{""codeLines"":763,""blankLines"":432,""language"":""Markdown"",""commentLines"":0},{""codeLines"":59,""blankLines"":19,""language"":""TeX"",""commentLines"":0},{""codeLines"":1304,""blankLines"":93,""language"":""Text"",""commentLines"":0},{""codeLines"":567,""blankLines"":73,""language"":""TOML"",""commentLines"":0}]",2026-07-26T07:35:09,4cc18b37c0b46baf39189f173d1bd7468d3f56e1,True,False,False,False,"{""Rust"":1111902,""TeX"":2586,""Roff"":643}",bug;dependencies;duplicate;enhancement;github_actions;good first issue;help wanted;invalid;needs more info;question;rust;security;wontfix,language-server;latex,v0.1.0,First Release,Kotlin
69462476,denoland/dnt,False,342,1,62,49,Rust,main,MIT License,,17,1335,31,101101,2021-09-18T09:08:10,2026-10-01T08:27:27,2026-10-01T11:38:18,268,58,259,6,1523.0,17007.0,1355.0,"[{""codeLines"":44,""blankLines"":0,""language"":""JSON"",""commentLines"":0},{""codeLines"":6900,""blankLines"":568,""language"":""TypeScript"",""commentLines"":918},{""codeLines"":20,""blankLines"":0,""language"":""JavaScript"",""commentLines"":0},{""codeLines"":61,""blankLines"":4,""language"":""YAML"",""commentLines"":0},{""codeLines"":762,""blankLines"":200,""language"":""Markdown"",""commentLines"":0},{""codeLines"":9114,""blankLines"":739,""language"":""Rust"",""commentLines"":430},{""codeLines"":106,""blankLines"":12,""language"":""TOML"",""commentLines"":7}]",2026-09-30T09:37:59,e47d4e35e3801441f7080fee8c42e74b66a450e0,False,False,False,False,"{""Rust"":299596,""TypeScript"":236061,""JavaScript"":437}",breaking change;bug;documentation;duplicate;enhancement;good first issue;has workaround;help wanted;invalid;needs more info;question;suggestion;upstream;wontfix,,0.6.0,First Release,TypeScript
69463541,rust-lang/mdbook,False,3319,5,103,1904,Rust,main,Mozilla Public License 2.0,https://rust-lang.github.io/mdBook/,114,22192,335,7823,2015-07-07T12:57:25,2026-10-04T12:22:59,2026-10-04T11:33:37,1590,563,1621,95,4548.0,26509.0,2343.0,"[{""codeLines"":802,""blankLines"":83,""language"":""Handlebars"",""commentLines"":30},{""codeLines"":354,""blankLines"":17,""language"":""YAML"",""commentLines"":8},{""codeLines"":2,""blankLines"":0,""language"":""PureScript"",""commentLines"":2},{""codeLines"":60,""blankLines"":0,""language"":""JSON5"",""commentLines"":11},{""codeLines"":1325,""blankLines"":186,""language"":""JavaScript"",""commentLines"":225},{""codeLines"":162,""blankLines"":25,""language"":""Bourne Shell"",""commentLines"":27},{""codeLines"":6174,""blankLines"":1924,""language"":""Markdown"",""commentLines"":8},{""codeLines"":674,""blankLines"":102,""language"":""TOML"",""commentLines"":19},{""codeLines"":330,""blankLines"":68,""language"":""Text"",""commentLines"":0},{""codeLines"":1599,""blankLines"":296,""language"":""CSS"",""commentLines"":167},{""codeLines"":14129,""blankLines"":1817,""language"":""Rust"",""commentLines"":1839},{""codeLines"":93,""blankLines"":3,""language"":""SVG"",""commentLines"":1},{""codeLines"":10,""blankLines"":0,""language"":""JSON"",""commentLines"":0},{""codeLines"":795,""blankLines"":27,""language"":""HTML"",""commentLines"":6}]",2026-10-01T05:26:49,22cce19e14eecd3a4695a84d4173f994d739c3d2,True,False,False,False,"{""Rust"":576731,""JavaScript"":56370,""CSS"":49045,""Handlebars"":39295,""HTML"":36520,""Shell"":6068,""PureScript"":142}",A-admonitions;A-footnotes;A-needs-discussion;S-fold;T-mdbook;a-accessibility;a-ace;a-api;a-browser;a-cdn;a-cli;a-code-blocks;a-configuration;a-documentation;a-draft;a-errors;a-fonts;a-highlighting;a-html;a-ignore;a-infrastructure;a-installation;a-internal-representation;a-javascript;a-link-preprocessor;a-links;a-localization;a-markdown;a-mathjax;a-mobile;a-performance;a-playground;a-preprocessor;a-print;a-redirect;a-rendering;a-search;a-style;a-summary;a-testing-mdbook-iteself;a-tests;a-theme;a-ui;breaking change;c-bug;c-dependency-bug;c-enhancement;c-new-format;c-new-preprocessor;c-panic;c-papercut;c-question;c-refactor;command-build;command-clean;command-init;command-serve;command-test;command-watch;dependencies;disposition-close;disposition-merge;e-easy;e-hard;e-help-wanted;e-medium;feature accepted;feature-request;final-comment-period;finished-final-comment-period;m-discussion;msrv-bump;p-blocker;p-high;proposed-final-comment-period;regression;rejected;rust;s-blocked-upstream;s-claimed;s-duplicate;s-experiment;s-not-wrong;s-on-hold;s-waiting-on-author;s-waiting-on-review;s-wishlist;s-work-in-progress;to-announce,,v0.0.1,First Release,JavaScript
69463614,rust-lang/book,False,6287,21,4,4133,Rust,main,Other,https://doc.rust-lang.org/book/,229,18322,433,72147,2015-12-11T10:49:49,2026-09-02T04:04:39,2026-09-19T05:35:54,2115,262,2701,168,17856.0,66745.0,3154.0,"[{""codeLines"":182,""blankLines"":72,""language"":""Bourne Shell"",""commentLines"":101},{""codeLines"":105,""blankLines"":26,""language"":""JavaScript"",""commentLines"":22},{""codeLines"":49082,""blankLines"":14778,""language"":""Markdown"",""commentLines"":1111},{""codeLines"":106,""blankLines"":14,""language"":""CSS"",""commentLines"":10},{""codeLines"":2499,""blankLines"":276,""language"":""Text"",""commentLines"":0},{""codeLines"":22,""blankLines"":0,""language"":""HTML"",""commentLines"":0},{""codeLines"":594,""blankLines"":123,""language"":""TOML"",""commentLines"":21},{""codeLines"":96,""blankLines"":3,""language"":""YAML"",""commentLines"":6},{""codeLines"":394,""blankLines"":61,""language"":""XSLT"",""commentLines"":9},{""codeLines"":11626,""blankLines"":2503,""language"":""Rust"",""commentLines"":1648},{""codeLines"":2039,""blankLines"":0,""language"":""SVG"",""commentLines"":226}]",2026-09-02T04:04:34,1500248d8f230566e4ec9f27fcbb8fe9e2898ab1,False,False,False,False,"{""Rust"":406923,""XSLT"":22861,""Shell"":13415,""HTML"":9902,""Handlebars"":5288,""JavaScript"":3827,""CSS"":2434}",2024-edition-update;2024-fix-nomination;a-css;blocked;blocked upstream;bug;dependencies;e-easy;e-help-wanted;enhancement;feature-stabilized;has workaround;ideas;need more info;online only;print only;q for everyone;q for nostarch;q for ourselves;rust;s-waiting-on-author;s-waiting-on-review;translations,book;mdbook;rust;rust-programming-language,nostarch-second-printing,First Release,XSLT
69463874,artichoke/artichoke,False,7511,12,0,110,Rust,trunk,MIT License,https://www.artichokeruby.org/,41,3134,44,71773,2019-07-27T05:46:44,2025-11-03T02:43:08,2025-11-03T04:29:14,384,110,2483,8,381002.0,2370957.0,331343.0,"[{""codeLines"":552,""blankLines"":118,""language"":""CSS"",""commentLines"":136},{""codeLines"":82,""blankLines"":19,""language"":""Bourne Again Shell"",""commentLines"":16},{""codeLines"":15,""blankLines"":0,""language"":""HTML"",""commentLines"":0},{""codeLines"":485,""blankLines"":64,""language"":""Ruby HTML"",""commentLines"":1},{""codeLines"":111,""blankLines"":36,""language"":""Diff"",""commentLines"":139},{""codeLines"":2272,""blankLines"":218,""language"":""Windows Module Definition"",""commentLines"":0},{""codeLines"":679,""blankLines"":19,""language"":""Fortran 77"",""commentLines"":8},{""codeLines"":853,""blankLines"":5,""language"":""JSON"",""commentLines"":0},{""codeLines"":172,""blankLines"":24,""language"":""Protocol Buffers"",""commentLines"":5},{""codeLines"":117,""blankLines"":94,""language"":""reStructuredText"",""commentLines"":54},{""codeLines"":2109,""blankLines"":313,""language"":""Assembly"",""commentLines"":750},{""codeLines"":1353,""blankLines"":87,""language"":""ERB"",""commentLines"":1},{""codeLines"":95,""blankLines"":0,""language"":""sed"",""commentLines"":7},{""codeLines"":1043,""blankLines"":160,""language"":""CMake"",""commentLines"":170},{""codeLines"":60785,""blankLines"":9163,""language"":""C++"",""commentLines"":9423},{""codeLines"":89,""blankLines"":16,""language"":""Lisp"",""commentLines"":28},{""codeLines"":6,""blankLines"":0,""language"":""CSV"",""commentLines"":0},{""codeLines"":666,""blankLines"":96,""language"":""PHP"",""commentLines"":241},{""codeLines"":5753,""blankLines"":587,""language"":""YAML"",""commentLines"":313},{""codeLines"":12078,""blankLines"":4465,""language"":""Markdown"",""commentLines"":2},{""codeLines"":1128,""blankLines"":332,""language"":""Python"",""commentLines"":238},{""codeLines"":1537,""blankLines"":802,""language"":""Text"",""commentLines"":0},{""codeLines"":58,""blankLines"":16,""language"":""INI"",""commentLines"":0},{""codeLines"":1734,""blankLines"":356,""language"":""TOML"",""commentLines"":240},{""codeLines"":4886,""blankLines"":293,""language"":""M4"",""commentLines"":66},{""codeLines"":36,""blankLines"":2,""language"":""Awk"",""commentLines"":0},{""codeLines"":453526,""blankLines"":66877,""language"":""C"",""commentLines"":98451},{""codeLines"":1357191,""blankLines"":234085,""language"":""Ruby"",""commentLines"":104506},{""codeLines"":500,""blankLines"":23,""language"":""DOS Batch"",""commentLines"":4},{""codeLines"":12,""blankLines"":0,""language"":""XML"",""commentLines"":0},{""codeLines"":325647,""blankLines"":43533,""language"":""C/C++ Header"",""commentLines"":72277},{""codeLines"":17965,""blankLines"":463,""language"":""make"",""commentLines"":61},{""codeLines"":31,""blankLines"":10,""language"":""Scheme"",""commentLines"":0},{""codeLines"":34,""blankLines"":55,""language"":""D"",""commentLines"":134},{""codeLines"":6282,""blankLines"":1818,""language"":""Pascal"",""commentLines"":14793},{""codeLines"":40886,""blankLines"":4457,""language"":""Yacc"",""commentLines"":1535},{""codeLines"":62,""blankLines"":7,""language"":""Perl"",""commentLines"":0},{""codeLines"":68647,""blankLines"":12144,""language"":""Rust"",""commentLines"":27444},{""codeLines"":16,""blankLines"":3,""language"":""zsh"",""commentLines"":20},{""codeLines"":1082,""blankLines"":163,""language"":""Bourne Shell"",""commentLines"":213},{""codeLines"":382,""blankLines"":79,""language"":""JavaScript"",""commentLines"":67}]",2025-11-03T02:43:06,dbeb76f881d1729a08a3e970cf57c205dcbfc03a,False,True,False,False,"{""Rust"":3408233,""Ruby"":292882,""C"":21107,""HTML"":1168,""Shell"":1014}",a-build;a-build-target;a-c-api;a-codegen;a-compiler;a-core;a-crate-features;a-deps;a-emoji;a-filesystem;a-frontend;a-gems;a-memory-management;a-optional-stdlib;a-packaging;a-parallelism;a-parser;a-performance;a-project;a-release;a-ruby-core;a-ruby-language;a-ruby-stdlib;a-rust-extensions;a-security;a-single-binary;a-spec;a-vm;b-artichoke;b-mri;b-mruby;c-bug;c-docs;c-enhancement;c-quality;c-question;capi-mri;capi-mruby;e-easy;e-hard;e-help-wanted;e-medium;e-needs-test;o-linux;o-macos;o-wasm-emscripten;o-wasm-unknown;o-wasm-wasi;o-windows;s-archive;s-blocked;s-do-not-merge;s-duplicate;s-invalid;s-postponed;s-speculative;s-stale;s-wip;s-wontfix,artichoke;language;programming-language;ruby;ruby-language;rust;rust-application;rust-crate;wasm;webassembly,72cf98500bcc480fc50d6ba261a96fd315bc537d,10% Commit (751/7511),Ruby
69464448,rust-lang/reference,False,5149,58,0,609,Rust,master,Apache License 2.0,https://doc.rust-lang.org/nightly/reference/,37,1553,402,6642,2017-03-01T04:21:06,2026-09-29T07:04:39,2026-10-02T09:09:21,669,314,1686,126,7120.0,32401.0,1038.0,"[{""codeLines"":23188,""blankLines"":6327,""language"":""Markdown"",""commentLines"":122},{""codeLines"":68,""blankLines"":7,""language"":""JavaScript"",""commentLines"":3},{""codeLines"":502,""blankLines"":67,""language"":""CSS"",""commentLines"":124},{""codeLines"":72,""blankLines"":0,""language"":""HTML"",""commentLines"":0},{""codeLines"":8079,""blankLines"":661,""language"":""Rust"",""commentLines"":779},{""codeLines"":218,""blankLines"":28,""language"":""TOML"",""commentLines"":2},{""codeLines"":274,""blankLines"":30,""language"":""YAML"",""commentLines"":8}]",2026-09-29T07:01:58,a286e1ecb8ce193d50056e4bb042eea9b23876ef,False,False,False,False,"{""Rust"":337683,""CSS"":18697,""HTML"":3746,""JavaScript"":2224}",A-divergence;A-functions;A-generics;A-type-casting;A-use;Authoring guide;I-opsem-nominated;P-lang-drag-0;P-lang-drag-1;P-lang-drag-2;P-lang-drag-3;P-lang-drag-4;S-waiting-on-t-lang-docs;T-spec;a-abi;a-asm;a-async;a-attributes;a-closures;a-coercions;a-conditional-compilation;a-const-eval;a-conventions;a-destructors;a-diagnostics;a-edition-2015;a-edition-2018;a-edition-2021;a-edition-2024;a-editions;a-expressions;a-glossary;a-grammar;a-inference;a-lexer;a-lifetimes;a-linkage;a-macros;a-method-call;a-panic;a-patterns;a-proc-macro;a-resolve;a-type-layout;a-types;a-undefined-behavior;a-unions;a-unsafe;a-visibility;c-bug;c-discussion;daily-grammar-check;disposition-close;disposition-merge;disposition-postpone;duplicate;e-easy;enhancement;final-comment-period;finished-final-comment-period;formatting;help wanted;i-lang-bikeshed;i-lang-docs-nominated;i-lang-easy-decision;i-lang-nominated;i-lang-radar;invalid;language cleanup;meta;needs-fcp;new content;organization;proposed-final-comment-period;relnotes;rfc review;rfc stabilization docs;s-blocked;s-needs-reviewer;s-waiting-on-author;s-waiting-on-fcp;s-waiting-on-review;s-waiting-on-stabilization;s-waiting-on-t-lang;s-waiting-on-team;t-lang;t-lang-docs;t-opsem;to-announce;tracking issue;won't fix,documentation;reference;rust;rust-lang,52fee734f207de7256895a4b983381527b8b0c87,10% Commit (514/5149),CSS
69464534,johnnymorganz/stylua,False,924,18,63,115,Rust,main,Mozilla Public License 2.0,,16,2306,54,3132,2020-12-15T09:24:43,2026-10-03T06:34:20,2026-10-03T06:29:08,558,63,575,18,3955.0,35240.0,2201.0,"[{""codeLines"":116,""blankLines"":16,""language"":""TOML"",""commentLines"":4},{""codeLines"":639,""blankLines"":95,""language"":""YAML"",""commentLines"":12},{""codeLines"":15796,""blankLines"":1972,""language"":""Rust"",""commentLines"":1150},{""codeLines"":30,""blankLines"":14,""language"":""Bourne Shell"",""commentLines"":4},{""codeLines"":814,""blankLines"":101,""language"":""TypeScript"",""commentLines"":24},{""codeLines"":433,""blankLines"":64,""language"":""JavaScript"",""commentLines"":19},{""codeLines"":8863,""blankLines"":0,""language"":""JSON"",""commentLines"":0},{""codeLines"":1349,""blankLines"":588,""language"":""Markdown"",""commentLines"":0},{""codeLines"":8,""blankLines"":2,""language"":""Dockerfile"",""commentLines"":0},{""codeLines"":266,""blankLines"":58,""language"":""Python"",""commentLines"":35},{""codeLines"":38,""blankLines"":8,""language"":""INI"",""commentLines"":0},{""codeLines"":6888,""blankLines"":1037,""language"":""Lua"",""commentLines"":953}]",2026-10-03T06:29:03,c10650b70d8af4d35f3e94d59a5bb04c421cb838,False,False,False,False,"{""Rust"":674374,""Lua"":107772,""TypeScript"":27318,""JavaScript"":16251,""Shell"":2055,""Python"":1307,""Dockerfile"":213,""Luau"":161}",bug;ci;dependencies;documentation;duplicate;enhancement;extension;external;github_actions;good first issue;hacktoberfest-accepted;hard;help wanted;invalid;javascript;luau;question;requires option;rfc/in discussion;rust;wontfix,formatter;hacktoberfest;lua;luaformatter;luau;pretty-printer;printer;stylua,v0.1.0-alpha,First Release,Lua
69467022,stacks-network/stacks-blockchain,False,19606,928,101,643,Rust,master,GNU General Public License v3.0,https://docs.stacks.co,197,2822,78,121811,2014-09-23T02:40:43,2023-09-12T06:41:21,2023-09-12T02:37:44,2183,160,1607,36,40901.0,346889.0,27855.0,"[{""codeLines"":2546,""blankLines"":500,""language"":""Bourne Shell"",""commentLines"":87},{""codeLines"":3358,""blankLines"":1060,""language"":""Markdown"",""commentLines"":0},{""codeLines"":62,""blankLines"":15,""language"":""Bourne Again Shell"",""commentLines"":36},{""codeLines"":1774,""blankLines"":145,""language"":""YAML"",""commentLines"":379},{""codeLines"":398,""blankLines"":154,""language"":""Dockerfile"",""commentLines"":26},{""codeLines"":1934,""blankLines"":0,""language"":""JSON"",""commentLines"":0},{""codeLines"":26,""blankLines"":7,""language"":""XML"",""commentLines"":0},{""codeLines"":23187,""blankLines"":466,""language"":""TypeScript"",""commentLines"":295},{""codeLines"":21,""blankLines"":2,""language"":""JavaScript"",""commentLines"":3},{""codeLines"":313005,""blankLines"":38431,""language"":""Rust"",""commentLines"":26875},{""codeLines"":578,""blankLines"":121,""language"":""TOML"",""commentLines"":154}]",2023-08-07T03:34:15,eca1cfe81f0c0989ebd3e53c32e3e5d70ed83757,True,False,False,False,"{""Rust"":14055132,""TypeScript"":1130783,""Clarity"":287113,""Shell"":88093,""Dockerfile"":4360,""Mustache"":1920,""Roff"":730,""JavaScript"":564}",2.05.0.3.0;2.05.0.5.0;2.1-rc4;bns;bug;chore;ci;clarity;clarity-cost;consensus-critical;documentation;enhancement;event-stream;feature;frozen;good first issue;help wanted;icebox;l1 working group;mempool;microblocks;mining;nakamoto;next-cost;optimization;pox;pox-2-disable;pox-3;pox-4;question;refactoring;regtest;release 2.0.11.1.0;release 2.0.11.2.0;release 2.05.0.1.0;release 2.05.0.2.0;release-blocking;release-overview;sbtc;sbtc-devnet;security;ship future;ship next;ship now;sip-021-fork-rules;stacks-2.1;stale;static-analysis;strategy;testing;testnet;wontfix,bitcoin;crypto;decentralized;layer2;stacks,v0.17.0,First Release,Python
69467356,ockam-network/ockam,False,3213,220,798,174,Rust,develop,Apache License 2.0,https://ockam.io,51,1873,75,79012,2018-11-30T06:57:01,2022-04-27T05:37:01,2022-04-25T03:21:04,632,262,1950,28,24904.0,120013.0,13717.0,"[{""codeLines"":677,""blankLines"":93,""language"":""TypeScript"",""commentLines"":48},{""codeLines"":5,""blankLines"":0,""language"":""Logos"",""commentLines"":0},{""codeLines"":76,""blankLines"":26,""language"":""DOS Batch"",""commentLines"":2},{""codeLines"":1393,""blankLines"":408,""language"":""Bourne Again Shell"",""commentLines"":149},{""codeLines"":260,""blankLines"":32,""language"":""Dockerfile"",""commentLines"":22},{""codeLines"":104,""blankLines"":2,""language"":""JSON"",""commentLines"":0},{""codeLines"":1474,""blankLines"":182,""language"":""TOML"",""commentLines"":152},{""codeLines"":45,""blankLines"":22,""language"":""CMake"",""commentLines"":4},{""codeLines"":45,""blankLines"":17,""language"":""JavaScript"",""commentLines"":43},{""codeLines"":1363,""blankLines"":340,""language"":""Bourne Shell"",""commentLines"":296},{""codeLines"":23210,""blankLines"":6134,""language"":""Elixir"",""commentLines"":2927},{""codeLines"":125,""blankLines"":48,""language"":""C/C++ Header"",""commentLines"":139},{""codeLines"":9875,""blankLines"":4711,""language"":""Markdown"",""commentLines"":1},{""codeLines"":145,""blankLines"":58,""language"":""make"",""commentLines"":0},{""codeLines"":313,""blankLines"":55,""language"":""Gradle"",""commentLines"":28},{""codeLines"":287,""blankLines"":25,""language"":""Nix"",""commentLines"":7},{""codeLines"":4379,""blankLines"":632,""language"":""YAML"",""commentLines"":73},{""codeLines"":375,""blankLines"":67,""language"":""Erlang"",""commentLines"":0},{""codeLines"":44,""blankLines"":0,""language"":""SVG"",""commentLines"":0},{""codeLines"":75277,""blankLines"":11900,""language"":""Rust"",""commentLines"":9822},{""codeLines"":541,""blankLines"":152,""language"":""C"",""commentLines"":4}]",2022-04-25T02:23:28,2994c16e81dffa26de95eebad372232bf9faa7ae,False,False,False,False,"{""Rust"":1250577,""Elixir"":554858,""TypeScript"":9587,""Shell"":3566,""Makefile"":541,""Dockerfile"":113}",component: channel;component: ci/cd;component: cmake;component: core;component: key exchange;component: transport;component: vault;good first issue;help wanted;implementation: c;implementation: elixir;implementation: rust;implementation: typescript;priority: critical;priority: high;priority: low;priority: medium;status: abandoned;status: available;status: blocked;status: in progress;status: on hold;status: proposal;status: review needed;todo;type: bug;type: dependencies;type: documentation;type: enhancement;type: feature;type: maintenance;type: question;type: testing,,v0.2.1,First Release,Go
69467611,poem-web/poem,False,1519,20,2,360,Rust,master,Apache License 2.0,,40,4444,142,7114,2021-08-11T09:08:53,2026-10-04T06:13:40,2026-10-04T09:58:03,516,173,560,10,10066.0,65823.0,8297.0,"[{""codeLines"":702,""blankLines"":0,""language"":""JSON"",""commentLines"":0},{""codeLines"":6,""blankLines"":0,""language"":""SQL"",""commentLines"":0},{""codeLines"":1488,""blankLines"":145,""language"":""TOML"",""commentLines"":13},{""codeLines"":6,""blankLines"":0,""language"":""Freemarker Template"",""commentLines"":0},{""codeLines"":3,""blankLines"":0,""language"":""Text"",""commentLines"":0},{""codeLines"":5199,""blankLines"":350,""language"":""JavaScript"",""commentLines"":66},{""codeLines"":2809,""blankLines"":1166,""language"":""Markdown"",""commentLines"":18},{""codeLines"":54715,""blankLines"":8282,""language"":""Rust"",""commentLines"":8039},{""codeLines"":137,""blankLines"":61,""language"":""Protocol Buffers"",""commentLines"":146},{""codeLines"":82,""blankLines"":16,""language"":""Bourne Shell"",""commentLines"":0},{""codeLines"":330,""blankLines"":17,""language"":""YAML"",""commentLines"":11},{""codeLines"":255,""blankLines"":18,""language"":""HTML"",""commentLines"":1},{""codeLines"":90,""blankLines"":10,""language"":""Python"",""commentLines"":2},{""codeLines"":1,""blankLines"":1,""language"":""CSS"",""commentLines"":1}]",2026-10-04T06:13:40,ba695c0a5e3671ddb777b49388a7ebaf90e216bb,True,False,False,False,"{""Rust"":1817742,""CSS"":177958,""Python"":4073,""HTML"":3454,""Shell"":2349}",breaking;bug;dependencies;documentation;duplicate;easy;enhancement;github_actions;good first issue;hard;help wanted;medium;question;rust;stale;wontfix,fastapi;framework;http;poem;rust;rust-crate;rust-lang;rust-library;server;web,poem-openapi@2.0.0-alpha.1,First Release,JavaScript
69468417,eclipse-zenoh/zenoh,False,4825,372,53,379,Rust,main,Other,https://zenoh.io,32,3237,74,28217,2020-01-21T03:38:53,2026-10-02T12:09:48,2026-10-04T06:09:04,771,211,2041,108,23284.0,155560.0,43314.0,"[{""codeLines"":1207,""blankLines"":189,""language"":""YAML"",""commentLines"":127},{""codeLines"":8,""blankLines"":4,""language"":""Python"",""commentLines"":17},{""codeLines"":1257,""blankLines"":564,""language"":""Markdown"",""commentLines"":4},{""codeLines"":6,""blankLines"":2,""language"":""Protocol Buffers"",""commentLines"":0},{""codeLines"":2225,""blankLines"":220,""language"":""TOML"",""commentLines"":688},{""codeLines"":14,""blankLines"":10,""language"":""Dockerfile"",""commentLines"":17},{""codeLines"":280,""blankLines"":33,""language"":""JSON5"",""commentLines"":1045},{""codeLines"":55,""blankLines"":20,""language"":""Bourne Shell"",""commentLines"":34},{""codeLines"":6,""blankLines"":4,""language"":""reStructuredText"",""commentLines"":13},{""codeLines"":150502,""blankLines"":22238,""language"":""Rust"",""commentLines"":41369}]",2026-10-01T10:39:50,173b1220c2ab59cc22c82bfc6c95ac9971ff213b,True,False,False,False,"{""Rust"":7212057,""Shell"":2993,""Dockerfile"":1705,""Python"":958,""RenderScript"":1}",api fix;api sync;breaking-change;bug;dependencies;documentation;duplicate;enhancement;good first issue;help wanted;internal;invalid;new feature;not sure;question;release;rust;umbrella;wontfix,distributed-computing;distributed-storage;distributed-systems;edge-computing;embedded;geo-distributed-storages;iot;messaging;network-programming;networking;protocol;robotics;ros2;rust;rust-lang;storage;zenoh,0.4.2-M1,First Release,OCaml
69468506,khonsulabs/bonsaidb,False,1124,6,9,37,Rust,main,Apache License 2.0,https://bonsaidb.io/,16,1000,10,5642,2021-03-20T04:35:24,2024-07-25T03:52:08,2024-07-26T09:59:16,232,96,70,4,7238.0,49380.0,8163.0,"[{""codeLines"":6,""blankLines"":0,""language"":""JavaScript"",""commentLines"":27},{""codeLines"":44926,""blankLines"":6091,""language"":""Rust"",""commentLines"":8094},{""codeLines"":3055,""blankLines"":972,""language"":""Markdown"",""commentLines"":3},{""codeLines"":309,""blankLines"":51,""language"":""YAML"",""commentLines"":19},{""codeLines"":864,""blankLines"":92,""language"":""TOML"",""commentLines"":20},{""codeLines"":220,""blankLines"":32,""language"":""HTML"",""commentLines"":0}]",2024-07-25T03:52:08,176dfd04b238ed21f844eb131e71c618dea41290,False,False,False,False,"{""Rust"":1904329,""HTML"":7575,""JavaScript"":40}",blocked;bug;collections;documentation;duplicate;enhancement;files;good first issue;help wanted;key-value;multiuser;networking;pubsub;question;storage;wontfix,database;rust,v0.1.0-dev.4,First Release,JavaScript
69469017,naaive/orange,False,361,14,18,119,Rust,release,GNU General Public License v3.0,https://0-range.github.io,17,1444,6,46527,2021-12-31T01:46:07,2023-10-15T09:49:14,2024-01-02T09:16:56,35,29,16,0,495.0,3511.0,113.0,"[{""codeLines"":882,""blankLines"":105,""language"":""JavaScript"",""commentLines"":4},{""codeLines"":161,""blankLines"":0,""language"":""JSON"",""commentLines"":0},{""codeLines"":8,""blankLines"":0,""language"":""SVG"",""commentLines"":0},{""codeLines"":2073,""blankLines"":308,""language"":""Rust"",""commentLines"":73},{""codeLines"":68,""blankLines"":4,""language"":""YAML"",""commentLines"":0},{""codeLines"":3,""blankLines"":0,""language"":""Text"",""commentLines"":0},{""codeLines"":144,""blankLines"":24,""language"":""CSS"",""commentLines"":9},{""codeLines"":64,""blankLines"":3,""language"":""TOML"",""commentLines"":7},{""codeLines"":88,""blankLines"":48,""language"":""Markdown"",""commentLines"":0},{""codeLines"":20,""blankLines"":3,""language"":""HTML"",""commentLines"":20}]",2023-10-15T08:21:56,09cfcdeba08ce718a978c6dadbf9b5d8f41b658b,True,False,False,False,"{""Rust"":61331,""JavaScript"":30643,""CSS"":3303,""HTML"":1751}",bug;documentation;duplicate;enhancement;good first issue;help wanted;invalid;question;suggestion;wontfix,filesearch;filesystem;productivity;search;search-engine;tantivy,0.0.1,First Release,Java
69469376,zaplib/zaplib,False,353,13,0,33,Rust,main,Apache License 2.0,https://zaplib.com,13,1199,8,20574,2022-02-02T09:58:05,2023-03-25T01:05:42,2023-04-13T09:39:57,95,74,114,11,8773.0,126826.0,7462.0,"[{""codeLines"":13,""blankLines"":3,""language"":""Python"",""commentLines"":0},{""codeLines"":79,""blankLines"":9,""language"":""CSS"",""commentLines"":1},{""codeLines"":679,""blankLines"":88,""language"":""HTML"",""commentLines"":21},{""codeLines"":5976,""blankLines"":616,""language"":""TypeScript"",""commentLines"":848},{""codeLines"":353,""blankLines"":0,""language"":""JSON"",""commentLines"":0},{""codeLines"":525,""blankLines"":71,""language"":""TOML"",""commentLines"":12},{""codeLines"":10,""blankLines"":1,""language"":""C/C++ Header"",""commentLines"":0},{""codeLines"":131,""blankLines"":0,""language"":""YAML"",""commentLines"":3},{""codeLines"":262,""blankLines"":41,""language"":""Handlebars"",""commentLines"":21},{""codeLines"":2464,""blankLines"":908,""language"":""Markdown"",""commentLines"":0},{""codeLines"":482,""blankLines"":87,""language"":""JavaScript"",""commentLines"":68},{""codeLines"":251,""blankLines"":101,""language"":""Bourne Shell"",""commentLines"":99},{""codeLines"":115601,""blankLines"":6848,""language"":""Rust"",""commentLines"":6389}]",2022-08-07T01:55:08,ef9335c9892daf0783468f238d83aef0ea6b14a2,False,False,False,False,"{""Rust"":4556882,""TypeScript"":238278,""HTML"":30793,""Shell"":21058,""JavaScript"":11293,""CSS"":1007,""Python"":562,""C"":294}",arcol;bug;cruise;dependencies;docs;documentation;duplicate;enhancement;flux;good first issue;help wanted;infra;invalid;javascript;pyroscope;question;rust;wontfix,,23697497b31e0f57b34adfc41d1f4fc5d55b2a96,10% Commit (35/353),JavaScript
69470069,kimono-koans/httm,False,4710,8,174,36,Rust,master,Mozilla Public License 2.0,https://crates.io/crates/httm,8,1661,5,4604,2022-03-07T11:50:50,2026-09-18T04:19:34,2026-09-18T04:18:16,63,6,97,0,2844.0,16589.0,1317.0,"[{""codeLines"":8911,""blankLines"":1386,""language"":""Rust"",""commentLines"":1083},{""codeLines"":72,""blankLines"":11,""language"":""Handlebars"",""commentLines"":0},{""codeLines"":187,""blankLines"":22,""language"":""TOML"",""commentLines"":2},{""codeLines"":46,""blankLines"":18,""language"":""Bourne Shell"",""commentLines"":5},{""codeLines"":5744,""blankLines"":940,""language"":""HTML"",""commentLines"":0},{""codeLines"":51,""blankLines"":16,""language"":""zsh"",""commentLines"":21},{""codeLines"":1164,""blankLines"":330,""language"":""Bourne Again Shell"",""commentLines"":195},{""codeLines"":37,""blankLines"":5,""language"":""YAML"",""commentLines"":11},{""codeLines"":377,""blankLines"":116,""language"":""Markdown"",""commentLines"":0}]",2026-09-18T04:18:10,52e9d9c82d92c6deb47d43f4f0a7aec220cdd054,True,False,False,False,"{""Rust"":399001,""Shell"":56691,""Roff"":16791,""Handlebars"":2110}",bug;documentation;duplicate;enhancement;good first issue;help wanted;invalid;question;wontfix,btrfs;btrfs-snapshots;cli;command-line;command-line-tool;freebsd;homelab;linux;nilfs;restic;rust;shell;terminal;unix;unix-command;unix-shell;zfs;zfs-snapshots;zfsonroot;zsh,0.23.3,First Release,Ecmarkup
69492088,mullvad/mullvadvpn-app,False,33613,269,275,533,Rust,main,GNU General Public License v3.0,https://mullvad.net/,86,7620,90,315330,2017-12-19T08:59:42,2026-10-04T11:15:07,2026-10-03T10:12:23,1575,113,9364,47,93153.0,657208.0,63330.0,"[{""codeLines"":80322,""blankLines"":16734,""language"":""Swift"",""commentLines"":14225},{""codeLines"":112688,""blankLines"":17620,""language"":""Rust"",""commentLines"":14741},{""codeLines"":1784,""blankLines"":496,""language"":""Bourne Again Shell"",""commentLines"":203},{""codeLines"":1336,""blankLines"":153,""language"":""Nix"",""commentLines"":120},{""codeLines"":66357,""blankLines"":26422,""language"":""PO File"",""commentLines"":13552},{""codeLines"":5050,""blankLines"":1313,""language"":""Bourne Shell"",""commentLines"":959},{""codeLines"":44,""blankLines"":1,""language"":""Diff"",""commentLines"":36},{""codeLines"":20,""blankLines"":0,""language"":""HTML"",""commentLines"":0},{""codeLines"":216,""blankLines"":17,""language"":""CSS"",""commentLines"":6},{""codeLines"":2344,""blankLines"":398,""language"":""Gradle"",""commentLines"":139},{""codeLines"":161,""blankLines"":36,""language"":""Ruby"",""commentLines"":11},{""codeLines"":25,""blankLines"":6,""language"":""make"",""commentLines"":7},{""codeLines"":1,""blankLines"":0,""language"":""Snakemake"",""commentLines"":17},{""codeLines"":2432,""blankLines"":665,""language"":""C/C++ Header"",""commentLines"":519},{""codeLines"":16057,""blankLines"":4356,""language"":""JavaScript"",""commentLines"":12002},{""codeLines"":64,""blankLines"":18,""language"":""DOS Batch"",""commentLines"":0},{""codeLines"":106,""blankLines"":6,""language"":""INI"",""commentLines"":0},{""codeLines"":37265,""blankLines"":9,""language"":""Text"",""commentLines"":0},{""codeLines"":157,""blankLines"":28,""language"":""HCL"",""commentLines"":62},{""codeLines"":36,""blankLines"":22,""language"":""Properties"",""commentLines"":53},{""codeLines"":2951,""blankLines"":375,""language"":""TOML"",""commentLines"":400},{""codeLines"":3238,""blankLines"":3,""language"":""SVG"",""commentLines"":1},{""codeLines"":107550,""blankLines"":147,""language"":""XML"",""commentLines"":140},{""codeLines"":553,""blankLines"":147,""language"":""Go"",""commentLines"":108},{""codeLines"":60361,""blankLines"":9616,""language"":""TypeScript"",""commentLines"":2026},{""codeLines"":215,""blankLines"":2,""language"":""Visual Studio Solution"",""commentLines"":3},{""codeLines"":371,""blankLines"":126,""language"":""Python"",""commentLines"":109},{""codeLines"":76568,""blankLines"":9262,""language"":""Kotlin"",""commentLines"":2720},{""codeLines"":9463,""blankLines"":3198,""language"":""Markdown"",""commentLines"":23},{""codeLines"":5648,""blankLines"":591,""language"":""YAML"",""commentLines"":385},{""codeLines"":251,""blankLines"":77,""language"":""Dockerfile"",""commentLines"":154},{""codeLines"":874,""blankLines"":171,""language"":""Protocol Buffers"",""commentLines"":282},{""codeLines"":57804,""blankLines"":1,""language"":""JSON"",""commentLines"":0},{""codeLines"":22,""blankLines"":2,""language"":""ProGuard"",""commentLines"":8},{""codeLines"":24,""blankLines"":1,""language"":""Windows Resource File"",""commentLines"":0},{""codeLines"":10,""blankLines"":1,""language"":""Windows Module Definition"",""commentLines"":0},{""codeLines"":192,""blankLines"":63,""language"":""PlantUML"",""commentLines"":5},{""codeLines"":4648,""blankLines"":1070,""language"":""C++"",""commentLines"":314}]",2026-10-02T02:23:29,8fcbcd553ebf514f854fd835fe1bd37c8551b56a,False,False,False,False,"{""Rust"":4991229,""Swift"":3946871,""Kotlin"":3465665,""TypeScript"":2165516,""Shell"":312554,""C++"":176510,""C"":78945,""Nix"":43163,""JavaScript"":33192,""NSIS"":28271,""Python"":22308,""Go"":19425,""Dockerfile"":16746,""HCL"":8101,""Objective-C"":6449,""CSS"":3032,""PowerShell"":2815,""Ruby"":1404,""Makefile"":1255,""HTML"":916}",android;bug;daemon;dependencies;desktop frontend;e2e;enhancement;good first issue;gotatun;incident;ios;linux;macos;not-app-related;not-in-scope;on hold;tray;windows;wontfix,electron;nodejs;openvpn;rust;vpn;wireguard,2017.1-beta7,First Release,JavaScript
69492156,wilfred/difftastic,False,15935,78,53,523,Rust,master,MIT License,https://difftastic.wilfred.me.uk/,66,25973,368,1705760,2018-12-18T11:19:45,2026-10-02T08:47:16,2026-10-04T04:23:33,758,247,307,41,100348.0,1903424.0,61980.0,"[{""codeLines"":45,""blankLines"":4,""language"":""QML"",""commentLines"":2},{""codeLines"":20,""blankLines"":4,""language"":""Maven"",""commentLines"":0},{""codeLines"":50,""blankLines"":9,""language"":""Nix"",""commentLines"":0},{""codeLines"":5406,""blankLines"":917,""language"":""JavaScript"",""commentLines"":461},{""codeLines"":60,""blankLines"":28,""language"":""Elm"",""commentLines"":4},{""codeLines"":24,""blankLines"":8,""language"":""Lua"",""commentLines"":0},{""codeLines"":7,""blankLines"":0,""language"":""F# Script"",""commentLines"":25},{""codeLines"":9,""blankLines"":6,""language"":""Haskell"",""commentLines"":2},{""codeLines"":1728,""blankLines"":235,""language"":""HTML"",""commentLines"":24},{""codeLines"":2936,""blankLines"":18,""language"":""CSS"",""commentLines"":22},{""codeLines"":1794,""blankLines"":418,""language"":""C/C++ Header"",""commentLines"":367},{""codeLines"":93,""blankLines"":4,""language"":""Swift"",""commentLines"":2},{""codeLines"":56,""blankLines"":24,""language"":""PO File"",""commentLines"":38},{""codeLines"":8,""blankLines"":1,""language"":""Zig"",""commentLines"":0},{""codeLines"":18496,""blankLines"":2209,""language"":""Rust"",""commentLines"":1984},{""codeLines"":1596,""blankLines"":399,""language"":""ANTLR Grammar"",""commentLines"":174},{""codeLines"":19,""blankLines"":2,""language"":""JSX"",""commentLines"":0},{""codeLines"":679,""blankLines"":144,""language"":""R"",""commentLines"":1785},{""codeLines"":18,""blankLines"":6,""language"":""Go"",""commentLines"":4},{""codeLines"":2141,""blankLines"":496,""language"":""Scheme"",""commentLines"":280},{""codeLines"":3,""blankLines"":0,""language"":""Properties"",""commentLines"":2},{""codeLines"":14,""blankLines"":4,""language"":""Apex Class"",""commentLines"":6},{""codeLines"":20,""blankLines"":2,""language"":""Verilog-SystemVerilog"",""commentLines"":0},{""codeLines"":57,""blankLines"":5,""language"":""VHDL"",""commentLines"":0},{""codeLines"":10,""blankLines"":2,""language"":""PHP"",""commentLines"":6},{""codeLines"":4195,""blankLines"":2063,""language"":""Markdown"",""commentLines"":0},{""codeLines"":522,""blankLines"":79,""language"":""Objective-C"",""commentLines"":75},{""codeLines"":17,""blankLines"":2,""language"":""Fish Shell"",""commentLines"":0},{""codeLines"":749,""blankLines"":78,""language"":""YAML"",""commentLines"":29},{""codeLines"":10,""blankLines"":2,""language"":""Dart"",""commentLines"":0},{""codeLines"":710847,""blankLines"":214,""language"":""C"",""commentLines"":87},{""codeLines"":67,""blankLines"":1,""language"":""SVG"",""commentLines"":1},{""codeLines"":41676,""blankLines"":3,""language"":""JSON"",""commentLines"":0},{""codeLines"":653,""blankLines"":66,""language"":""Solidity"",""commentLines"":58},{""codeLines"":35,""blankLines"":10,""language"":""Bourne Again Shell"",""commentLines"":1},{""codeLines"":1035118,""blankLines"":86657,""language"":""C++"",""commentLines"":50722},{""codeLines"":305,""blankLines"":98,""language"":""Kotlin"",""commentLines"":196},{""codeLines"":10,""blankLines"":4,""language"":""CMake"",""commentLines"":4},{""codeLines"":144,""blankLines"":44,""language"":""Fortran 90"",""commentLines"":13},{""codeLines"":55,""blankLines"":12,""language"":""Perl"",""commentLines"":0},{""codeLines"":12324,""blankLines"":1368,""language"":""Hare"",""commentLines"":1672},{""codeLines"":46,""blankLines"":10,""language"":""Pascal"",""commentLines"":4},{""codeLines"":449,""blankLines"":108,""language"":""Yacc"",""commentLines"":0},{""codeLines"":414,""blankLines"":32,""language"":""Janet"",""commentLines"":188},{""codeLines"":858,""blankLines"":212,""language"":""make"",""commentLines"":80},{""codeLines"":25,""blankLines"":8,""language"":""Racket"",""commentLines"":0},{""codeLines"":68,""blankLines"":23,""language"":""PL/M"",""commentLines"":0},{""codeLines"":27,""blankLines"":9,""language"":""Bourne Shell"",""commentLines"":13},{""codeLines"":2411,""blankLines"":200,""language"":""Erlang"",""commentLines"":404},{""codeLines"":3,""blankLines"":1,""language"":""Diff"",""commentLines"":7},{""codeLines"":29186,""blankLines"":1665,""language"":""OCaml"",""commentLines"":2060},{""codeLines"":2,""blankLines"":0,""language"":""Ruby"",""commentLines"":1},{""codeLines"":23,""blankLines"":12,""language"":""F#"",""commentLines"":0},{""codeLines"":7885,""blankLines"":56,""language"":""SCSS"",""commentLines"":29},{""codeLines"":133,""blankLines"":5,""language"":""TypeScript"",""commentLines"":0},{""codeLines"":81,""blankLines"":9,""language"":""Julia"",""commentLines"":14},{""codeLines"":40,""blankLines"":11,""language"":""INI"",""commentLines"":0},{""codeLines"":4240,""blankLines"":968,""language"":""Text"",""commentLines"":0},{""codeLines"":59,""blankLines"":19,""language"":""TeX"",""commentLines"":0},{""codeLines"":160,""blankLines"":21,""language"":""HCL"",""commentLines"":9},{""codeLines"":350,""blankLines"":65,""language"":""TOML"",""commentLines"":24},{""codeLines"":317,""blankLines"":69,""language"":""Clojure"",""commentLines"":20},{""codeLines"":7,""blankLines"":0,""language"":""XML"",""commentLines"":0},{""codeLines"":24,""blankLines"":2,""language"":""Elixir"",""commentLines"":0},{""codeLines"":642,""blankLines"":209,""language"":""Python"",""commentLines"":2},{""codeLines"":524,""blankLines"":58,""language"":""C#"",""commentLines"":20},{""codeLines"":6,""blankLines"":0,""language"":""MSBuild script"",""commentLines"":0},{""codeLines"":6604,""blankLines"":874,""language"":""Lisp"",""commentLines"":1029},{""codeLines"":87,""blankLines"":16,""language"":""Gleam"",""commentLines"":0},{""codeLines"":15,""blankLines"":4,""language"":""SQL"",""commentLines"":2},{""codeLines"":17,""blankLines"":5,""language"":""Dockerfile"",""commentLines"":0},{""codeLines"":14,""blankLines"":4,""language"":""Apex Trigger"",""commentLines"":6},{""codeLines"":7,""blankLines"":1,""language"":""Ada"",""commentLines"":0},{""codeLines"":20,""blankLines"":11,""language"":""reStructuredText"",""commentLines"":0},{""codeLines"":39,""blankLines"":8,""language"":""Scala"",""commentLines"":4},{""codeLines"":24,""blankLines"":7,""language"":""Assembly"",""commentLines"":2},{""codeLines"":6591,""blankLines"":0,""language"":""Expect"",""commentLines"":0},{""codeLines"":10,""blankLines"":0,""language"":""Java"",""commentLines"":16}]",2026-10-02T08:44:40,7854991031425719cfced56dda2f8920202d216d,True,False,False,False,"{""Rust"":578733,""CSS"":55279,""HTML"":46819,""JavaScript"":28537,""Python"":7768,""Roff"":4839,""Just"":1924,""Clojure"":307,""Shell"":184,""C"":93}",awaiting-response;bug;color;diffing;display;feature request;good first issue;help wanted;needs repro;packaging;parse-error;parsing;question;sliders;triaged;upstream-parser;windows,diff;tree-sitter,0.26.1,First Release,OCaml
69493622,qovery/replibyte,False,367,31,44,132,Rust,main,GNU General Public License v3.0,https://www.replibyte.com,23,4284,24,8092,2022-02-15T08:31:25,2025-08-08T11:22:53,2025-08-09T02:45:34,174,105,135,14,3260.0,67499.0,1449.0,"[{""codeLines"":925,""blankLines"":52,""language"":""YAML"",""commentLines"":10},{""codeLines"":62,""blankLines"":9,""language"":""TOML"",""commentLines"":17},{""codeLines"":11323,""blankLines"":1745,""language"":""Rust"",""commentLines"":613},{""codeLines"":155,""blankLines"":0,""language"":""SVG"",""commentLines"":0},{""codeLines"":1510,""blankLines"":611,""language"":""Markdown"",""commentLines"":0},{""codeLines"":80,""blankLines"":20,""language"":""Bourne Shell"",""commentLines"":1},{""codeLines"":28096,""blankLines"":0,""language"":""JSON"",""commentLines"":0},{""codeLines"":47,""blankLines"":22,""language"":""Dockerfile"",""commentLines"":14},{""codeLines"":25022,""blankLines"":770,""language"":""SQL"",""commentLines"":743},{""codeLines"":63,""blankLines"":7,""language"":""TypeScript"",""commentLines"":13},{""codeLines"":154,""blankLines"":14,""language"":""JavaScript"",""commentLines"":27},{""codeLines"":62,""blankLines"":10,""language"":""CSS"",""commentLines"":11}]",2024-05-04T05:42:24,5504db916f2381e8477222d42e9980eeff5e2a44,True,False,False,False,"{""Rust"":443407,""MDX"":12182,""JavaScript"":4994,""Shell"":2403,""TypeScript"":2300,""Dockerfile"":2056,""CSS"":1877}",bridge;bug;destination;documentation;duplicate;enhancement;feature;good first issue;help wanted;invalid;question;source;transformer;wontfix,aws;backup;cloud;cloudnative;database;mongodb;mysql;postgres;postgresql;rust;rust-lang;s3,v0.0.13,First Release,PLSQL
69506431,tauri-apps/create-tauri-app,False,1040,8,261,163,Rust,dev,Apache License 2.0,,20,1638,100,6014,2022-02-17T05:44:10,2026-10-04T08:23:08,2026-10-03T01:54:41,173,15,841,13,2019.0,9214.0,339.0,"[{""codeLines"":2425,""blankLines"":565,""language"":""YAML"",""commentLines"":35},{""codeLines"":359,""blankLines"":72,""language"":""Bourne Shell"",""commentLines"":75},{""codeLines"":9,""blankLines"":0,""language"":""Razor"",""commentLines"":0},{""codeLines"":62,""blankLines"":15,""language"":""Svelte"",""commentLines"":0},{""codeLines"":1642,""blankLines"":944,""language"":""Markdown"",""commentLines"":17},{""codeLines"":801,""blankLines"":48,""language"":""JavaScript"",""commentLines"":53},{""codeLines"":11,""blankLines"":3,""language"":""MSBuild script"",""commentLines"":0},{""codeLines"":2504,""blankLines"":277,""language"":""Rust"",""commentLines"":116},{""codeLines"":137,""blankLines"":21,""language"":""CSS"",""commentLines"":1},{""codeLines"":303,""blankLines"":22,""language"":""HTML"",""commentLines"":3},{""codeLines"":117,""blankLines"":1,""language"":""SVG"",""commentLines"":2},{""codeLines"":632,""blankLines"":10,""language"":""JSON"",""commentLines"":0},{""codeLines"":37,""blankLines"":9,""language"":""TypeScript"",""commentLines"":8},{""codeLines"":72,""blankLines"":14,""language"":""Vuejs Component"",""commentLines"":18},{""codeLines"":20,""blankLines"":4,""language"":""PowerShell"",""commentLines"":4},{""codeLines"":14,""blankLines"":3,""language"":""JSX"",""commentLines"":1},{""codeLines"":69,""blankLines"":11,""language"":""TOML"",""commentLines"":6}]",2026-09-29T02:58:40,12db955f20162e7422cbeed76c2aa630760ccca3,True,False,False,False,"{""Rust"":92760,""JavaScript"":34609,""Shell"":32242,""HTML"":9407,""CSS"":3012,""Vue"":2776,""PowerShell"":2348,""Svelte"":1622,""Clojure"":1537,""TypeScript"":1515}",bug;documentation;duplicate;enhancement;good first issue;help wanted;invalid;question;status: needs triage;status: upstream;type: bug;type: feature request;version updates;wontfix,,create-tauri-app-v1.0.0-rc.3,First Release,TypeScript
69540420,mikeroyal/steam-deck-guide,False,335,37,0,56,Rust,main,,,38,2073,10,416,2021-11-21T09:27:10,2025-06-27T02:04:19,2025-06-28T06:47:24,15,6,118,1,1270.0,2095.0,6.0,"[{""codeLines"":8,""blankLines"":1,""language"":""Rust"",""commentLines"":1},{""codeLines"":2085,""blankLines"":1268,""language"":""Markdown"",""commentLines"":5},{""codeLines"":2,""blankLines"":1,""language"":""Bourne Shell"",""commentLines"":0}]",2025-06-27T02:04:19,4a038599d4d29975cbad10b150d7840c58018b6a,True,False,False,False,"{""Rust"":197,""Shell"":63}",bug;documentation;duplicate;enhancement;good first issue;help wanted;invalid;question;wontfix,controller;dxvk;emulation;file-sharing;gamepad;games;gaming;nixos;optimization;plugins;proton;retrogaming;steam;steam-deck;steamdeck;steamos;synchronization;windows-11;wine;xbox,c9fdef5b9427b983fe01ede98ead8cc9e2a83293,10% Commit (33/335),Shell
69542096,kindelia/kind2,False,459,55,10,116,Rust,master,MIT License,https://kindelia.org/,73,2740,7,52788,2018-07-13T03:08:55,2022-12-02T09:29:06,2022-12-03T11:04:21,137,12,255,3,2325.0,16072.0,651.0,"[{""codeLines"":15133,""blankLines"":2028,""language"":""Rust"",""commentLines"":618},{""codeLines"":684,""blankLines"":248,""language"":""Markdown"",""commentLines"":0},{""codeLines"":50,""blankLines"":5,""language"":""YAML"",""commentLines"":16},{""codeLines"":205,""blankLines"":44,""language"":""TOML"",""commentLines"":17}]",2022-12-02T09:29:06,ec94c208d463aff83269b25097abb1df860afbae,True,False,False,False,"{""Rust"":490529}",bug;dependencies;deploy_app;documentation;duplicate;enhancement;feature;good first issue;help wanted;invalid;question;review docs;wontfix,,"v1.0,59",First Release,JavaScript
69579108,svix/svix-webhooks,False,3974,31,226,289,Rust,main,MIT License,https://www.svix.com,30,3428,85,20891,2021-02-25T01:49:38,2026-10-02T05:35:49,2026-10-04T09:07:35,295,35,2342,26,34132.0,276979.0,29459.0,"[{""codeLines"":191,""blankLines"":46,""language"":""SQL"",""commentLines"":15},{""codeLines"":15547,""blankLines"":2805,""language"":""Ruby"",""commentLines"":1746},{""codeLines"":171,""blankLines"":19,""language"":""Mustache"",""commentLines"":0},{""codeLines"":12734,""blankLines"":1433,""language"":""Go"",""commentLines"":1584},{""codeLines"":13115,""blankLines"":1914,""language"":""TypeScript"",""commentLines"":1852},{""codeLines"":9,""blankLines"":1,""language"":""INI"",""commentLines"":0},{""codeLines"":12486,""blankLines"":2993,""language"":""Python"",""commentLines"":1680},{""codeLines"":4352,""blankLines"":558,""language"":""Jinja Template"",""commentLines"":114},{""codeLines"":22099,""blankLines"":3223,""language"":""C#"",""commentLines"":1779},{""codeLines"":270,""blankLines"":59,""language"":""Bourne Shell"",""commentLines"":120},{""codeLines"":102,""blankLines"":25,""language"":""XML"",""commentLines"":73},{""codeLines"":49,""blankLines"":8,""language"":""JavaScript"",""commentLines"":0},{""codeLines"":324,""blankLines"":65,""language"":""Gradle"",""commentLines"":16},{""codeLines"":138,""blankLines"":0,""language"":""Text"",""commentLines"":0},{""codeLines"":46,""blankLines"":6,""language"":""Properties"",""commentLines"":0},{""codeLines"":1108,""blankLines"":127,""language"":""TOML"",""commentLines"":148},{""codeLines"":66,""blankLines"":21,""language"":""DOS Batch"",""commentLines"":2},{""codeLines"":78048,""blankLines"":1,""language"":""JSON"",""commentLines"":0},{""codeLines"":200,""blankLines"":53,""language"":""Dockerfile"",""commentLines"":27},{""codeLines"":2490,""blankLines"":341,""language"":""YAML"",""commentLines"":256},{""codeLines"":24,""blankLines"":6,""language"":""HTML"",""commentLines"":2},{""codeLines"":2732,""blankLines"":956,""language"":""Markdown"",""commentLines"":47},{""codeLines"":44,""blankLines"":0,""language"":""MSBuild script"",""commentLines"":0},{""codeLines"":46,""blankLines"":1,""language"":""Visual Studio Solution"",""commentLines"":1},{""codeLines"":84,""blankLines"":38,""language"":""WiX source"",""commentLines"":106},{""codeLines"":52174,""blankLines"":7746,""language"":""Rust"",""commentLines"":5832},{""codeLines"":24165,""blankLines"":4505,""language"":""PHP"",""commentLines"":4043},{""codeLines"":7,""blankLines"":4,""language"":""Bourne Again Shell"",""commentLines"":1},{""codeLines"":8528,""blankLines"":1345,""language"":""Kotlin"",""commentLines"":1768},{""codeLines"":25630,""blankLines"":5833,""language"":""Java"",""commentLines"":8247}]",2026-10-02T05:35:48,88f4352aabb830711af77b5403bbeedfc6372fab,False,False,False,False,"{""Rust"":1443920,""C#"":471138,""Go"":231439,""TypeScript"":197776,""Kotlin"":190345,""Jinja"":180899,""Python"":97243,""PHP"":88212,""Java"":76870,""Ruby"":76119,""Dockerfile"":9176,""Shell"":6290,""Just"":2358,""Hack"":1585,""JavaScript"":1398,""HTML"":837}",bridge;bug;cloud;dependencies;documentation;github_actions;help wanted;javascript;lib/all;lib/csharp;lib/go;lib/java;lib/javascript;lib/kotlin;lib/php;lib/python;lib/ruby;lib/rust;open source review;python:uv;server,api;background-jobs;background-tasks;event-driven;kafka;message-queue;pubsub;queue;rabbitmq;redis;rust;stream;webhook;webhook-dispatcher;webhook-ingester;webhook-server;webhook-service;webhooks;webhooks-server,v0.18.0,First Release,Go
69613522,biliup/biliup,False,1098,30,209,664,Rust,master,MIT License,https://biliup.github.io/biliup/,26,5466,75,8352,2018-01-07T11:55:49,2026-10-01T12:48:25,2026-10-04T02:58:43,1040,274,689,4,13415.0,160627.0,12539.0,"[{""codeLines"":396,""blankLines"":37,""language"":""SQL"",""commentLines"":220},{""codeLines"":18,""blankLines"":8,""language"":""Mako"",""commentLines"":0},{""codeLines"":10159,""blankLines"":0,""language"":""JSON"",""commentLines"":0},{""codeLines"":24839,""blankLines"":1486,""language"":""TypeScript"",""commentLines"":1669},{""codeLines"":835,""blankLines"":119,""language"":""YAML"",""commentLines"":346},{""codeLines"":5252,""blankLines"":541,""language"":""SCSS"",""commentLines"":179},{""codeLines"":106,""blankLines"":19,""language"":""Dockerfile"",""commentLines"":13},{""codeLines"":433,""blankLines"":50,""language"":""Protocol Buffers"",""commentLines"":23},{""codeLines"":2530,""blankLines"":708,""language"":""Markdown"",""commentLines"":2},{""codeLines"":49,""blankLines"":3,""language"":""HTML"",""commentLines"":0},{""codeLines"":2254,""blankLines"":406,""language"":""Python"",""commentLines"":482},{""codeLines"":144,""blankLines"":37,""language"":""CSS"",""commentLines"":34},{""codeLines"":110,""blankLines"":20,""language"":""Bourne Shell"",""commentLines"":20},{""codeLines"":2,""blankLines"":0,""language"":""SVG"",""commentLines"":0},{""codeLines"":111247,""blankLines"":9652,""language"":""Rust"",""commentLines"":9050},{""codeLines"":321,""blankLines"":37,""language"":""JavaScript"",""commentLines"":19},{""codeLines"":93,""blankLines"":20,""language"":""Nix"",""commentLines"":17},{""codeLines"":27,""blankLines"":12,""language"":""INI"",""commentLines"":0},{""codeLines"":1163,""blankLines"":119,""language"":""Svelte"",""commentLines"":76},{""codeLines"":195,""blankLines"":13,""language"":""JSX"",""commentLines"":10},{""codeLines"":454,""blankLines"":128,""language"":""TOML"",""commentLines"":379}]",2026-10-01T12:48:06,38f0a5e21d8761bb2b77b18ce83a7fd7331c293a,True,False,False,False,"{""Rust"":4777821,""TypeScript"":1014904,""Python"":116365,""SCSS"":111171,""Svelte"":63258,""JavaScript"":24680,""CSS"":5610,""Shell"":4929,""Nix"":3848,""Dockerfile"":3653,""HTML"":1670,""Mako"":635}",bug;dependencies;duplicate;enhancement;feature;good first issue;help wanted;invalid;question;wontfix,bilibili;douyin;douyu;huya;twitch;youtube,v0.1.0,First Release,Python
69619403,foxglove/mcap,False,1132,101,103,236,Rust,main,MIT License,https://mcap.dev,11,1107,85,140234,2021-11-19T07:09:38,2026-10-01T04:42:44,2026-10-01T05:49:00,358,20,1319,35,11206.0,131816.0,8729.0,"[{""codeLines"":5975,""blankLines"":1010,""language"":""C++"",""commentLines"":496},{""codeLines"":239,""blankLines"":59,""language"":""make"",""commentLines"":8},{""codeLines"":156,""blankLines"":37,""language"":""CMake"",""commentLines"":5},{""codeLines"":38,""blankLines"":8,""language"":""Gencat NLS"",""commentLines"":0},{""codeLines"":33,""blankLines"":3,""language"":""Diff"",""commentLines"":29},{""codeLines"":3443,""blankLines"":0,""language"":""CSV"",""commentLines"":0},{""codeLines"":43778,""blankLines"":6,""language"":""JSON"",""commentLines"":0},{""codeLines"":16,""blankLines"":3,""language"":""XML"",""commentLines"":0},{""codeLines"":9203,""blankLines"":662,""language"":""Go"",""commentLines"":483},{""codeLines"":19068,""blankLines"":1634,""language"":""TypeScript"",""commentLines"":895},{""codeLines"":58,""blankLines"":25,""language"":""reStructuredText"",""commentLines"":28},{""codeLines"":93,""blankLines"":30,""language"":""Dockerfile"",""commentLines"":3},{""codeLines"":240,""blankLines"":33,""language"":""TOML"",""commentLines"":8},{""codeLines"":2146,""blankLines"":279,""language"":""Swift"",""commentLines"":100},{""codeLines"":516,""blankLines"":1,""language"":""SVG"",""commentLines"":1},{""codeLines"":9462,""blankLines"":2267,""language"":""Python"",""commentLines"":3150},{""codeLines"":593,""blankLines"":107,""language"":""CSS"",""commentLines"":14},{""codeLines"":301,""blankLines"":13,""language"":""JavaScript"",""commentLines"":31},{""codeLines"":29847,""blankLines"":3046,""language"":""Rust"",""commentLines"":2300},{""codeLines"":459,""blankLines"":94,""language"":""Bourne Shell"",""commentLines"":54},{""codeLines"":1726,""blankLines"":307,""language"":""C/C++ Header"",""commentLines"":778},{""codeLines"":502,""blankLines"":333,""language"":""Protocol Buffers"",""commentLines"":318},{""codeLines"":1065,""blankLines"":95,""language"":""YAML"",""commentLines"":15},{""codeLines"":2859,""blankLines"":1154,""language"":""Markdown"",""commentLines"":13}]",2026-09-30T08:54:24,60e73f4b4ec065c26324d71b57dfb53085008528,False,False,False,False,"{""Rust"":1297818,""TypeScript"":643524,""Python"":524100,""C++"":341127,""Go"":267869,""Swift"":83505,""Shell"":19907,""JavaScript"":19289,""CSS"":12356,""MDX"":11971,""Kaitai Struct"":10454,""Makefile"":9955,""CMake"":7473,""Dockerfile"":3002}",binary breaking;bug;c++;cli;dependencies;devx;documentation;feature;github_actions;go;javascript;linear;mcap;python;question;rust;swift;typescript;v1,cpp;data;deserialization;golang;python;robotics;serialization;swift;typescript,releases/mcap-cli/v0.0.2,First Release,TypeScript
69688044,graphprotocol/graph-node,False,8327,460,75,1060,Rust,master,Apache License 2.0,https://thegraph.com,86,3146,119,340316,2018-04-19T07:13:50,2026-08-25T04:04:07,2026-08-28T03:43:56,2235,286,4434,32,31911.0,216894.0,22422.0,"[{""codeLines"":5183,""blankLines"":676,""language"":""SQL"",""commentLines"":1057},{""codeLines"":12,""blankLines"":0,""language"":""XML"",""commentLines"":0},{""codeLines"":4731,""blankLines"":964,""language"":""TypeScript"",""commentLines"":293},{""codeLines"":198,""blankLines"":41,""language"":""Solidity"",""commentLines"":21},{""codeLines"":170,""blankLines"":32,""language"":""Bourne Again Shell"",""commentLines"":15},{""codeLines"":3866,""blankLines"":2,""language"":""JSON"",""commentLines"":0},{""codeLines"":63,""blankLines"":16,""language"":""Dockerfile"",""commentLines"":28},{""codeLines"":835,""blankLines"":113,""language"":""TOML"",""commentLines"":52},{""codeLines"":180291,""blankLines"":24846,""language"":""Rust"",""commentLines"":19749},{""codeLines"":167,""blankLines"":0,""language"":""SVG"",""commentLines"":1},{""codeLines"":1494,""blankLines"":205,""language"":""CSS"",""commentLines"":42},{""codeLines"":2,""blankLines"":0,""language"":""Text"",""commentLines"":0},{""codeLines"":161,""blankLines"":16,""language"":""HTML"",""commentLines"":20},{""codeLines"":311,""blankLines"":76,""language"":""Bourne Shell"",""commentLines"":55},{""codeLines"":40,""blankLines"":9,""language"":""JavaScript"",""commentLines"":2},{""codeLines"":918,""blankLines"":273,""language"":""Protocol Buffers"",""commentLines"":746},{""codeLines"":36,""blankLines"":11,""language"":""make"",""commentLines"":3},{""codeLines"":1219,""blankLines"":168,""language"":""GraphQL"",""commentLines"":119},{""codeLines"":7789,""blankLines"":1654,""language"":""YAML"",""commentLines"":35},{""codeLines"":9070,""blankLines"":2775,""language"":""Markdown"",""commentLines"":179},{""codeLines"":338,""blankLines"":34,""language"":""Nix"",""commentLines"":5}]",2026-08-25T04:00:57,6838f4e3cf3607c5bc32ef705dd05aec1eb057ab,False,False,False,False,"{""Rust"":7557430,""TypeScript"":131800,""PLpgSQL"":123000,""CSS"":39596,""Shell"":14706,""Nix"":10722,""HTML"":7182,""Solidity"":6826,""Dockerfile"":3856,""Just"":3545,""JavaScript"":1478,""Makefile"":1343}",accepted;adoption-blocker;apiversion;area/aggregations;area/cli;area/docker;area/ethereum;area/gnd;area/graphman;area/graphql;area/indexing;area/instrumentation;area/ipfs;area/json-rpc;area/runtime;area/store;area/subgraphs;area/substreams;area/tests;area/ts;bug;chains/avax;chains/ethereum;chains/near;chore;code quality;community;component/graph-cli;component/graph-node;composition;configuration;current sprint;declarative calls;demo;dependencies;determinism;developer experience;documentation;duplicate;enhancement;epic;error-handling;ethdenver;firehose;future;good first issue;hacktoberfest-accepted;hardening;help wanted;in progress;index-node api;indexer experience;infra;invalid;javascript;logs;mappings;metrics;monitoring;needs design;needs discussion;needs planning;needs requirements;new feature;next;offchain;open discussion;ops;optimization;p0;p1;p2;p3;pending review;performance;planning;production;project/aztec;projects/2key;projects/audius;projects/compound;projects/daostack;projects/decentraland;projects/dharma;projects/ens;projects/fuse;projects/gnosis;projects/iexec;projects/knownorigin;projects/livepeer;projects/maker;projects/melon;projects/origin;projects/ost;projects/peepeth;projects/protofire;projects/sablier;projects/synthetix;projects/uniswap;proto-build-error;pruning;question;read interface;ready;regression;review;rust;security;stale;subgraph errors;testing;to do;upstreaming;validation;waiting-for-more-info;wontfix,blockchain;developer-tools;ethereum;graphql;graphql-api;graphql-server;ipfs;protocol,v0.0.1-preview,First Release,JavaScript
69688472,chirpstack/chirpstack,False,1156,30,50,287,Rust,master,MIT License,https://www.chirpstack.io/,25,1114,58,12806,2021-07-09T02:45:34,2026-09-28T03:15:18,2026-09-30T03:14:48,347,32,688,24,37397.0,273749.0,52318.0,"[{""codeLines"":109,""blankLines"":30,""language"":""CSS"",""commentLines"":2},{""codeLines"":9,""blankLines"":4,""language"":""Bourne Again Shell"",""commentLines"":4},{""codeLines"":14,""blankLines"":0,""language"":""HTML"",""commentLines"":0},{""codeLines"":31,""blankLines"":1,""language"":""Nix"",""commentLines"":0},{""codeLines"":134,""blankLines"":33,""language"":""Bourne Shell"",""commentLines"":108},{""codeLines"":102452,""blankLines"":11300,""language"":""Rust"",""commentLines"":3001},{""codeLines"":159,""blankLines"":21,""language"":""Gradle"",""commentLines"":0},{""codeLines"":5,""blankLines"":0,""language"":""Properties"",""commentLines"":0},{""codeLines"":394,""blankLines"":110,""language"":""make"",""commentLines"":14},{""codeLines"":154,""blankLines"":31,""language"":""JavaScript"",""commentLines"":51},{""codeLines"":3659,""blankLines"":2276,""language"":""TOML"",""commentLines"":5274},{""codeLines"":66,""blankLines"":21,""language"":""DOS Batch"",""commentLines"":2},{""codeLines"":56,""blankLines"":4,""language"":""Python"",""commentLines"":1},{""codeLines"":3,""blankLines"":0,""language"":""Text"",""commentLines"":0},{""codeLines"":31699,""blankLines"":4427,""language"":""Go"",""commentLines"":3007},{""codeLines"":17562,""blankLines"":2559,""language"":""TypeScript"",""commentLines"":108},{""codeLines"":1766,""blankLines"":216,""language"":""SQL"",""commentLines"":34},{""codeLines"":34,""blankLines"":4,""language"":""MSBuild script"",""commentLines"":0},{""codeLines"":84808,""blankLines"":6981,""language"":""C#"",""commentLines"":9903},{""codeLines"":3291,""blankLines"":1686,""language"":""Protocol Buffers"",""commentLines"":2412},{""codeLines"":5256,""blankLines"":1306,""language"":""YAML"",""commentLines"":2},{""codeLines"":302,""blankLines"":130,""language"":""Markdown"",""commentLines"":0},{""codeLines"":21512,""blankLines"":6237,""language"":""PHP"",""commentLines"":28393},{""codeLines"":207,""blankLines"":2,""language"":""JSON"",""commentLines"":0},{""codeLines"":67,""blankLines"":18,""language"":""Dockerfile"",""commentLines"":2}]",2026-09-17T07:20:38,3237e30d7f6faab857ab8bdedfbe0176d0225505,False,False,False,False,"{""Rust"":4074969,""TypeScript"":618723,""Makefile"":6037,""CSS"":2035,""Shell"":1519,""Nix"":1142,""Dockerfile"":834,""JavaScript"":821,""HTML"":420}",bug;chirpstack;chirpstack-api;chirpstack-backend;chirpstack-lrwn;chirpstack-ui;dependencies;docker;documentation;duplicate;enhancement;go;good first issue;help wanted;invalid;javascript;question;rust;wontfix,chirpstack;internet-of-things;iot;lora;lorawan,v4.0.0-rc.2,First Release,JavaScript
69788710,teamclouday/androidmic,False,719,2,34,111,Rust,main,GNU General Public License v3.0,,11,1674,9,6756,2021-05-24T07:44:17,2026-09-15T02:03:36,2026-09-19T07:30:32,90,63,80,0,2661.0,15508.0,1823.0,"[{""codeLines"":69,""blankLines"":0,""language"":""JSON"",""commentLines"":0},{""codeLines"":6049,""blankLines"":918,""language"":""Rust"",""commentLines"":165},{""codeLines"":357,""blankLines"":0,""language"":""MSBuild script"",""commentLines"":0},{""codeLines"":155,""blankLines"":63,""language"":""Markdown"",""commentLines"":1},{""codeLines"":49,""blankLines"":1,""language"":""Visual Studio Solution"",""commentLines"":1},{""codeLines"":136,""blankLines"":39,""language"":""Freemarker Template"",""commentLines"":0},{""codeLines"":249,""blankLines"":50,""language"":""YAML"",""commentLines"":6},{""codeLines"":19,""blankLines"":5,""language"":""Protocol Buffers"",""commentLines"":0},{""codeLines"":0,""blankLines"":3,""language"":""ProGuard"",""commentLines"":18},{""codeLines"":282,""blankLines"":34,""language"":""C++"",""commentLines"":7},{""codeLines"":3197,""blankLines"":614,""language"":""Kotlin"",""commentLines"":112},{""codeLines"":6,""blankLines"":2,""language"":""CMake"",""commentLines"":0},{""codeLines"":163,""blankLines"":2,""language"":""XAML"",""commentLines"":0},{""codeLines"":7,""blankLines"":1,""language"":""Text"",""commentLines"":0},{""codeLines"":17,""blankLines"":0,""language"":""SVG"",""commentLines"":0},{""codeLines"":3300,""blankLines"":438,""language"":""C#"",""commentLines"":617},{""codeLines"":106,""blankLines"":28,""language"":""Bourne Shell"",""commentLines"":118},{""codeLines"":591,""blankLines"":300,""language"":""C/C++ Header"",""commentLines"":700},{""codeLines"":368,""blankLines"":76,""language"":""XML"",""commentLines"":37},{""codeLines"":10,""blankLines"":8,""language"":""make"",""commentLines"":7},{""codeLines"":134,""blankLines"":28,""language"":""Gradle"",""commentLines"":15},{""codeLines"":71,""blankLines"":21,""language"":""DOS Batch"",""commentLines"":2},{""codeLines"":160,""blankLines"":30,""language"":""TOML"",""commentLines"":17},{""codeLines"":2,""blankLines"":0,""language"":""PowerShell"",""commentLines"":0},{""codeLines"":11,""blankLines"":0,""language"":""Properties"",""commentLines"":0}]",2026-09-15T02:03:48,a3e2d2ffff5361d0742a1f5439e5d995ee23e999,True,False,False,False,"{""Rust"":230519,""C#"":133825,""Kotlin"":119858,""C++"":15990,""Fluent"":3897,""Just"":1921,""CMake"":270,""C"":228,""Makefile"":113,""PowerShell"":69}",bug;documentation;duplicate;enhancement;good first issue;help wanted;invalid;optimization;question;wontfix,android-application;audio-streaming;microphone;rnnoise;tcp-socket;udp-socket;usb-serial,1.0.0,First Release,C#
69945721,pvolok/mprocs,False,515,6,31,109,Rust,master,MIT License,,12,2624,39,3004,2021-08-30T01:00:56,2026-06-15T07:33:47,2026-06-20T11:55:45,161,61,64,0,2579.0,21764.0,1097.0,"[{""codeLines"":437,""blankLines"":0,""language"":""JSON"",""commentLines"":0},{""codeLines"":168,""blankLines"":5,""language"":""TypeScript"",""commentLines"":39},{""codeLines"":44,""blankLines"":8,""language"":""JavaScript"",""commentLines"":0},{""codeLines"":5,""blankLines"":3,""language"":""Bourne Shell"",""commentLines"":0},{""codeLines"":10,""blankLines"":5,""language"":""Dockerfile"",""commentLines"":0},{""codeLines"":20111,""blankLines"":2342,""language"":""Rust"",""commentLines"":968},{""codeLines"":5,""blankLines"":5,""language"":""DOS Batch"",""commentLines"":1},{""codeLines"":126,""blankLines"":19,""language"":""TOML"",""commentLines"":11},{""codeLines"":358,""blankLines"":29,""language"":""YAML"",""commentLines"":74},{""codeLines"":449,""blankLines"":139,""language"":""Markdown"",""commentLines"":4},{""codeLines"":51,""blankLines"":24,""language"":""Lua"",""commentLines"":0}]",2026-06-15T07:24:45,eaeb424bec98c5fcf8abce26deaab368da65cd5a,False,False,False,False,"{""Rust"":635023,""JavaScript"":1382,""Lua"":1324,""Batchfile"":336,""Shell"":124}",bug;documentation;duplicate;enhancement;good first issue;help wanted;invalid;question;wontfix,cli;linux;macos;rust;terminal;tui;windows,v0.0.1,First Release,C
69972862,moonrepo/moon,False,2291,10,331,253,Rust,master,MIT License,https://moonrepo.dev/moon,5,4128,94,474862,2021-10-23T06:18:15,2026-10-04T05:53:17,2026-10-03T10:56:00,894,93,1709,11,36662.0,166977.0,19670.0,"[{""codeLines"":438,""blankLines"":133,""language"":""Bourne Shell"",""commentLines"":45},{""codeLines"":993,""blankLines"":168,""language"":""JavaScript"",""commentLines"":261},{""codeLines"":37415,""blankLines"":12644,""language"":""Markdown"",""commentLines"":136},{""codeLines"":164,""blankLines"":23,""language"":""Nix"",""commentLines"":0},{""codeLines"":5046,""blankLines"":621,""language"":""YAML"",""commentLines"":215},{""codeLines"":418,""blankLines"":447,""language"":""Protocol Buffers"",""commentLines"":3272},{""codeLines"":40,""blankLines"":2,""language"":""GraphQL"",""commentLines"":2},{""codeLines"":530,""blankLines"":2,""language"":""SVG"",""commentLines"":1},{""codeLines"":1,""blankLines"":0,""language"":""Twig"",""commentLines"":0},{""codeLines"":98123,""blankLines"":20895,""language"":""Rust"",""commentLines"":11963},{""codeLines"":23,""blankLines"":3,""language"":""Go"",""commentLines"":0},{""codeLines"":7666,""blankLines"":1176,""language"":""TypeScript"",""commentLines"":3633},{""codeLines"":39,""blankLines"":22,""language"":""Pest"",""commentLines"":8},{""codeLines"":12627,""blankLines"":0,""language"":""JSON"",""commentLines"":0},{""codeLines"":68,""blankLines"":39,""language"":""Dockerfile"",""commentLines"":37},{""codeLines"":139,""blankLines"":24,""language"":""Text"",""commentLines"":0},{""codeLines"":3,""blankLines"":1,""language"":""Python"",""commentLines"":0},{""codeLines"":133,""blankLines"":39,""language"":""CSS"",""commentLines"":19},{""codeLines"":18,""blankLines"":0,""language"":""HTML"",""commentLines"":0},{""codeLines"":3,""blankLines"":1,""language"":""INI"",""commentLines"":0},{""codeLines"":2573,""blankLines"":310,""language"":""TOML"",""commentLines"":44},{""codeLines"":163,""blankLines"":58,""language"":""PowerShell"",""commentLines"":33},{""codeLines"":332,""blankLines"":50,""language"":""HCL"",""commentLines"":0},{""codeLines"":22,""blankLines"":4,""language"":""DOS Batch"",""commentLines"":1}]",2026-10-03T10:55:55,f98894b980ee25705abe897c17689607b658c6f6,False,False,False,False,"{""Rust"":4238156,""MDX"":1419138,""TypeScript"":324069,""Shell"":14401,""JavaScript"":11547,""PowerShell"":6714,""Nix"":5637,""Pkl"":5451,""CSS"":5397,""HCL"":5216,""Just"":3414,""Dockerfile"":1042,""HTML"":648,""Smarty"":414,""Go"":365,""Python"":68,""Twig"":45,""RenderScript"":1}",blocked;bug;dependencies;documentation;duplicate;enhancement;good first issue;help wanted;invalid;question;rust;typescript;wontfix,build-system;build-tool;bun;ci-cd;deno;golang;javascript;monorepo;monorepo-tooling;nodejs;python;ruby;rust;task-runner;typescript;workspace,@moonrepo/cli@0.0.6,First Release,JavaScript
70018026,awslabs/aws-lambda-web-adapter,False,524,10,28,149,Rust,main,Apache License 2.0,,25,2627,43,38551,2021-08-19T05:08:38,2026-03-18T02:03:30,2026-03-18T09:43:58,159,11,468,10,19621.0,127987.0,5948.0,"[{""codeLines"":3676,""blankLines"":1565,""language"":""Markdown"",""commentLines"":0},{""codeLines"":2,""blankLines"":0,""language"":""Svelte"",""commentLines"":0},{""codeLines"":31,""blankLines"":7,""language"":""MSBuild script"",""commentLines"":0},{""codeLines"":60,""blankLines"":3,""language"":""Visual Studio Solution"",""commentLines"":3},{""codeLines"":449,""blankLines"":104,""language"":""Java"",""commentLines"":12},{""codeLines"":50299,""blankLines"":6,""language"":""JSON"",""commentLines"":0},{""codeLines"":227,""blankLines"":42,""language"":""Dockerfile"",""commentLines"":4},{""codeLines"":14,""blankLines"":0,""language"":""XML"",""commentLines"":0},{""codeLines"":163,""blankLines"":169,""language"":""INI"",""commentLines"":584},{""codeLines"":35079,""blankLines"":8191,""language"":""CSS"",""commentLines"":177},{""codeLines"":166,""blankLines"":9,""language"":""Text"",""commentLines"":0},{""codeLines"":55,""blankLines"":6,""language"":""HTML"",""commentLines"":0},{""codeLines"":147,""blankLines"":35,""language"":""DOS Batch"",""commentLines"":0},{""codeLines"":10,""blankLines"":2,""language"":""JSX"",""commentLines"":0},{""codeLines"":173,""blankLines"":19,""language"":""TOML"",""commentLines"":6},{""codeLines"":2349,""blankLines"":450,""language"":""Rust"",""commentLines"":681},{""codeLines"":43,""blankLines"":1,""language"":""SVG"",""commentLines"":0},{""codeLines"":84,""blankLines"":26,""language"":""make"",""commentLines"":6},{""codeLines"":21270,""blankLines"":6048,""language"":""JavaScript"",""commentLines"":4246},{""codeLines"":276,""blankLines"":54,""language"":""Bourne Shell"",""commentLines"":64},{""codeLines"":161,""blankLines"":10,""language"":""Razor"",""commentLines"":0},{""codeLines"":1,""blankLines"":0,""language"":""Handlebars"",""commentLines"":0},{""codeLines"":1,""blankLines"":0,""language"":""Properties"",""commentLines"":0},{""codeLines"":139,""blankLines"":8,""language"":""Maven"",""commentLines"":0},{""codeLines"":14,""blankLines"":3,""language"":""Ruby"",""commentLines"":1},{""codeLines"":2,""blankLines"":1,""language"":""Bourne Again Shell"",""commentLines"":0},{""codeLines"":23,""blankLines"":6,""language"":""Go"",""commentLines"":0},{""codeLines"":1498,""blankLines"":170,""language"":""TypeScript"",""commentLines"":38},{""codeLines"":566,""blankLines"":159,""language"":""Python"",""commentLines"":55},{""codeLines"":163,""blankLines"":51,""language"":""C#"",""commentLines"":12},{""codeLines"":10843,""blankLines"":2474,""language"":""YAML"",""commentLines"":59},{""codeLines"":3,""blankLines"":2,""language"":""PHP"",""commentLines"":0}]",2026-03-16T07:29:48,d5cd422154472d375776abf58d2b92ffb6338353,True,False,False,False,"{""Rust"":124840,""Makefile"":1598,""Ruby"":556,""JavaScript"":479,""Dockerfile"":199,""Shell"":54}",bug;dependencies;documentation;duplicate;enhancement;github_actions;go;good first issue;help wanted;invalid;javascript;python;question;ruby;rust;wontfix,aws-lambda;lambda,v0.1.0,First Release,Shell
70092102,licoy/fetch-github-hosts,False,74,2,14,144,Rust,main,GNU General Public License v3.0,https://hosts.gitcdn.top,22,1374,1,1794,2022-05-13T06:28:04,2026-02-14T09:29:04,2026-02-14T09:51:05,20,0,1,0,660.0,21374.0,224.0,"[{""codeLines"":3,""blankLines"":0,""language"":""Bourne Shell"",""commentLines"":1},{""codeLines"":318,""blankLines"":168,""language"":""Markdown"",""commentLines"":0},{""codeLines"":16878,""blankLines"":0,""language"":""JSON"",""commentLines"":0},{""codeLines"":275,""blankLines"":5,""language"":""HTML"",""commentLines"":1},{""codeLines"":95,""blankLines"":13,""language"":""CSS"",""commentLines"":5},{""codeLines"":158,""blankLines"":27,""language"":""YAML"",""commentLines"":3},{""codeLines"":1252,""blankLines"":127,""language"":""Go"",""commentLines"":16},{""codeLines"":237,""blankLines"":32,""language"":""TypeScript"",""commentLines"":38},{""codeLines"":33,""blankLines"":4,""language"":""TOML"",""commentLines"":0},{""codeLines"":1309,""blankLines"":200,""language"":""Rust"",""commentLines"":108},{""codeLines"":816,""blankLines"":84,""language"":""Vuejs Component"",""commentLines"":52}]",2026-02-14T09:27:47,47021d55cec2fdaac3fc59e9d9eab19bcc5d84b5,True,False,False,False,"{""Rust"":54031,""Go"":34857,""Vue"":28290,""HTML"":15408,""TypeScript"":7033,""CSS"":2413,""Shell"":188}",bug;documentation;duplicate;enhancement;good first issue;help wanted;invalid;question;wontfix,github;github-hosts;hosts;hosts-tool;sync-hosts,v1.0,First Release,Go
70093784,exein-io/pulsar,False,733,21,14,71,Rust,main,Other,https://pulsar.sh,11,1052,19,10049,2022-06-18T03:38:05,2026-10-02T12:01:42,2026-10-04T04:21:44,113,30,300,15,80612.0,601463.0,7254.0,"[{""codeLines"":583200,""blankLines"":77621,""language"":""C/C++ Header"",""commentLines"":5162},{""codeLines"":1443,""blankLines"":333,""language"":""YAML"",""commentLines"":221},{""codeLines"":1162,""blankLines"":388,""language"":""Markdown"",""commentLines"":0},{""codeLines"":1243,""blankLines"":197,""language"":""C"",""commentLines"":152},{""codeLines"":4,""blankLines"":1,""language"":""INI"",""commentLines"":0},{""codeLines"":14,""blankLines"":8,""language"":""Dockerfile"",""commentLines"":2},{""codeLines"":600,""blankLines"":63,""language"":""TOML"",""commentLines"":24},{""codeLines"":260,""blankLines"":67,""language"":""Bourne Shell"",""commentLines"":46},{""codeLines"":13537,""blankLines"":1934,""language"":""Rust"",""commentLines"":1647}]",2026-10-02T11:52:47,88a4767f03e9b3435cccb7ce83ea8a1e342f8c41,False,False,False,False,"{""Rust"":555660,""C"":98025,""Dockerfile"":2622,""Shell"":2243}",api breaking change;bug;dependencies;documentation;duplicate;enhancement;feature;good first issue;hacktoberfest;help wanted;invalid;question;tests;wontfix,ebpf;kernel;linux;rust;security,v0.1.0,First Release,C
70104704,numaproj/numaflow,False,1916,91,88,182,Rust,main,Apache License 2.0,https://numaflow.numaproj.io,27,2833,99,71465,2022-05-20T10:05:07,2026-10-03T11:01:10,2026-10-03T11:01:13,1271,267,2367,28,36660.0,473783.0,27078.0,"[{""codeLines"":479,""blankLines"":134,""language"":""Bourne Shell"",""commentLines"":41},{""codeLines"":64,""blankLines"":37,""language"":""Lua"",""commentLines"":84},{""codeLines"":11,""blankLines"":0,""language"":""JavaScript"",""commentLines"":0},{""codeLines"":9,""blankLines"":0,""language"":""CSV"",""commentLines"":0},{""codeLines"":174,""blankLines"":6,""language"":""SVG"",""commentLines"":0},{""codeLines"":96027,""blankLines"":13221,""language"":""Rust"",""commentLines"":13586},{""codeLines"":14,""blankLines"":0,""language"":""Awk"",""commentLines"":0},{""codeLines"":438,""blankLines"":80,""language"":""make"",""commentLines"":29},{""codeLines"":153972,""blankLines"":184,""language"":""YAML"",""commentLines"":530},{""codeLines"":1594,""blankLines"":853,""language"":""Protocol Buffers"",""commentLines"":2081},{""codeLines"":22075,""blankLines"":9836,""language"":""Markdown"",""commentLines"":22},{""codeLines"":106845,""blankLines"":9453,""language"":""Go"",""commentLines"":9887},{""codeLines"":38868,""blankLines"":2427,""language"":""TypeScript"",""commentLines"":737},{""codeLines"":31,""blankLines"":6,""language"":""Mustache"",""commentLines"":0},{""codeLines"":15,""blankLines"":4,""language"":""Text"",""commentLines"":0},{""codeLines"":23,""blankLines"":3,""language"":""HTML"",""commentLines"":20},{""codeLines"":38,""blankLines"":10,""language"":""Python"",""commentLines"":3},{""codeLines"":2239,""blankLines"":325,""language"":""CSS"",""commentLines"":12},{""codeLines"":515,""blankLines"":61,""language"":""TOML"",""commentLines"":14},{""codeLines"":108,""blankLines"":20,""language"":""Dockerfile"",""commentLines"":32},{""codeLines"":50244,""blankLines"":0,""language"":""JSON"",""commentLines"":0}]",2026-10-03T11:01:08,95370305dae2db341a569d9e69e5da03d154d9f7,True,False,False,False,"{""Rust"":4631711,""Go"":2240518,""TypeScript"":1022771,""CSS"":35789,""Makefile"":24174,""Shell"":18203,""Lua"":7719,""Dockerfile"":6759,""Smarty"":3292,""Go Template"":3292,""Python"":2453,""HTML"":1901,""Mustache"":1087,""Awk"":313,""JavaScript"":285}",area/autoscaling;area/bounded;area/controller;area/daemon-server;area/forward;area/isb;area/isb-jetstream;area/monovertex;area/pipeline;area/reduce;area/sdk;area/side-inputs;area/sink;area/source;area/udf;area/ui;area/watermark;backport;breaking-change;bug;can not reproduce;dataplane;debuggability;dependencies;do not merge;documentation;duplicate;enhancement;go;good first issue;grpc;hacktoberfest;help wanted;invalid;javascript;must-have;nice-to-have;opex;performance;question;robotics;rust;security;serving;testing;wontfix,data-processing;hacktoberfest;k8s;kubernetes;map-reduce;pipeline;stream-processing,v0.5.0,First Release,Go
70204874,tellerops/teller,False,235,44,19,197,Rust,master,Apache License 2.0,https://github.com/tellerops/teller,29,3164,31,13827,2021-03-24T10:49:44,2026-01-27T06:13:10,2026-01-30T09:22:50,152,47,162,2,127843.0,868916.0,171980.0,"[{""codeLines"":4018,""blankLines"":563,""language"":""Rust"",""commentLines"":570},{""codeLines"":78,""blankLines"":13,""language"":""Bourne Again Shell"",""commentLines"":6},{""codeLines"":5,""blankLines"":1,""language"":""JavaScript"",""commentLines"":0},{""codeLines"":300,""blankLines"":154,""language"":""Markdown"",""commentLines"":8},{""codeLines"":42,""blankLines"":8,""language"":""Bourne Shell"",""commentLines"":4},{""codeLines"":51,""blankLines"":16,""language"":""C"",""commentLines"":17},{""codeLines"":18547,""blankLines"":0,""language"":""JSON"",""commentLines"":0},{""codeLines"":37,""blankLines"":13,""language"":""Dockerfile"",""commentLines"":9},{""codeLines"":922,""blankLines"":35,""language"":""C/C++ Header"",""commentLines"":94},{""codeLines"":2275,""blankLines"":577,""language"":""Protocol Buffers"",""commentLines"":365},{""codeLines"":438,""blankLines"":51,""language"":""YAML"",""commentLines"":44},{""codeLines"":772,""blankLines"":219,""language"":""make"",""commentLines"":133},{""codeLines"":826561,""blankLines"":122953,""language"":""Go"",""commentLines"":168350},{""codeLines"":183,""blankLines"":37,""language"":""Text"",""commentLines"":0},{""codeLines"":14455,""blankLines"":3163,""language"":""Assembly"",""commentLines"":2365},{""codeLines"":16,""blankLines"":3,""language"":""HCL"",""commentLines"":0},{""codeLines"":178,""blankLines"":24,""language"":""TOML"",""commentLines"":11},{""codeLines"":38,""blankLines"":13,""language"":""PowerShell"",""commentLines"":4}]",2026-01-27T06:13:06,bee4b3f0d0be572c62614a33f3d764064b52c5b4,True,False,False,False,"{""Go"":255103,""Rust"":152770,""Makefile"":2630,""Shell"":1481,""PowerShell"":1360,""JavaScript"":184,""Raku"":89}",Teller 2.0;bug;dependencies;documentation;duplicate;enhancement;github_actions;go;good first issue;help wanted;infra;invalid;new-provider;question;wip;wontfix,aws;hashicorp;rust;rust-lang;secret-management;secrets;vault,v0.5.0,First Release,Go
70265793,hasnayeen/goodwork,False,2,1,0,578,Rust,main,MIT License,,81,1829,1,11,2017-02-13T09:26:34,2022-12-04T08:20:23,2022-12-05T08:06:09,285,1,1162,0,4572.0,34543.0,6553.0,"[{""codeLines"":676,""blankLines"":0,""language"":""JSON"",""commentLines"":0},{""codeLines"":7978,""blankLines"":397,""language"":""Vuejs Component"",""commentLines"":65},{""codeLines"":28,""blankLines"":21,""language"":""Dockerfile"",""commentLines"":10},{""codeLines"":31,""blankLines"":2,""language"":""Bourne Again Shell"",""commentLines"":0},{""codeLines"":1030,""blankLines"":31,""language"":""CSS"",""commentLines"":91},{""codeLines"":1372,""blankLines"":1,""language"":""XML"",""commentLines"":0},{""codeLines"":1035,""blankLines"":132,""language"":""JavaScript"",""commentLines"":136},{""codeLines"":67,""blankLines"":22,""language"":""Bourne Shell"",""commentLines"":3},{""codeLines"":27,""blankLines"":0,""language"":""SVG"",""commentLines"":0},{""codeLines"":254,""blankLines"":39,""language"":""YAML"",""commentLines"":2},{""codeLines"":440,""blankLines"":168,""language"":""Markdown"",""commentLines"":0},{""codeLines"":21224,""blankLines"":3668,""language"":""PHP"",""commentLines"":6241},{""codeLines"":381,""blankLines"":91,""language"":""Blade"",""commentLines"":5}]",2022-12-04T08:18:32,7e3a918c13242c5bb1581ad710c0510ab9062203,False,False,False,False,"{""PHP"":1208999,""Vue"":296170,""Blade"":50738,""JavaScript"":30084,""Shell"":4048,""Dockerfile"":2299,""Rust"":926}",:dollar: funded on issuehunt;:gift: rewarded on issuehunt;backend;bug;dependencies;duplicate;emergency;enhancement;feature;frontend;good first issue;hacktoberfest;help wanted;improvement;invalid;issuehuntfest;javascript;more-info-needed;php;proposal;security;translation;wontfix,,7e9e97ad6a5d54aac0a61d6bc0fdba2308c8354c,10% Commit (1/2),JavaScript
70348360,eto-ai/lance,False,594,16,44,57,Rust,main,Apache License 2.0,https://eto-ai.github.io/lance/,20,1509,16,8469,2022-07-07T10:29:29,2023-05-06T10:33:46,2023-05-06T09:01:08,268,68,555,9,4939.0,28931.0,7646.0,"[{""codeLines"":49,""blankLines"":0,""language"":""CSV"",""commentLines"":0},{""codeLines"":24,""blankLines"":7,""language"":""Bourne Shell"",""commentLines"":28},{""codeLines"":252,""blankLines"":34,""language"":""TOML"",""commentLines"":5},{""codeLines"":23659,""blankLines"":3490,""language"":""Rust"",""commentLines"":3532},{""codeLines"":2547,""blankLines"":746,""language"":""Python"",""commentLines"":1014},{""codeLines"":4,""blankLines"":0,""language"":""CSS"",""commentLines"":0},{""codeLines"":348,""blankLines"":272,""language"":""reStructuredText"",""commentLines"":280},{""codeLines"":9,""blankLines"":6,""language"":""C"",""commentLines"":14},{""codeLines"":204,""blankLines"":0,""language"":""Jupyter Notebook"",""commentLines"":2431},{""codeLines"":20,""blankLines"":0,""language"":""JSON"",""commentLines"":0},{""codeLines"":18,""blankLines"":6,""language"":""Dockerfile"",""commentLines"":0},{""codeLines"":39,""blankLines"":16,""language"":""CMake"",""commentLines"":17},{""codeLines"":26,""blankLines"":8,""language"":""DOS Batch"",""commentLines"":1},{""codeLines"":9,""blankLines"":7,""language"":""C/C++ Header"",""commentLines"":26},{""codeLines"":143,""blankLines"":77,""language"":""Protocol Buffers"",""commentLines"":241},{""codeLines"":25,""blankLines"":10,""language"":""make"",""commentLines"":9},{""codeLines"":21,""blankLines"":9,""language"":""C++"",""commentLines"":13},{""codeLines"":1009,""blankLines"":28,""language"":""YAML"",""commentLines"":35},{""codeLines"":525,""blankLines"":223,""language"":""Markdown"",""commentLines"":0}]",2023-05-05T05:17:55,729d7dbc6bb50c7c86b84cbf14271a6e7b739e00,True,False,False,False,"{""Rust"":749194,""Python"":79378,""Jupyter Notebook"":78393,""Cython"":3962,""C"":2380,""Shell"":2292,""CMake"":2037,""C++"":1402,""Makefile"":625,""Dockerfile"":239}",arrow;benchmark;bug;c++;ci;documentation;donotmerge;duckdb;duplicate;enhancement;good first issue;help wanted;invalid;macos;python;pytorch;question;rust;ubuntu;vector;windows;wip;wontfix;x86,,v0.0.4,First Release,C++
70421826,a5huynh/spyglass,False,600,6,52,22,Rust,main,MIT License,https://docs.spyglass.fyi,9,1397,7,27799,2021-11-17T09:18:56,2023-03-04T08:51:21,2023-03-06T03:02:15,84,21,269,1,4465.0,40254.0,2883.0,"[{""codeLines"":296,""blankLines"":0,""language"":""SVG"",""commentLines"":0},{""codeLines"":450,""blankLines"":52,""language"":""TOML"",""commentLines"":12},{""codeLines"":33001,""blankLines"":4147,""language"":""Rust"",""commentLines"":2709},{""codeLines"":752,""blankLines"":38,""language"":""JavaScript"",""commentLines"":15},{""codeLines"":31,""blankLines"":0,""language"":""XML"",""commentLines"":1},{""codeLines"":3362,""blankLines"":0,""language"":""JSON"",""commentLines"":0},{""codeLines"":97,""blankLines"":21,""language"":""make"",""commentLines"":8},{""codeLines"":314,""blankLines"":12,""language"":""YAML"",""commentLines"":36},{""codeLines"":27,""blankLines"":9,""language"":""Dockerfile"",""commentLines"":2},{""codeLines"":132,""blankLines"":27,""language"":""Markdown"",""commentLines"":0},{""codeLines"":1629,""blankLines"":120,""language"":""HTML"",""commentLines"":97},{""codeLines"":75,""blankLines"":19,""language"":""Python"",""commentLines"":3},{""codeLines"":88,""blankLines"":20,""language"":""CSS"",""commentLines"":0}]",2023-03-04T08:51:20,7674f8b9d0ce35f7bfdc41c23a1bab7189249d53,True,False,False,False,"{""Rust"":861346,""HTML"":396004,""JavaScript"":17431,""Makefile"":3128,""Python"":2125,""CSS"":655}",bug;development;documentation;duplicate;enhancement;good first issue;help wanted;installer;invalid;lens-request;linux;macos;question;ui/ux;windows;wontfix,,app-v0.1.1,First Release,Ecmarkup
70442424,denoland/deno,False,17377,614,390,6393,Rust,main,MIT License,https://deno.com,1425,108610,431,252646,2018-05-15T01:34:26,2026-10-01T05:20:25,2026-10-04T08:14:50,15144,1267,20327,386,101001.0,1315267.0,186237.0,"[{""codeLines"":551433,""blankLines"":55147,""language"":""Rust"",""commentLines"":74308},{""codeLines"":136,""blankLines"":22,""language"":""Nix"",""commentLines"":7},{""codeLines"":27,""blankLines"":8,""language"":""Bourne Shell"",""commentLines"":16},{""codeLines"":239,""blankLines"":16,""language"":""HTML"",""commentLines"":0},{""codeLines"":474,""blankLines"":29,""language"":""CSS"",""commentLines"":20},{""codeLines"":10,""blankLines"":0,""language"":""PowerShell"",""commentLines"":0},{""codeLines"":31,""blankLines"":14,""language"":""SQL"",""commentLines"":10},{""codeLines"":1046,""blankLines"":197,""language"":""IDL"",""commentLines"":0},{""codeLines"":641,""blankLines"":73,""language"":""C/C++ Header"",""commentLines"":193},{""codeLines"":12,""blankLines"":1,""language"":""Lua"",""commentLines"":0},{""codeLines"":2,""blankLines"":1,""language"":""Nunjucks"",""commentLines"":0},{""codeLines"":29,""blankLines"":7,""language"":""INI"",""commentLines"":0},{""codeLines"":294130,""blankLines"":12394,""language"":""JavaScript"",""commentLines"":21817},{""codeLines"":10108,""blankLines"":115,""language"":""Text"",""commentLines"":0},{""codeLines"":66,""blankLines"":14,""language"":""JSX"",""commentLines"":10},{""codeLines"":79,""blankLines"":1,""language"":""SVG"",""commentLines"":0},{""codeLines"":3943,""blankLines"":426,""language"":""TOML"",""commentLines"":220},{""codeLines"":58,""blankLines"":1,""language"":""WebAssembly"",""commentLines"":1},{""codeLines"":100,""blankLines"":17,""language"":""C#"",""commentLines"":10},{""codeLines"":26,""blankLines"":7,""language"":""WGSL"",""commentLines"":14},{""codeLines"":89,""blankLines"":10,""language"":""XML"",""commentLines"":0},{""codeLines"":242242,""blankLines"":28815,""language"":""TypeScript"",""commentLines"":84683},{""codeLines"":14,""blankLines"":0,""language"":""Mustache"",""commentLines"":0},{""codeLines"":11613,""blankLines"":519,""language"":""C"",""commentLines"":130},{""codeLines"":8,""blankLines"":0,""language"":""Python"",""commentLines"":0},{""codeLines"":8461,""blankLines"":95,""language"":""YAML"",""commentLines"":226},{""codeLines"":9,""blankLines"":0,""language"":""Astro"",""commentLines"":3},{""codeLines"":6,""blankLines"":3,""language"":""Dockerfile"",""commentLines"":2},{""codeLines"":18161,""blankLines"":3015,""language"":""Markdown"",""commentLines"":48},{""codeLines"":171247,""blankLines"":16,""language"":""JSON"",""commentLines"":0},{""codeLines"":151,""blankLines"":0,""language"":""Jupyter Notebook"",""commentLines"":4500},{""codeLines"":61,""blankLines"":12,""language"":""Svelte"",""commentLines"":0},{""codeLines"":164,""blankLines"":18,""language"":""Vuejs Component"",""commentLines"":18},{""codeLines"":431,""blankLines"":0,""language"":""Windows Module Definition"",""commentLines"":0},{""codeLines"":20,""blankLines"":8,""language"":""C++"",""commentLines"":1}]",2026-10-01T05:20:22,b4f08f127652d8442b4d3dbabc277aca3840bc1d,True,False,False,False,"{""Rust"":20577160,""TypeScript"":8590782,""JavaScript"":3405627,""C"":408112,""HTML"":11518,""CSS"":8595,""Nix"":5616,""Shell"":1863,""WebAssembly"":1566,""C++"":1416,""Lua"":678,""Svelte"":664,""Mustache"":280,""Dockerfile"":257,""Python"":214,""Astro"":152,""Vento"":52,""Nunjucks"":45}",--watch;__proto__;auto-install;benchmarks;breaking change;bug;build;bundler-resolution;chore;ci-bench;ci-draft;ci-full;ci-node-test;ci-test-flaky;ci-wpt-test;cli;compile;config;crypto;custom runtime;debugger;declined;deno fmt;deno info;deno jupyter;deno-bundle;deno_core;dependencies;deploy;design limitation;desktop;devdependencies;docs;duplicate;dx;embedder;ext/console;ext/cron;ext/crypto;ext/fetch;ext/fs;ext/http;ext/kv;ext/net;ext/url;ext/web;ext/websocket;feat;ffi;fix available;flaky;gitstart;high priority;important for fresh;install;invalid;jsr;jsx-precompile;lint;linux;lsp;macos;native v8 addon;needs discussion;needs info;needs investigation;needs triage;nextgen;nextjs;node api;node compat;node native extension;node resolution;node:cluster;node:http;node:sqlite;node:test;node:v8;node:vm;otel;outdated;panic;patch;peerDependencies;perf;permissions;public api;publish;question;quic;quick fix;refactor;regression;repl;resolution;runtime;rust;serve;stale;std;streams;suggestion;swc;task runner;temporal;testing;tests;tls;tsc;tsgo;types;upstream;user feedback wanted;v8;vendor;wasm;web;webgpu;windows;working as designed;workspaces,deno;javascript;rust;typescript,v0.1.0,First Release,TypeScript
70442652,risingwavelabs/risingwave,False,15112,1944,127,850,Rust,main,Apache License 2.0,https://go.risingwave.com/slack,85,9359,220,238639,2022-01-28T12:58:03,2026-10-04T08:22:15,2026-10-03T08:42:25,8310,1428,18951,320,118670.0,947280.0,120230.0,"[{""codeLines"":306,""blankLines"":79,""language"":""XML"",""commentLines"":131},{""codeLines"":148,""blankLines"":24,""language"":""PHP"",""commentLines"":1},{""codeLines"":104097,""blankLines"":6572,""language"":""YAML"",""commentLines"":933},{""codeLines"":6869,""blankLines"":1362,""language"":""Protocol Buffers"",""commentLines"":1559},{""codeLines"":7498,""blankLines"":2711,""language"":""Markdown"",""commentLines"":51},{""codeLines"":18800,""blankLines"":2314,""language"":""Python"",""commentLines"":1824},{""codeLines"":379,""blankLines"":3,""language"":""SVG"",""commentLines"":30},{""codeLines"":19,""blankLines"":5,""language"":""MSBuild script"",""commentLines"":0},{""codeLines"":125,""blankLines"":11,""language"":""C#"",""commentLines"":13},{""codeLines"":395,""blankLines"":166,""language"":""Dockerfile"",""commentLines"":90},{""codeLines"":1581,""blankLines"":0,""language"":""JSON"",""commentLines"":0},{""codeLines"":304,""blankLines"":75,""language"":""Bourne Again Shell"",""commentLines"":33},{""codeLines"":21478,""blankLines"":3248,""language"":""Java"",""commentLines"":5729},{""codeLines"":2052,""blankLines"":120,""language"":""Maven"",""commentLines"":55},{""codeLines"":97,""blankLines"":11,""language"":""Nix"",""commentLines"":30},{""codeLines"":17,""blankLines"":0,""language"":""CSV"",""commentLines"":0},{""codeLines"":462,""blankLines"":75,""language"":""JavaScript"",""commentLines"":63},{""codeLines"":82,""blankLines"":37,""language"":""C/C++ Header"",""commentLines"":182},{""codeLines"":359,""blankLines"":39,""language"":""CSS"",""commentLines"":14},{""codeLines"":9134,""blankLines"":2080,""language"":""Bourne Shell"",""commentLines"":925},{""codeLines"":693072,""blankLines"":81570,""language"":""Rust"",""commentLines"":91679},{""codeLines"":63398,""blankLines"":15897,""language"":""SQL"",""commentLines"":14985},{""codeLines"":139,""blankLines"":30,""language"":""Ruby"",""commentLines"":4},{""codeLines"":183,""blankLines"":15,""language"":""INI"",""commentLines"":0},{""codeLines"":3078,""blankLines"":413,""language"":""Go"",""commentLines"":78},{""codeLines"":5280,""blankLines"":600,""language"":""TypeScript"",""commentLines"":839},{""codeLines"":75,""blankLines"":16,""language"":""Text"",""commentLines"":0},{""codeLines"":208,""blankLines"":6,""language"":""Properties"",""commentLines"":71},{""codeLines"":7645,""blankLines"":1191,""language"":""TOML"",""commentLines"":911}]",2026-10-03T01:53:32,422f1d56f5a2e1cca11f2ca63d865cf21d4dc86a,False,False,False,False,"{""Rust"":31253202,""Java"":1230853,""Python"":863436,""Shell"":395067,""TypeScript"":192130,""Go"":73756,""HTML"":22700,""JavaScript"":17243,""Dockerfile"":15829,""TSQL"":8193,""C#"":7520,""PHP"":6093,""Ruby"":5563,""Nix"":3678,""PLpgSQL"":939,""CSS"":511,""PureBasic"":115,""Roff"":64}",*english-please;.net;A-dx;a-agg;a-batch;a-catalog;a-cdc;a-ci;a-common;a-connector;a-dashboard;a-data-type;a-doc;a-dyn-filter;a-eowc;a-expr;a-frontend;a-iceberg;a-integration;a-join;a-memory;a-meta;a-optimizer;a-storage;a-streaming;a-table-func;a-test;a-topn;a-tvf;a-udf;a-watermark;a-window-func;autoupdate_rebase;block-release-3.0;block-release-3.1;block-release-v1.10;block-release-v1.9;block-release-v2.0;block-release-v2.1;block-release-v2.2;block-release-v2.3;block-release-v2.4;block-release-v2.5;block-release-v2.6;block-release-v2.7;block-release-v2.8;breaking-change;bug;by-back-compat-test;by-backfill-test;by-chaos-mesh;by-chbenchmark-test;by-longevity-test;by-nexmark-perf-test;by-sqlsmith;by-sysbench-test;by-tpch-perf-test;by-user;by-wide-table-cdc-test;cherry-pick;ci/find-regressed-step;ci/integration-tests/run-all;ci/integration/test-notify;ci/main-cron/run-all;ci/main-cron/run-selected;ci/main-cron/skip-ci;ci/main-cron/test-notify;ci/pr/run-selected;ci/run-backfill-tests;ci/run-backwards-compat-tests;ci/run-build;ci/run-build-other;ci/run-build-simulation;ci/run-chaos-mesh-cdc-all-chaos-test;ci/run-check;ci/run-compaction-test;ci/run-connector-node-integration-tests;ci/run-cpu-flamegraph;ci/run-cpu-flamegraph-cron;ci/run-deterministic-sqlsmith-fuzzing-tests;ci/run-docslt;ci/run-e2e-cassandra-sink-tests;ci/run-e2e-cdc-source-tests;ci/run-e2e-clickhouse-sink-tests;ci/run-e2e-deltalake-sink-rust-tests;ci/run-e2e-doris-sink-tests;ci/run-e2e-elasticsearch-sink-tests;ci/run-e2e-iceberg-tests;ci/run-e2e-jdbc-sink-tests;ci/run-e2e-kafka-sink-tests;ci/run-e2e-kafka-source-tests;ci/run-e2e-lancedb-sink-tests;ci/run-e2e-meta-backup-test;ci/run-e2e-metrics-reader-tests;ci/run-e2e-mongodb-sink-tests;ci/run-e2e-monitoring-tests;ci/run-e2e-mqtt-sink-tests;ci/run-e2e-mqtt-source-tests;ci/run-e2e-nats-source-tests;ci/run-e2e-opensearch-sink-tests;ci/run-e2e-parallel-in-memory-tests;ci/run-e2e-parallel-tests;ci/run-e2e-postgres-sink-tests;ci/run-e2e-pubsub-source-tests;ci/run-e2e-pulsar-sink-tests;ci/run-e2e-pulsar-source-tests;ci/run-e2e-rabbitmq-source-tests;ci/run-e2e-redis-sink-tests;ci/run-e2e-refill-tests;ci/run-e2e-session-init-tests;ci/run-e2e-single-node-tests;ci/run-e2e-sink-tests;ci/run-e2e-source-tests;ci/run-e2e-sql-migration-tests;ci/run-e2e-sqlserver-sink-tests;ci/run-e2e-standalone-tests;ci/run-e2e-starrocks-sink-tests;ci/run-e2e-test-deterministic-simulation;ci/run-e2e-test-other-backends;ci/run-e2e-tests;ci/run-e2e-time-travel-tests;ci/run-gcs-source-tests;ci/run-heap-flamegraph;ci/run-integration-test-deterministic-simulation;ci/run-java-binding-tests;ci/run-ldap-tests;ci/run-micro-benchmarks;ci/run-opendal-tests;ci/run-preload-memory-tests;ci/run-pulsar-source-tests;ci/run-recovery-test-deterministic-simulation;ci/run-release-dry-run;ci/run-s3-source-tests;ci/run-slow-e2e-tests;ci/run-sqlsmith-differential-tests;ci/run-sqlsmith-fuzzing-tests;ci/run-sqlsmith-snapshot-gen;ci/run-unit-test;ci/run-unit-test-deterministic-simulation;ci/run-upload-micro-benchmark;codex;community;component/test;d-easy;d-hard;d-medium;dependencies;experimental;github_actions;go;good first issue;integration/dbeaver;integration/pgadmin;invalid pr title;java;javascript;mysql-cdc;need-cherry-pick-release-1.10;need-cherry-pick-release-2.0;need-cherry-pick-release-2.1;need-cherry-pick-release-2.2;need-cherry-pick-release-2.3;need-cherry-pick-since-release-2.1;need-cherry-pick-since-release-2.2;need-cherry-pick-since-release-2.3;need-cherry-pick-since-release-2.4;need-cherry-pick-since-release-2.5;need-cherry-pick-since-release-2.6;need-cherry-pick-since-release-2.7;need-cherry-pick-since-release-2.8;need-cherry-pick-since-release-3.0;need-cherry-pick-since-release-3.1;nexmark-q0;nexmark-q106;nexmark-q107;nexmark-q108;nexmark-q12;nexmark-q13;nexmark-q15-two-phase;nexmark-q16;nexmark-q17;nexmark-q19;nexmark-q19-no-rank-number;nexmark-q19-rewrite;nexmark-q3-no-condition;nexmark-q5;nexmark-q5-many-windows;nexmark-q6-group-top1;nexmark-q7;no-issue-activity;no-pr-activity;open to contribution;p-critical;p-high;p-low;p-medium;pg-cdc;python;rust;s-failed-to-reproduce;s-need-design;s-need-discussion;s-need-investigation;s-reproduced;tracking;type/bug;type/build;type/chore;type/deprecate;type/enhancement;type/feature;type/fix;type/flaky-test;type/perf;type/question;type/refactor;type/revert;type/style;type/ux;user-facing-changes;📖‒;📖✓;📖✗,apache-iceberg;data-engineering;database;etl-pipeline;event-streaming;kafka;materialized-view;postgresql;rust;stream-processing;webhook,v0.1.1,First Release,PLSQL
70442771,facebookexperimental/eden,False,78310,5,0,85,Rust,main,GNU General Public License v2.0,,53,1598,281,164363,2016-05-05T04:53:47,2022-10-22T02:33:54,2022-10-21T06:44:08,15,5,117,6,205906.0,1135677.0,173251.0,"[{""codeLines"":2337,""blankLines"":320,""language"":""CSS"",""commentLines"":315},{""codeLines"":3813,""blankLines"":1202,""language"":""Thrift"",""commentLines"":3565},{""codeLines"":14316,""blankLines"":168,""language"":""HTML"",""commentLines"":33},{""codeLines"":8,""blankLines"":3,""language"":""Windows Resource File"",""commentLines"":12},{""codeLines"":19924,""blankLines"":84,""language"":""Diff"",""commentLines"":597},{""codeLines"":60,""blankLines"":0,""language"":""Jupyter Notebook"",""commentLines"":1234},{""codeLines"":34,""blankLines"":18,""language"":""Dockerfile"",""commentLines"":60},{""codeLines"":7278,""blankLines"":0,""language"":""JSON"",""commentLines"":0},{""codeLines"":53,""blankLines"":1,""language"":""Bourne Again Shell"",""commentLines"":0},{""codeLines"":25011,""blankLines"":7211,""language"":""C/C++ Header"",""commentLines"":17409},{""codeLines"":4086,""blankLines"":652,""language"":""Bourne Shell"",""commentLines"":630},{""codeLines"":188408,""blankLines"":47100,""language"":""PO File"",""commentLines"":4810},{""codeLines"":81,""blankLines"":10,""language"":""PowerShell"",""commentLines"":18},{""codeLines"":472,""blankLines"":65,""language"":""SQL"",""commentLines"":256},{""codeLines"":453771,""blankLines"":61284,""language"":""Rust"",""commentLines"":53980},{""codeLines"":1933,""blankLines"":355,""language"":""Vim Script"",""commentLines"":445},{""codeLines"":302,""blankLines"":66,""language"":""make"",""commentLines"":30},{""codeLines"":2838,""blankLines"":261,""language"":""JavaScript"",""commentLines"":677},{""codeLines"":190732,""blankLines"":49500,""language"":""Python"",""commentLines"":55723},{""codeLines"":664,""blankLines"":153,""language"":""Cython"",""commentLines"":115},{""codeLines"":9922,""blankLines"":1701,""language"":""C"",""commentLines"":1494},{""codeLines"":12105,""blankLines"":1421,""language"":""TOML"",""commentLines"":522},{""codeLines"":415,""blankLines"":0,""language"":""SVG"",""commentLines"":0},{""codeLines"":192,""blankLines"":27,""language"":""DOS Batch"",""commentLines"":1},{""codeLines"":31,""blankLines"":4,""language"":""Ruby"",""commentLines"":15},{""codeLines"":2927,""blankLines"":0,""language"":""XML"",""commentLines"":0},{""codeLines"":55570,""blankLines"":7679,""language"":""TypeScript"",""commentLines"":17118},{""codeLines"":942,""blankLines"":525,""language"":""reStructuredText"",""commentLines"":135},{""codeLines"":1222,""blankLines"":37,""language"":""YAML"",""commentLines"":43},{""codeLines"":9414,""blankLines"":3205,""language"":""Markdown"",""commentLines"":0},{""codeLines"":80845,""blankLines"":14202,""language"":""C++"",""commentLines"":12902},{""codeLines"":3060,""blankLines"":479,""language"":""CMake"",""commentLines"":1021},{""codeLines"":1109,""blankLines"":176,""language"":""Lisp"",""commentLines"":64},{""codeLines"":41802,""blankLines"":7997,""language"":""GraphQL"",""commentLines"":27}]",2022-10-22T02:31:41,0d0731e8ea4b725461df1b31a7dce89a73542de6,False,False,False,False,"{""Rust"":17538888,""Python"":9681574,""C++"":4662801,""Perl"":4654125,""HTML"":509442,""C"":336329,""Raku"":326621,""Thrift"":262003,""Jupyter Notebook"":209632,""Shell"":133210,""CMake"":132032,""Vim Script"":91529,""Turing"":82960,""Emacs Lisp"":46193,""Cython"":31715,""Makefile"":13380,""Batchfile"":5954,""PowerShell"":2581,""Roff"":1232,""Ruby"":1026}",bug;cla signed;do-not-reap;duplicate;enhancement;fb-exported;fh:direct-merge-enabled;help wanted;invalid;merged;question;wontfix,,9bc284757ecd0c6de4a3eb78b01a671a8089b736,10% Commit (7831/78310),Python
70454168,tox-dev/pipdeptree,False,757,1,74,161,Rust,main,MIT License,https://pipdeptree.readthedocs.io,31,3025,52,1589,2014-02-02T05:45:23,2026-10-03T03:34:47,2026-10-03T03:34:52,184,0,525,0,1920.0,15213.0,1347.0,"[{""codeLines"":12074,""blankLines"":987,""language"":""Rust"",""commentLines"":133},{""codeLines"":72,""blankLines"":3,""language"":""Meson"",""commentLines"":8},{""codeLines"":368,""blankLines"":29,""language"":""TOML"",""commentLines"":6},{""codeLines"":481,""blankLines"":2,""language"":""YAML"",""commentLines"":25},{""codeLines"":8,""blankLines"":1,""language"":""SVG"",""commentLines"":0},{""codeLines"":1452,""blankLines"":340,""language"":""Python"",""commentLines"":49},{""codeLines"":38,""blankLines"":9,""language"":""CSS"",""commentLines"":3},{""codeLines"":576,""blankLines"":520,""language"":""reStructuredText"",""commentLines"":1123},{""codeLines"":66,""blankLines"":5,""language"":""INI"",""commentLines"":0},{""codeLines"":60,""blankLines"":20,""language"":""Markdown"",""commentLines"":0},{""codeLines"":18,""blankLines"":4,""language"":""Jinja Template"",""commentLines"":0}]",2026-10-03T03:34:47,e45ca187af0fcea5f61760da5258c3c105e16761,False,False,False,False,"{""Rust"":409378,""Python"":61518,""Meson"":2620}",awaiting-feedback;breaking;bug;build;dependencies;duplicate;enhancement;github_actions;help-wanted;invalid;python;question;rust;rust_toolchain_package_manager;tobeconfirmed;upstream;wontfix,dependency-graph;pip;python,2.3.0,First Release,Python
70457999,an-anime-team/an-anime-game-launcher,False,833,4,38,54,Rust,main,GNU General Public License v3.0,https://discord.gg/ck37X6UWBp,16,1266,20,111367,2022-08-25T10:08:50,2024-03-13T03:00:20,2024-03-14T02:09:28,260,56,78,2,4014.0,12273.0,257.0,"[{""codeLines"":113,""blankLines"":0,""language"":""SVG"",""commentLines"":0},{""codeLines"":37,""blankLines"":10,""language"":""TOML"",""commentLines"":1},{""codeLines"":5126,""blankLines"":1875,""language"":""Freemarker Template"",""commentLines"":0},{""codeLines"":366,""blankLines"":189,""language"":""Markdown"",""commentLines"":0},{""codeLines"":6346,""blankLines"":1862,""language"":""Rust"",""commentLines"":234},{""codeLines"":83,""blankLines"":24,""language"":""YAML"",""commentLines"":1},{""codeLines"":30,""blankLines"":5,""language"":""XML"",""commentLines"":2},{""codeLines"":45,""blankLines"":0,""language"":""JSON"",""commentLines"":0},{""codeLines"":127,""blankLines"":49,""language"":""Python"",""commentLines"":19}]",2023-12-29T08:03:37,fc9c650720a39bf1ec9ae88a05f17afae1d78894,True,False,False,False,"{""Rust"":299252,""Fluent"":298507,""TypeScript"":202953,""Svelte"":71397,""Sass"":24648,""HLSL"":10531,""Python"":5730,""HTML"":3041,""JavaScript"":1981}",bug;documentation;duplicate;help wanted;invalid;new feature;question;wontfix,,2.3.8,First Release,TypeScript
70539014,nkaz001/hftbacktest,False,1038,4,41,687,Rust,master,MIT License,,72,3433,22,155215,2022-08-25T02:56:36,2025-12-23T03:57:58,2025-12-25T05:16:13,195,20,58,0,4087.0,36421.0,22384.0,"[{""codeLines"":10,""blankLines"":0,""language"":""Text"",""commentLines"":0},{""codeLines"":250,""blankLines"":27,""language"":""YAML"",""commentLines"":47},{""codeLines"":4797,""blankLines"":1321,""language"":""Python"",""commentLines"":1839},{""codeLines"":15,""blankLines"":7,""language"":""make"",""commentLines"":13},{""codeLines"":541,""blankLines"":360,""language"":""reStructuredText"",""commentLines"":887},{""codeLines"":2,""blankLines"":0,""language"":""JSON"",""commentLines"":0},{""codeLines"":233,""blankLines"":86,""language"":""Markdown"",""commentLines"":0},{""codeLines"":7678,""blankLines"":0,""language"":""Jupyter Notebook"",""commentLines"":17801},{""codeLines"":22639,""blankLines"":2254,""language"":""Rust"",""commentLines"":1770},{""codeLines"":256,""blankLines"":32,""language"":""TOML"",""commentLines"":27}]",2025-12-23T03:31:05,5f3ec40b2afb764e0fea112f941ed85523ef4e88,False,False,False,False,"{""Rust"":896650,""Python"":285451}",bug;documentation;duplicate;enhancement;invalid;pinned;question;security;stale;wontfix,algorithmic-trading;algotrading;backtesting;backtesting-engine;backtesting-trading-strategies;binance;crypto-bot;crypto-trading;hft;high-frequency-trading;limit-order-book;market-maker;market-making;orderbook;orderbook-tick-data;quantitative-trading;trading-algorithms;trading-simulator;trading-strategies;tradingbot,v1.2.1,First Release,Jupyter Notebook
70658143,ast-grep/ast-grep,False,4363,26,183,467,Rust,main,MIT License,https://ast-grep.github.io/,46,16117,93,10333,2022-07-01T07:21:00,2026-10-04T04:57:00,2026-10-04T12:58:49,760,48,2056,23,4962.0,82387.0,2812.0,"[{""codeLines"":15,""blankLines"":3,""language"":""INI"",""commentLines"":0},{""codeLines"":38376,""blankLines"":3786,""language"":""Rust"",""commentLines"":2385},{""codeLines"":4383,""blankLines"":35,""language"":""YAML"",""commentLines"":39},{""codeLines"":2138,""blankLines"":764,""language"":""Markdown"",""commentLines"":13},{""codeLines"":34043,""blankLines"":0,""language"":""JSON"",""commentLines"":0},{""codeLines"":21,""blankLines"":2,""language"":""Vuejs Component"",""commentLines"":0},{""codeLines"":1092,""blankLines"":112,""language"":""TypeScript"",""commentLines"":271},{""codeLines"":1178,""blankLines"":84,""language"":""JavaScript"",""commentLines"":40},{""codeLines"":489,""blankLines"":70,""language"":""TOML"",""commentLines"":9},{""codeLines"":652,""blankLines"":106,""language"":""Python"",""commentLines"":55}]",2026-10-03T04:31:26,ef4f4fd3535fa76c59f7c7f5e9f4c7f319ab948a,True,False,False,False,"{""Rust"":1259894,""TypeScript"":27822,""Python"":21643,""JavaScript"":18046,""Vue"":272}",bug;chore;documentation;duplicate;enhancement;good first issue;help wanted;infrastructure;invalid;needs reproduction;perf;question;refactor;test;upstream;wontfix;👑sponsor👑,ast;babel;codemod;codereview;command-line;command-line-tool;grep;linter;refactoring;rust;search;static-analysis;structural-search;tree-sitter;typescript,0.1.2,First Release,JavaScript
72237113,zkonduit/ezkl,False,860,250,60,196,Rust,main,,https://docs.ezkl.xyz/,21,1168,37,107254,2022-07-05T07:54:03,2026-02-20T02:40:56,2026-02-24T02:02:42,122,9,862,19,6520.0,122690.0,22077.0,"[{""codeLines"":27,""blankLines"":4,""language"":""Metal"",""commentLines"":0},{""codeLines"":30462,""blankLines"":0,""language"":""JSON"",""commentLines"":0},{""codeLines"":195,""blankLines"":44,""language"":""TypeScript"",""commentLines"":10},{""codeLines"":1537,""blankLines"":156,""language"":""YAML"",""commentLines"":56},{""codeLines"":6254,""blankLines"":0,""language"":""Jupyter Notebook"",""commentLines"":12765},{""codeLines"":248,""blankLines"":169,""language"":""Markdown"",""commentLines"":53},{""codeLines"":2,""blankLines"":2,""language"":""reStructuredText"",""commentLines"":7},{""codeLines"":2002,""blankLines"":0,""language"":""CSV"",""commentLines"":0},{""codeLines"":268,""blankLines"":62,""language"":""TOML"",""commentLines"":7},{""codeLines"":37813,""blankLines"":0,""language"":""Text"",""commentLines"":0},{""codeLines"":39161,""blankLines"":4460,""language"":""Rust"",""commentLines"":8222},{""codeLines"":4,""blankLines"":0,""language"":""JavaScript"",""commentLines"":0},{""codeLines"":347,""blankLines"":70,""language"":""Bourne Shell"",""commentLines"":40},{""codeLines"":629,""blankLines"":87,""language"":""Solidity"",""commentLines"":110},{""codeLines"":329,""blankLines"":83,""language"":""Swift"",""commentLines"":56},{""codeLines"":3412,""blankLines"":1383,""language"":""Python"",""commentLines"":751}]",2026-02-20T02:40:34,e196b111c1bafaa61b92ae431cd3c3fe9371da05,True,False,False,False,"{""Rust"":1512722,""Python"":37631,""Solidity"":29780,""Swift"":15143,""Shell"":13842,""TypeScript"":8165,""Metal"":660,""JavaScript"":75}",breaking-changes;bug;dependencies;documentation;duplicate;enhancement;good first issue;help wanted;improvement;invalid;question;requires-doc-updates;wontfix,ai;cryptography;zero-knowledge;zkml,v7.1.12,First Release,Jupyter Notebook
72464823,bensadeh/tailspin,False,1237,1,36,139,Rust,main,MIT License,,19,7982,17,12569,2022-07-03T08:56:53,2026-10-03T06:06:44,2026-10-03T08:43:34,90,2,183,0,1881.0,9186.0,650.0,"[{""codeLines"":143,""blankLines"":27,""language"":""YAML"",""commentLines"":6},{""codeLines"":606,""blankLines"":283,""language"":""Markdown"",""commentLines"":0},{""codeLines"":44,""blankLines"":0,""language"":""Fish Shell"",""commentLines"":2},{""codeLines"":52,""blankLines"":23,""language"":""Bourne Shell"",""commentLines"":9},{""codeLines"":79,""blankLines"":3,""language"":""Bourne Again Shell"",""commentLines"":2},{""codeLines"":657,""blankLines"":176,""language"":""Go"",""commentLines"":9},{""codeLines"":93,""blankLines"":31,""language"":""AsciiDoc"",""commentLines"":0},{""codeLines"":20,""blankLines"":4,""language"":""Nix"",""commentLines"":0},{""codeLines"":7298,""blankLines"":1302,""language"":""Rust"",""commentLines"":609},{""codeLines"":43,""blankLines"":6,""language"":""zsh"",""commentLines"":4},{""codeLines"":151,""blankLines"":26,""language"":""TOML"",""commentLines"":9}]",2026-10-03T06:06:36,6c9971b810ebb65e751e8805a5f2fe167290eef5,False,False,False,False,"{""Rust"":295866,""Go"":18905,""Shell"":10}",bug;dependencies;documentation;duplicate;enhancement;good first issue;help wanted;invalid;question;rust;windows;wontfix,ccze;colorizer;colors;file;follow;grc;highlighter;less;log;log-file;logfile;syntax-highlighting;tail,0.1,First Release,Go
72864108,supabase/pg_graphql,False,1480,29,34,143,Rust,master,Apache License 2.0,https://supabase.github.io/pg_graphql,44,3356,51,11203,2021-08-05T08:09:12,2026-10-03T11:38:35,2026-10-03T11:38:41,282,46,373,6,4194.0,29870.0,1438.0,"[{""codeLines"":483,""blankLines"":140,""language"":""GraphQL"",""commentLines"":223},{""codeLines"":392,""blankLines"":68,""language"":""YAML"",""commentLines"":14},{""codeLines"":3,""blankLines"":0,""language"":""Text"",""commentLines"":0},{""codeLines"":68,""blankLines"":5,""language"":""HTML"",""commentLines"":0},{""codeLines"":11613,""blankLines"":1105,""language"":""Rust"",""commentLines"":528},{""codeLines"":12774,""blankLines"":1664,""language"":""SQL"",""commentLines"":648},{""codeLines"":42,""blankLines"":6,""language"":""TOML"",""commentLines"":1},{""codeLines"":28,""blankLines"":11,""language"":""Dockerfile"",""commentLines"":1},{""codeLines"":4444,""blankLines"":1187,""language"":""Markdown"",""commentLines"":0},{""codeLines"":23,""blankLines"":8,""language"":""Bourne Again Shell"",""commentLines"":23}]",2026-10-03T11:38:35,51dbdc983944be635e55cc18ad5c9d39ff25ece4,False,False,False,False,"{""Rust"":481848,""PLpgSQL"":345880,""HTML"":1837,""Shell"":1285,""Dockerfile"":881}",bug;chore;dependencies;documentation;duplicate;enhancement;feedback requested;good first issue;graphql spec;help wanted;invalid;out-of-scope;p1;p2;p3;p4;performance;proposal rejected;question;rust;stale;triage-required;v0.1.0;wontfix,api;graphql;graphql-server;postgres;postgresql;sql,v0.4.0,First Release,PLSQL
72864899,windmill-labs/windmill,False,15023,807,1000,1108,Rust,main,Other,https://windmill.dev,55,18098,167,540268,2022-05-05T02:21:17,2026-10-04T12:40:11,2026-10-04T02:06:46,1633,572,9718,270,130699.0,1453246.0,135054.0,"[{""codeLines"":348089,""blankLines"":24548,""language"":""Svelte"",""commentLines"":4454},{""codeLines"":2424,""blankLines"":575,""language"":""Protocol Buffers"",""commentLines"":0},{""codeLines"":91673,""blankLines"":2794,""language"":""YAML"",""commentLines"":1308},{""codeLines"":41317,""blankLines"":14856,""language"":""Markdown"",""commentLines"":8},{""codeLines"":44051,""blankLines"":3170,""language"":""Text"",""commentLines"":0},{""codeLines"":3,""blankLines"":0,""language"":""INI"",""commentLines"":0},{""codeLines"":3461,""blankLines"":332,""language"":""TOML"",""commentLines"":150},{""codeLines"":509,""blankLines"":190,""language"":""Dockerfile"",""commentLines"":105},{""codeLines"":24783,""blankLines"":3278,""language"":""SQL"",""commentLines"":4501},{""codeLines"":160831,""blankLines"":0,""language"":""JSON"",""commentLines"":0},{""codeLines"":45,""blankLines"":11,""language"":""Bourne Again Shell"",""commentLines"":8},{""codeLines"":2568,""blankLines"":209,""language"":""CSS"",""commentLines"":50},{""codeLines"":12992,""blankLines"":1381,""language"":""HTML"",""commentLines"":5},{""codeLines"":2067,""blankLines"":0,""language"":""SVG"",""commentLines"":2},{""codeLines"":385,""blankLines"":79,""language"":""Nix"",""commentLines"":110},{""codeLines"":380953,""blankLines"":39641,""language"":""Rust"",""commentLines"":57928},{""codeLines"":4023,""blankLines"":699,""language"":""Bourne Shell"",""commentLines"":974},{""codeLines"":70,""blankLines"":26,""language"":""C/C++ Header"",""commentLines"":3},{""codeLines"":23730,""blankLines"":893,""language"":""JavaScript"",""commentLines"":3748},{""codeLines"":877,""blankLines"":143,""language"":""HCL"",""commentLines"":7},{""codeLines"":545,""blankLines"":179,""language"":""PowerShell"",""commentLines"":176},{""codeLines"":250,""blankLines"":23,""language"":""Go"",""commentLines"":2},{""codeLines"":295748,""blankLines"":34768,""language"":""TypeScript"",""commentLines"":57774},{""codeLines"":11816,""blankLines"":2895,""language"":""Python"",""commentLines"":3725},{""codeLines"":36,""blankLines"":9,""language"":""Awk"",""commentLines"":16}]",2026-10-04T12:11:48,14d2995d76453016f9b709f89b60196c962d27b1,False,False,False,False,"{""Rust"":18460445,""TypeScript"":13685637,""Svelte"":12735868,""HTML"":10837295,""JavaScript"":732487,""Python"":665247,""Shell"":215382,""PLpgSQL"":211145,""CSS"":95889,""Dockerfile"":26524,""PowerShell"":26179,""Nix"":21617,""Nushell"":19219,""Go"":6261,""Tape"":2560,""Awk"":2311,""C"":2118,""RenderScript"":1}",1.2.3;api;autorelease: pending;autorelease: tagged;awaiting-release;backend;bug;cloud;commercial;community;critical;dependencies;docker;documentation;duplicate;effort/low;enhancement;frontend;github_actions;good first issue;help wanted;hub;impact/low;integrations;invalid;javascript;lsp;merged: windmill-4.0.221;nice to have;on hold;openflow;product;python;python:uv;question;release: 1.2.5;release: 1.430.0;release: 1.434.1;release: 1.434.2;release: 1.437.0;release: 1.437.1;release: 1.438.0;release: 1.439.0;release: 1.440.1;release: 1.441.0;release: 1.453.0;release: 1.454.1;release: 1.455.2;release: 1.456.0;release: 1.457.0;release: 1.460.0;release: 1.461.0;release: 1.463.0;release: 1.463.3;release: 1.466.3;release: 1.467.1;release: 1.468.0;release: 1.470.0;release: 1.473.0;release: 1.475.0;release: 1.478.1;release: 1.479.3;release: 1.480.0;release: 1.480.1;release: 1.481.0;release: 1.482.0;release: 1.483.1;release: 1.483.2;release: 1.485.0;release: 1.485.1;release: 1.485.2;release: 1.485.3;release: 1.486.0;release: 1.486.1;release: 1.487.0;release: 1.488.0;release: 1.490.0;release: 1.491.0;release: 1.491.1;release: 1.491.4;release: 1.491.5;release: 1.492.1;release: 1.493.0;release: 1.493.2;release: 1.493.4;release: 1.494.0;release: 1.495.1;release: 1.496.0;release: 1.496.2;release: 1.496.3;release: 1.500.2;release: 1.501.0;release: 1.501.2;release: 1.501.3;release: 1.501.4;release: 1.502.1;release: 1.503.0;release: 1.503.1;release: 1.503.3;release: 1.504.0;release: 1.505.0;release: 1.505.1;release: 1.505.2;release: 1.505.3;release: 1.505.4;release: 1.506.0;release: 1.507.0;release: 1.507.1;release: 1.508.0;release: 1.510.1;release: 1.511.0;release: 1.512.0;release: 1.513.0;release: 1.513.1;release: 1.514.0;release: 1.514.1;release: 1.515.0;release: 1.515.1;release: 1.516.0;release: 1.518.0;release: 1.518.2;release: 1.519.1;release: 1.520.1;release: 1.523.0;release: 1.524.0;release: 1.525.0;release: 1.526.1;release: 1.527.0;release: 1.527.1;release: 1.528.0;release: 1.529.0;release: 1.530.0;release: 1.532.0;release: 1.533.1;release: 1.535.0;release: 1.536.0;release: 1.537.0;release: 1.537.1;release: 1.538.0;release: 1.539.1;release: 1.541.0;release: 1.541.1;release: 1.542.2;release: 1.542.3;release: 1.542.4;release: 1.543.0;release: 1.544.0;release: 1.544.2;release: 1.545.0;release: 1.546.0;release: 1.548.2;release: 1.548.3;release: 1.549.0;release: 1.549.1;release: 1.550.0;release: 1.551.0;release: 1.551.1;release: 1.552.0;release: 1.552.1;release: 1.553.0;release: 1.554.1;release: 1.555.0;release: 1.555.1;release: 1.555.2;release: 1.557.0;release: 1.558.1;release: 1.560.0;release: 1.561.0;release: 1.562.0;release: 1.563.0;release: 1.563.1;release: 1.563.2;release: 1.563.4;release: 1.565.0;release: 1.566.0;release: 1.566.1;release: 1.567.0;release: 1.567.1;release: 1.567.3;release: 1.568.0;release: 1.569.0;release: 1.571.0;release: 1.572.0;release: 1.572.2;release: 1.573.1;release: 1.573.2;release: 1.573.4;release: 1.574.0;release: 1.574.2;release: 1.575.0;release: 1.575.1;release: 1.575.2;release: 1.575.3;release: 1.575.4;release: 1.576.0;release: 1.576.1;release: 1.576.2;release: 1.576.3;release: 1.578.0;release: 1.579.2;release: 1.580.0;release: 1.581.0;release: 1.581.1;release: 1.583.1;release: 1.583.3;release: 1.585.1;release: 1.586.0;release: 1.587.0;release: 1.587.1;release: 1.588.0;release: 1.589.1;release: 1.589.3;release: 1.590.0;release: 1.591.2;release: 1.591.3;release: 1.591.4;release: 1.592.1;release: 1.593.0;release: 1.593.1;release: 1.594.0;release: 1.595.0;release: 1.596.0;release: 1.597.0;release: 1.598.0;release: 1.599.0;release: 1.599.1;release: 1.599.2;release: 1.599.3;release: 1.600.0;release: 1.600.1;release: 1.601.0;release: 1.601.1;release: 1.603.2;release: 1.603.3;release: 1.604.0;release: 1.605.0;release: 1.606.0;release: 1.606.1;release: 1.607.0;release: 1.607.1;release: 1.608.0;release: 1.611.0;release: 1.612.1;release: 1.613.0;release: 1.613.1;release: 1.613.3;release: 1.613.4;release: 1.614.0;release: 1.615.1;release: 1.615.3;release: 1.617.0;release: 1.617.1;release: 1.617.3;release: 1.618.2;release: 1.621.1;release: 1.622.0;release: 1.623.0;release: 1.623.1;release: 1.624.0;release: 1.625.0;release: 1.626.0;release: 1.775.1;rust;script;self-hostable;smallfix;sweep;test;webmux;webmux_oneshot;wontfix,low-code;open-source;platform;postgresql;python;self-hostable;typescript,v1.6.0,First Release,Svelte
73982600,louis-e/arnis,False,2642,13,23,1518,Rust,main,Apache License 2.0,https://arnismc.com/,67,18141,61,123679,2022-09-10T01:42:29,2026-10-04T03:07:17,2026-10-04T02:27:47,648,65,707,28,18388.0,201822.0,26618.0,"[{""codeLines"":1165,""blankLines"":77,""language"":""HTML"",""commentLines"":70},{""codeLines"":10,""blankLines"":0,""language"":""Text"",""commentLines"":0},{""codeLines"":1087,""blankLines"":81,""language"":""Python"",""commentLines"":100},{""codeLines"":4808,""blankLines"":659,""language"":""CSS"",""commentLines"":307},{""codeLines"":57,""blankLines"":7,""language"":""Nix"",""commentLines"":1},{""codeLines"":70,""blankLines"":7,""language"":""Bourne Shell"",""commentLines"":11},{""codeLines"":812,""blankLines"":25,""language"":""SVG"",""commentLines"":0},{""codeLines"":137556,""blankLines"":12006,""language"":""Rust"",""commentLines"":21080},{""codeLines"":490,""blankLines"":148,""language"":""Markdown"",""commentLines"":0},{""codeLines"":6,""blankLines"":2,""language"":""make"",""commentLines"":3},{""codeLines"":431,""blankLines"":62,""language"":""YAML"",""commentLines"":13},{""codeLines"":30,""blankLines"":0,""language"":""XML"",""commentLines"":3},{""codeLines"":30028,""blankLines"":5303,""language"":""JavaScript"",""commentLines"":5027},{""codeLines"":6,""blankLines"":0,""language"":""Dockerfile"",""commentLines"":0},{""codeLines"":25188,""blankLines"":2,""language"":""JSON"",""commentLines"":0},{""codeLines"":78,""blankLines"":9,""language"":""TOML"",""commentLines"":3}]",2026-10-04T12:18:54,5157dd3c165e04dd18b0d25596c9d55ffcd4ec1f,True,False,False,False,"{""Rust"":6717225,""Python"":87769,""Nix"":1917,""Makefile"":339,""Dockerfile"":258,""Shell"":10}",bug;codex;dependencies;discussion;documentation;duplicate;enhancement;feature;github_actions;good first issue;help wanted;invalid;question;readyforreview;rust;wontfix,minecraft;minecraft-world-generator;openstreetmap;osm;overpass-turbo;procedural-generation;rust;tauri,v1.0.0,First Release,Python
74824068,cachix/devenv,False,7386,623,57,574,Rust,main,Apache License 2.0,https://devenv.sh,27,7705,303,37545,2022-10-22T08:10:10,2026-10-03T12:52:47,2026-10-04T09:55:37,1658,321,1581,59,35057.0,221556.0,20406.0,"[{""codeLines"":216,""blankLines"":0,""language"":""Text"",""commentLines"":0},{""codeLines"":980,""blankLines"":141,""language"":""TOML"",""commentLines"":61},{""codeLines"":2126,""blankLines"":175,""language"":""Astro"",""commentLines"":36},{""codeLines"":33,""blankLines"":11,""language"":""Dockerfile"",""commentLines"":16},{""codeLines"":14787,""blankLines"":0,""language"":""JSON"",""commentLines"":0},{""codeLines"":8,""blankLines"":2,""language"":""INI"",""commentLines"":0},{""codeLines"":8,""blankLines"":2,""language"":""make"",""commentLines"":0},{""codeLines"":1318,""blankLines"":180,""language"":""HTML"",""commentLines"":5},{""codeLines"":3035,""blankLines"":538,""language"":""CSS"",""commentLines"":39},{""codeLines"":5372,""blankLines"":977,""language"":""Bourne Shell"",""commentLines"":741},{""codeLines"":4,""blankLines"":1,""language"":""zsh"",""commentLines"":2},{""codeLines"":75,""blankLines"":0,""language"":""SVG"",""commentLines"":0},{""codeLines"":99139,""blankLines"":12755,""language"":""Rust"",""commentLines"":16742},{""codeLines"":156,""blankLines"":27,""language"":""SQL"",""commentLines"":33},{""codeLines"":66206,""blankLines"":3441,""language"":""Nix"",""commentLines"":2017},{""codeLines"":1368,""blankLines"":116,""language"":""JavaScript"",""commentLines"":19},{""codeLines"":41,""blankLines"":14,""language"":""Bourne Again Shell"",""commentLines"":6},{""codeLines"":28,""blankLines"":8,""language"":""Diff"",""commentLines"":29},{""codeLines"":1439,""blankLines"":122,""language"":""TypeScript"",""commentLines"":65},{""codeLines"":1870,""blankLines"":279,""language"":""YAML"",""commentLines"":134},{""codeLines"":3,""blankLines"":0,""language"":""C"",""commentLines"":0},{""codeLines"":21525,""blankLines"":15990,""language"":""Markdown"",""commentLines"":234},{""codeLines"":69,""blankLines"":8,""language"":""Fish Shell"",""commentLines"":45},{""codeLines"":1741,""blankLines"":269,""language"":""Python"",""commentLines"":182},{""codeLines"":6,""blankLines"":0,""language"":""MSBuild script"",""commentLines"":0},{""codeLines"":3,""blankLines"":1,""language"":""C#"",""commentLines"":0}]",2026-09-29T05:02:55,fe20b5cba7ab5e93ae73f956a8d3efc50e1753f4,False,False,False,False,"{""Rust"":4551378,""Nix"":2281752,""Shell"":224950,""Python"":56072,""TypeScript"":8856,""JavaScript"":7954,""Nushell"":4680,""Dockerfile"":1839,""Makefile"":133,""C#"":121,""Ruby"":48,""C"":31}",bug;cli;containers;dependencies;documentation;enhancement;flakes;git-hooks;github actions;github_actions;help wanted;macos;mcp;module;needs tests;nix;nixpkgs;processes;profiles;pty;question;secretspec;shell activation;tasks;tui,developer-tools;devenv;nix,v0.1,First Release,Nix
74878746,dudykr/stc,False,729,1,0,172,Rust,main,Apache License 2.0,https://stc.dudy.dev,39,5665,31,15937,2020-12-29T12:41:02,2024-01-25T02:30:28,2024-01-26T03:03:13,276,64,818,11,63773.0,383246.0,69640.0,"[{""codeLines"":20160,""blankLines"":7,""language"":""JSON"",""commentLines"":0},{""codeLines"":293746,""blankLines"":53345,""language"":""TypeScript"",""commentLines"":64695},{""codeLines"":21,""blankLines"":0,""language"":""JavaScript"",""commentLines"":2},{""codeLines"":211,""blankLines"":87,""language"":""Bourne Shell"",""commentLines"":39},{""codeLines"":64458,""blankLines"":10077,""language"":""Rust"",""commentLines"":4708},{""codeLines"":159,""blankLines"":83,""language"":""Markdown"",""commentLines"":7},{""codeLines"":4,""blankLines"":1,""language"":""Bourne Again Shell"",""commentLines"":3},{""codeLines"":681,""blankLines"":61,""language"":""YAML"",""commentLines"":24},{""codeLines"":880,""blankLines"":103,""language"":""TOML"",""commentLines"":160},{""codeLines"":2898,""blankLines"":0,""language"":""Text"",""commentLines"":0},{""codeLines"":28,""blankLines"":9,""language"":""Python"",""commentLines"":2}]",2023-11-17T12:59:45,34abe15fab75bd28122be339d739980cd2312d49,False,False,False,False,"{""Rust"":2717604,""TypeScript"":9543,""Shell"":9219,""Python"":958,""JavaScript"":507}",automerge;bug;dependencies;documentation;duplicate;enhancement;good first issue;help wanted;invalid;question;tsc-unit-test;wontfix,rust;typescript,432f181b7be9a0f13099b2f075b4530800a00cc1,10% Commit (72/729),TypeScript
75507916,redbadger/crux,False,2581,30,60,116,Rust,master,Apache License 2.0,https://redbadger.github.io/crux/,41,2749,54,17374,2022-10-08T11:30:56,2026-10-02T02:55:08,2026-10-04T09:56:51,117,23,496,19,15858.0,74294.0,8638.0,"[{""codeLines"":19,""blankLines"":6,""language"":""Java"",""commentLines"":0},{""codeLines"":3880,""blankLines"":455,""language"":""Kotlin"",""commentLines"":253},{""codeLines"":794,""blankLines"":34,""language"":""XML"",""commentLines"":43},{""codeLines"":0,""blankLines"":3,""language"":""ProGuard"",""commentLines"":18},{""codeLines"":640,""blankLines"":99,""language"":""Gradle"",""commentLines"":30},{""codeLines"":22,""blankLines"":12,""language"":""Dockerfile"",""commentLines"":10},{""codeLines"":494,""blankLines"":0,""language"":""JSON"",""commentLines"":0},{""codeLines"":55,""blankLines"":1,""language"":""SVG"",""commentLines"":1},{""codeLines"":1363,""blankLines"":239,""language"":""TOML"",""commentLines"":46},{""codeLines"":29157,""blankLines"":5331,""language"":""Rust"",""commentLines"":7470},{""codeLines"":2072,""blankLines"":299,""language"":""Swift"",""commentLines"":119},{""codeLines"":21,""blankLines"":0,""language"":""Text"",""commentLines"":0},{""codeLines"":67,""blankLines"":3,""language"":""HTML"",""commentLines"":0},{""codeLines"":379,""blankLines"":44,""language"":""CSS"",""commentLines"":0},{""codeLines"":231,""blankLines"":51,""language"":""Bourne Shell"",""commentLines"":154},{""codeLines"":46,""blankLines"":10,""language"":""INI"",""commentLines"":0},{""codeLines"":1857,""blankLines"":230,""language"":""JavaScript"",""commentLines"":181},{""codeLines"":519,""blankLines"":42,""language"":""C/C++ Header"",""commentLines"":12},{""codeLines"":1,""blankLines"":0,""language"":""Handlebars"",""commentLines"":0},{""codeLines"":23,""blankLines"":0,""language"":""Properties"",""commentLines"":22},{""codeLines"":36,""blankLines"":0,""language"":""XAML"",""commentLines"":0},{""codeLines"":2422,""blankLines"":324,""language"":""TypeScript"",""commentLines"":205},{""codeLines"":208,""blankLines"":63,""language"":""DOS Batch"",""commentLines"":6},{""codeLines"":115,""blankLines"":31,""language"":""C#"",""commentLines"":6},{""codeLines"":41,""blankLines"":1,""language"":""Visual Studio Solution"",""commentLines"":1},{""codeLines"":34,""blankLines"":2,""language"":""Svelte"",""commentLines"":0},{""codeLines"":38,""blankLines"":2,""language"":""MSBuild script"",""commentLines"":15},{""codeLines"":18952,""blankLines"":5004,""language"":""YAML"",""commentLines"":43},{""codeLines"":10802,""blankLines"":3571,""language"":""Markdown"",""commentLines"":2},{""codeLines"":6,""blankLines"":1,""language"":""Fish Shell"",""commentLines"":1}]",2026-10-01T07:11:11,fe63c4b03d094fb247541bf08055178529c6c836,True,False,False,False,"{""Rust"":1016008,""C"":21196,""Just"":15819,""TypeScript"":13048,""Swift"":1648,""Dockerfile"":1059,""Kotlin"":869,""Java"":845,""C#"":824,""JavaScript"":642,""HTML"":579,""Shell"":137}",Type Generation;bug;design flaw;documentation;duplicate;enhancement;examples;good first issue;help wanted;invalid;performance;question;stale?;wontfix,mobile-development;rust,v0.1.0,First Release,Java
75509774,build-trust/ockam,False,9734,606,900,563,Rust,develop,Apache License 2.0,https://docs.ockam.io/,52,4587,294,90990,2018-11-30T06:57:01,2026-01-04T10:01:38,2026-01-08T04:44:01,1780,0,7293,94,37776.0,194389.0,18596.0,"[{""codeLines"":20,""blankLines"":0,""language"":""Jupyter Notebook"",""commentLines"":670},{""codeLines"":45,""blankLines"":22,""language"":""CMake"",""commentLines"":4},{""codeLines"":313,""blankLines"":55,""language"":""Gradle"",""commentLines"":28},{""codeLines"":3,""blankLines"":0,""language"":""CSS"",""commentLines"":0},{""codeLines"":4034,""blankLines"":1218,""language"":""Bourne Again Shell"",""commentLines"":503},{""codeLines"":737,""blankLines"":88,""language"":""HTML"",""commentLines"":0},{""codeLines"":34,""blankLines"":0,""language"":""XML"",""commentLines"":0},{""codeLines"":5,""blankLines"":0,""language"":""Logos"",""commentLines"":0},{""codeLines"":73,""blankLines"":0,""language"":""JSON"",""commentLines"":0},{""codeLines"":297,""blankLines"":46,""language"":""Dockerfile"",""commentLines"":25},{""codeLines"":375,""blankLines"":67,""language"":""Erlang"",""commentLines"":0},{""codeLines"":136463,""blankLines"":20526,""language"":""Rust"",""commentLines"":13331},{""codeLines"":352,""blankLines"":1,""language"":""SVG"",""commentLines"":1},{""codeLines"":1734,""blankLines"":190,""language"":""TOML"",""commentLines"":156},{""codeLines"":2929,""blankLines"":433,""language"":""Swift"",""commentLines"":194},{""codeLines"":97,""blankLines"":28,""language"":""C/C++ Header"",""commentLines"":91},{""codeLines"":173,""blankLines"":37,""language"":""make"",""commentLines"":3},{""codeLines"":922,""blankLines"":219,""language"":""Text"",""commentLines"":0},{""codeLines"":43,""blankLines"":10,""language"":""INI"",""commentLines"":0},{""codeLines"":1263,""blankLines"":339,""language"":""Bourne Shell"",""commentLines"":169},{""codeLines"":39,""blankLines"":16,""language"":""JavaScript"",""commentLines"":43},{""codeLines"":249,""blankLines"":28,""language"":""Nix"",""commentLines"":4},{""codeLines"":1437,""blankLines"":204,""language"":""SQL"",""commentLines"":197},{""codeLines"":76,""blankLines"":26,""language"":""DOS Batch"",""commentLines"":2},{""codeLines"":13,""blankLines"":5,""language"":""Python"",""commentLines"":0},{""codeLines"":479,""blankLines"":55,""language"":""TypeScript"",""commentLines"":47},{""codeLines"":70,""blankLines"":14,""language"":""PEG"",""commentLines"":0},{""codeLines"":366,""blankLines"":0,""language"":""CSV"",""commentLines"":0},{""codeLines"":541,""blankLines"":152,""language"":""C"",""commentLines"":4},{""codeLines"":23800,""blankLines"":6163,""language"":""Elixir"",""commentLines"":2961},{""codeLines"":78,""blankLines"":7,""language"":""Svelte"",""commentLines"":0},{""codeLines"":2911,""blankLines"":474,""language"":""YAML"",""commentLines"":154},{""codeLines"":14418,""blankLines"":7353,""language"":""Markdown"",""commentLines"":9}]",2026-01-04T09:59:47,0435d8d73dc2bd3bdd56675021b27c76b1116d91,False,False,False,False,"{""Rust"":5558332,""Elixir"":1078397,""Shell"":209439,""Swift"":127793,""Erlang"":18834,""TypeScript"":10178,""Makefile"":6289,""PLpgSQL"":4653,""Svelte"":4651,""Dockerfile"":2369,""JavaScript"":121,""RPC"":115,""CSS"":59,""RenderScript"":2}",cla-acceptance;component: abac;component: api;component: app;component: channel;component: ci/cd;component: cli;component: cmake;component: command;component: core;component: key exchange;component: nix;component: transport;component: vault;good first issue;hacktoberfest;hacktoberfest-accepted;hacktoberfest-accepted-2022;hacktoberfest-invalid;hacktoberfest-spam;help wanted;implementation: elixir;implementation: rust;implementation: swift;implementation: typescript;intermediate;kafka;priority: critical;priority: high;priority: low;priority: medium;python;relay service;rust;status: available;status: blocked;status: in progress;status: on hold;status: proposal;status: review needed;todo;type: dependencies;type: documentation;type: enhancement;type: feature;type: maintenance;type: question;type: testing;type: tracking;type: user experience,authentication;authorization;credentials;distributed-systems;e2ee;encrypted-connections;encrypted-messages;encryption;end-to-end-encryption;identity;kafka;key-management;messaging;rust;security;snowflake;trust;zero-trust,v0.2.1,First Release,Go
76819246,cangzhang/champ-r,False,1090,14,94,136,Rust,main,GNU Lesser General Public License v2.1,,13,1734,6,18192,2020-01-22T07:49:02,2025-09-11T08:46:41,2025-09-11T08:46:44,199,9,54,2,298.0,1881.0,35.0,"[{""codeLines"":341,""blankLines"":60,""language"":""YAML"",""commentLines"":20},{""codeLines"":57,""blankLines"":5,""language"":""TOML"",""commentLines"":3},{""codeLines"":110,""blankLines"":53,""language"":""Markdown"",""commentLines"":0},{""codeLines"":2,""blankLines"":0,""language"":""SVG"",""commentLines"":0},{""codeLines"":1359,""blankLines"":180,""language"":""Rust"",""commentLines"":12},{""codeLines"":2,""blankLines"":0,""language"":""Windows Resource File"",""commentLines"":0},{""codeLines"":10,""blankLines"":0,""language"":""XML"",""commentLines"":0}]",2025-09-11T08:46:40,dbcdbba71a70169907cb978660daf920266fb4c5,True,False,False,False,"{""Rust"":46877,""TypeScript"":24084,""SCSS"":4252,""HTML"":3404,""JavaScript"":290,""Just"":97,""Shell"":71}",bug;data-maker;dependencies;documentation;duplicate;enhancement;faq;feature request;good first issue;help wanted;invalid;lcu;need more infomation;question;tencent server;u.gg-aram;v1.1.10;v1.1.5;v1.2.3;wontfix,league-of-legends;windows-10;windows-11,v0.5.7-1,First Release,JavaScript
76842191,steadylearner/rust-full-stack,False,11,250,0,117,Rust,master,MIT License,https://www.steadylearner.com/blog,31,1368,1,30001,2019-07-11T01:13:17,2023-05-10T09:50:06,2023-05-15T09:04:52,3,0,269,244,20616.0,102838.0,11153.0,"[{""codeLines"":18131,""blankLines"":7450,""language"":""Markdown"",""commentLines"":0},{""codeLines"":1,""blankLines"":1,""language"":""C/C++ Header"",""commentLines"":2},{""codeLines"":130,""blankLines"":54,""language"":""Protocol Buffers"",""commentLines"":88},{""codeLines"":129,""blankLines"":68,""language"":""Bourne Shell"",""commentLines"":22},{""codeLines"":60,""blankLines"":9,""language"":""YAML"",""commentLines"":5},{""codeLines"":14381,""blankLines"":2840,""language"":""JavaScript"",""commentLines"":3864},{""codeLines"":29,""blankLines"":13,""language"":""make"",""commentLines"":3},{""codeLines"":489,""blankLines"":118,""language"":""Sass"",""commentLines"":10},{""codeLines"":19077,""blankLines"":4469,""language"":""Rust"",""commentLines"":4216},{""codeLines"":8,""blankLines"":0,""language"":""SVG"",""commentLines"":0},{""codeLines"":406,""blankLines"":13,""language"":""EJS"",""commentLines"":29},{""codeLines"":177,""blankLines"":40,""language"":""SQL"",""commentLines"":73},{""codeLines"":1239,""blankLines"":189,""language"":""HTML"",""commentLines"":168},{""codeLines"":1599,""blankLines"":732,""language"":""Python"",""commentLines"":385},{""codeLines"":10584,""blankLines"":3185,""language"":""CSS"",""commentLines"":1619},{""codeLines"":16455,""blankLines"":1,""language"":""JSON"",""commentLines"":0},{""codeLines"":2828,""blankLines"":862,""language"":""Go"",""commentLines"":380},{""codeLines"":1284,""blankLines"":148,""language"":""TypeScript"",""commentLines"":66},{""codeLines"":117,""blankLines"":68,""language"":""Bourne Again Shell"",""commentLines"":28},{""codeLines"":11,""blankLines"":2,""language"":""Dockerfile"",""commentLines"":3},{""codeLines"":13892,""blankLines"":0,""language"":""CSV"",""commentLines"":0},{""codeLines"":1352,""blankLines"":243,""language"":""TOML"",""commentLines"":127},{""codeLines"":316,""blankLines"":106,""language"":""C++"",""commentLines"":64},{""codeLines"":143,""blankLines"":5,""language"":""Vuejs Component"",""commentLines"":1}]",2023-05-10T09:50:06,3d25d4ecf8e91f993d89ac947a07cb7345da7636,False,False,False,False,"{""Rust"":3127705,""CSS"":436210,""HTML"":101427,""Python"":95388,""Go"":81267,""TypeScript"":43645,""SCSS"":40842,""EJS"":19989,""Shell"":12248,""C++"":9994,""PLpgSQL"":8015,""Vue"":7748,""Makefile"":1235,""Dockerfile"":318}",bug;dependencies;documentation;duplicate;enhancement;good first issue;help wanted;invalid;javascript;python;question;rust;wontfix,,c7aca7078e446540d8e76b29ee41c2fa018365f9,10% Commit (1/11),JavaScript
76842329,balena-os/wifi-connect,False,654,52,137,401,Rust,master,Apache License 2.0,,49,1509,27,6373,2015-06-19T02:45:09,2026-10-02T06:33:03,2026-10-02T04:37:53,348,185,301,28,825.0,27985.0,63.0,"[{""codeLines"":29,""blankLines"":7,""language"":""Dockerfile"",""commentLines"":2},{""codeLines"":23496,""blankLines"":0,""language"":""JSON"",""commentLines"":0},{""codeLines"":239,""blankLines"":23,""language"":""TypeScript"",""commentLines"":1},{""codeLines"":70,""blankLines"":11,""language"":""Text"",""commentLines"":0},{""codeLines"":2111,""blankLines"":48,""language"":""YAML"",""commentLines"":5},{""codeLines"":526,""blankLines"":385,""language"":""Markdown"",""commentLines"":0},{""codeLines"":32,""blankLines"":3,""language"":""TOML"",""commentLines"":0},{""codeLines"":48,""blankLines"":7,""language"":""JavaScript"",""commentLines"":18},{""codeLines"":291,""blankLines"":107,""language"":""Bourne Shell"",""commentLines"":17},{""codeLines"":1,""blankLines"":0,""language"":""SVG"",""commentLines"":0},{""codeLines"":1126,""blankLines"":233,""language"":""Rust"",""commentLines"":12},{""codeLines"":1,""blankLines"":0,""language"":""CSS"",""commentLines"":0},{""codeLines"":15,""blankLines"":1,""language"":""HTML"",""commentLines"":8}]",2026-10-02T04:37:47,de9353cf25ee8bfbcf8581ec40d49f18891f5d3a,True,False,False,False,"{""Rust"":40109,""Shell"":9692,""TypeScript"":5951,""JavaScript"":1943,""HTML"":970}",bug;bump;dependencies;devdependencies;documentation;duplicate;enhancement;flow/in-progress;help wanted;invalid;investigation;javascript;major;more-info-needed;procbots/versionbot/no-checks;procbots/versionbot/ready-to-merge;question;renovate;unable-to-reproduce;versionbot/pr-draft;wontfix,balena;iot;raspberrypi;resin-io;rpi;wifi-ap;wifi-hotspot,v1.0.0,First Release,CoffeeScript
76851484,postgresml/postgresml,False,1814,114,63,324,Rust,master,MIT License,https://postgresml.org,55,6353,44,445885,2022-04-11T05:33:26,2025-07-01T12:26:02,2025-07-02T04:36:46,260,80,1389,71,19235.0,110591.0,8789.0,"[{""codeLines"":453,""blankLines"":8,""language"":""Text"",""commentLines"":0},{""codeLines"":3183,""blankLines"":686,""language"":""Python"",""commentLines"":413},{""codeLines"":359,""blankLines"":81,""language"":""CSS"",""commentLines"":25},{""codeLines"":28,""blankLines"":10,""language"":""Bourne Again Shell"",""commentLines"":3},{""codeLines"":4691,""blankLines"":463,""language"":""HTML"",""commentLines"":42},{""codeLines"":32,""blankLines"":10,""language"":""C"",""commentLines"":8},{""codeLines"":6501,""blankLines"":5,""language"":""SVG"",""commentLines"":12},{""codeLines"":366,""blankLines"":45,""language"":""TOML"",""commentLines"":6},{""codeLines"":33488,""blankLines"":4407,""language"":""Rust"",""commentLines"":1902},{""codeLines"":10068,""blankLines"":1971,""language"":""Sass"",""commentLines"":1399},{""codeLines"":443,""blankLines"":0,""language"":""CSV"",""commentLines"":0},{""codeLines"":5099,""blankLines"":921,""language"":""JavaScript"",""commentLines"":2631},{""codeLines"":41,""blankLines"":13,""language"":""INI"",""commentLines"":0},{""codeLines"":666,""blankLines"":33,""language"":""YAML"",""commentLines"":71},{""codeLines"":15,""blankLines"":5,""language"":""make"",""commentLines"":0},{""codeLines"":20687,""blankLines"":7427,""language"":""Markdown"",""commentLines"":52},{""codeLines"":69,""blankLines"":15,""language"":""HCL"",""commentLines"":0},{""codeLines"":442,""blankLines"":115,""language"":""Bourne Shell"",""commentLines"":65},{""codeLines"":3513,""blankLines"":497,""language"":""SQL"",""commentLines"":644},{""codeLines"":6860,""blankLines"":8,""language"":""JSON"",""commentLines"":0},{""codeLines"":13174,""blankLines"":2473,""language"":""SCSS"",""commentLines"":1483},{""codeLines"":51,""blankLines"":6,""language"":""Dockerfile"",""commentLines"":1},{""codeLines"":362,""blankLines"":36,""language"":""TypeScript"",""commentLines"":32}]",2025-07-01T12:26:02,caf2b6ccdf0d6efc2c1910cbc06725a34320181a,True,False,False,False,"{""Rust"":1336088,""JavaScript"":240946,""HTML"":207147,""SCSS"":160840,""Python"":130403,""Shell"":18946,""TypeScript"":13106,""CSS"":12087,""PLpgSQL"":10641,""Dockerfile"":1965,""C"":1960,""HCL"":1623,""Smarty"":1337,""Makefile"":389,""Ruby"":159,""RenderScript"":1}",bug;dependencies;documentation;duplicate;enhancement;good first issue;help;infra;javascript;macos;ml;python;question;rust;sdk;setup;wip,ai;ann;approximate-nearest-neighbor-search;artificial-intelligence;classification;clustering;embeddings;forecasting;knn;llm;machine-learning;ml;postgres;rag;regression;sql;vector-database,v0.4.1,First Release,Python
76864888,rust-lang/chalk,False,3258,4,1,182,Rust,master,Other,https://rust-lang.github.io/chalk/book/,63,1983,108,14678,2015-07-26T10:13:23,2026-02-08T04:41:24,2026-02-11T08:07:20,211,38,621,6,7758.0,46637.0,7172.0,"[{""codeLines"":40357,""blankLines"":5985,""language"":""Rust"",""commentLines"":7118},{""codeLines"":5568,""blankLines"":1708,""language"":""Markdown"",""commentLines"":1},{""codeLines"":150,""blankLines"":28,""language"":""YAML"",""commentLines"":11},{""codeLines"":9,""blankLines"":0,""language"":""JavaScript"",""commentLines"":27},{""codeLines"":1,""blankLines"":0,""language"":""Lisp"",""commentLines"":0},{""codeLines"":339,""blankLines"":0,""language"":""CSS"",""commentLines"":12},{""codeLines"":191,""blankLines"":30,""language"":""TOML"",""commentLines"":3},{""codeLines"":22,""blankLines"":7,""language"":""Handlebars"",""commentLines"":0}]",2026-02-08T04:41:24,627409a4735b8eeb9457583515d203013a59211b,True,False,False,False,"{""Rust"":1706275,""CSS"":6176,""Handlebars"":710,""JavaScript"":121,""Emacs Lisp"":40}",bug;c-chalk-engine;c-chalk-ir;c-chalk-parse;c-chalk-recursive;c-chalk-solve;current-sprint;dependencies;design;good first issue;meta;needs triage;performance;rust;rustc integration,,v0.10.0,First Release,JavaScript
77736422,vadimcn/vscode-lldb,False,1061,3,45,201,Rust,master,MIT License,https://marketplace.visualstudio.com/items?itemName=vadimcn.vscode-lldb,29,1707,24,3378,2016-01-11T06:37:39,2023-02-26T07:21:43,2023-03-02T07:06:35,632,115,67,2,5711.0,38664.0,3230.0,"[{""codeLines"":10,""blankLines"":0,""language"":""Bourne Shell"",""commentLines"":0},{""codeLines"":1182,""blankLines"":317,""language"":""Markdown"",""commentLines"":0},{""codeLines"":290,""blankLines"":42,""language"":""YAML"",""commentLines"":3},{""codeLines"":7619,""blankLines"":3171,""language"":""C/C++ Header"",""commentLines"":2575},{""codeLines"":58,""blankLines"":7,""language"":""JavaScript"",""commentLines"":3},{""codeLines"":126,""blankLines"":25,""language"":""TOML"",""commentLines"":0},{""codeLines"":404,""blankLines"":32,""language"":""C++"",""commentLines"":1},{""codeLines"":517,""blankLines"":84,""language"":""CMake"",""commentLines"":40},{""codeLines"":12174,""blankLines"":106,""language"":""JSON"",""commentLines"":0},{""codeLines"":1563,""blankLines"":446,""language"":""Python"",""commentLines"":55},{""codeLines"":3325,""blankLines"":427,""language"":""TypeScript"",""commentLines"":102},{""codeLines"":14,""blankLines"":0,""language"":""SVG"",""commentLines"":0},{""codeLines"":11382,""blankLines"":1054,""language"":""Rust"",""commentLines"":451}]",2022-12-25T11:10:36,a5e1f40b40cc2a61d04c237a75330e6aa4b4e2c3,True,False,False,False,"{""Rust"":438123,""C++"":372165,""TypeScript"":137482,""Python"":66327,""C"":51591,""CMake"":22265,""JavaScript"":630,""Shell"":380}",area:breakpoints;area:crash;cause:codelldb;cause:lldb;cause:not a bug;cause:other;cause:rustc;cause:unclear;cause:vscode;enhancement;fixed;help wanted;platform:macos-arm64;platform:windows;platform:windows-msvc;priority:high;priority:low;priority:medium;question;stale;waiting for info,,0.1.3,First Release,TypeScript
77762512,salvo-rs/salvo,False,3852,4,101,272,Rust,main,Apache License 2.0,https://salvo.rs,38,4435,93,21833,2019-11-07T08:18:29,2026-09-24T07:34:08,2026-10-03T03:39:12,434,20,1150,4,12634.0,95945.0,17192.0,"[{""codeLines"":2775,""blankLines"":243,""language"":""TOML"",""commentLines"":18},{""codeLines"":2,""blankLines"":0,""language"":""SVG"",""commentLines"":0},{""codeLines"":84308,""blankLines"":10626,""language"":""Rust"",""commentLines"":16138},{""codeLines"":2466,""blankLines"":225,""language"":""JavaScript"",""commentLines"":740},{""codeLines"":122,""blankLines"":60,""language"":""Text"",""commentLines"":0},{""codeLines"":117,""blankLines"":18,""language"":""JSX"",""commentLines"":0},{""codeLines"":4141,""blankLines"":1088,""language"":""Markdown"",""commentLines"":0},{""codeLines"":493,""blankLines"":84,""language"":""YAML"",""commentLines"":10},{""codeLines"":26,""blankLines"":28,""language"":""Dockerfile"",""commentLines"":6},{""codeLines"":124,""blankLines"":0,""language"":""JSON"",""commentLines"":0},{""codeLines"":199,""blankLines"":40,""language"":""Bourne Shell"",""commentLines"":1},{""codeLines"":13,""blankLines"":2,""language"":""Prisma Schema"",""commentLines"":2},{""codeLines"":369,""blankLines"":30,""language"":""HTML"",""commentLines"":21},{""codeLines"":42,""blankLines"":12,""language"":""SQL"",""commentLines"":21},{""codeLines"":748,""blankLines"":178,""language"":""CSS"",""commentLines"":235}]",2026-09-24T07:34:04,e011f4d2e33091fec02a8e8246bbfd8a69ad878c,False,False,False,False,"{""Rust"":3383193,""Shell"":6912,""HTML"":217}",Review effort 1/5;Review effort 2/5;Review effort 3/5;bug;dependencies;documentation;duplicate;enhancement;good first issue;help wanted;invalid;javascript;question;rust;wontfix,async;framework;http-server;rust;salvo;web,v0.48.0,First Release,JavaScript
81031900,triwinds/ns-emu-tools,False,971,8,58,179,Rust,main,GNU Affero General Public License v3.0,,20,4961,6,9513,2022-10-22T01:46:50,2026-10-04T05:50:27,2026-10-04T01:02:18,108,19,29,0,4805.0,60801.0,2463.0,"[{""codeLines"":60,""blankLines"":11,""language"":""DOS Batch"",""commentLines"":4},{""codeLines"":32729,""blankLines"":2,""language"":""JSON"",""commentLines"":0},{""codeLines"":0,""blankLines"":1,""language"":""SCSS"",""commentLines"":9},{""codeLines"":6,""blankLines"":0,""language"":""INI"",""commentLines"":0},{""codeLines"":1273,""blankLines"":195,""language"":""TypeScript"",""commentLines"":221},{""codeLines"":752,""blankLines"":228,""language"":""Text"",""commentLines"":0},{""codeLines"":100,""blankLines"":36,""language"":""TOML"",""commentLines"":33},{""codeLines"":3693,""blankLines"":404,""language"":""Vuejs Component"",""commentLines"":102},{""codeLines"":50,""blankLines"":10,""language"":""Bourne Shell"",""commentLines"":5},{""codeLines"":690,""blankLines"":293,""language"":""Markdown"",""commentLines"":0},{""codeLines"":670,""blankLines"":132,""language"":""JavaScript"",""commentLines"":11},{""codeLines"":379,""blankLines"":43,""language"":""YAML"",""commentLines"":29},{""codeLines"":97,""blankLines"":32,""language"":""Python"",""commentLines"":12},{""codeLines"":13,""blankLines"":3,""language"":""HTML"",""commentLines"":0},{""codeLines"":20289,""blankLines"":3415,""language"":""Rust"",""commentLines"":2037}]",2026-10-04T05:50:27,9872f51df775f84df387a8ada0dfad4904fda49d,True,False,False,False,"{""Rust"":828820,""Vue"":132496,""Roff"":43267,""TypeScript"":39293,""JavaScript"":21797,""Python"":3446,""Batchfile"":1854,""Shell"":1501,""HTML"":367,""SCSS"":207}",bug;documentation;duplicate;enhancement;good first issue;help wanted;invalid;question;wontfix,,0.0.1,First Release,JavaScript
81125137,bloopai/bloop,False,998,164,48,573,Rust,oss,Apache License 2.0,https://bloop.ai,66,9449,29,79654,2022-12-10T02:04:30,2024-12-04T05:39:21,2024-12-04T10:46:57,146,44,1140,0,8410.0,99274.0,3989.0,"[{""codeLines"":23362,""blankLines"":1,""language"":""JSON"",""commentLines"":0},{""codeLines"":29748,""blankLines"":2302,""language"":""TypeScript"",""commentLines"":365},{""codeLines"":41,""blankLines"":13,""language"":""Pest"",""commentLines"":3},{""codeLines"":67,""blankLines"":15,""language"":""Dockerfile"",""commentLines"":4},{""codeLines"":279,""blankLines"":69,""language"":""SQL"",""commentLines"":34},{""codeLines"":2240,""blankLines"":220,""language"":""CSS"",""commentLines"":76},{""codeLines"":29,""blankLines"":6,""language"":""HTML"",""commentLines"":5},{""codeLines"":334,""blankLines"":8,""language"":""JavaScript"",""commentLines"":37},{""codeLines"":14,""blankLines"":6,""language"":""Bourne Shell"",""commentLines"":0},{""codeLines"":174,""blankLines"":26,""language"":""Nix"",""commentLines"":6},{""codeLines"":30950,""blankLines"":4553,""language"":""Rust"",""commentLines"":2107},{""codeLines"":161,""blankLines"":30,""language"":""TOML"",""commentLines"":22},{""codeLines"":579,""blankLines"":0,""language"":""Text"",""commentLines"":0},{""codeLines"":8553,""blankLines"":129,""language"":""YAML"",""commentLines"":144},{""codeLines"":310,""blankLines"":125,""language"":""Markdown"",""commentLines"":8},{""codeLines"":2433,""blankLines"":907,""language"":""Scheme"",""commentLines"":1178}]",2024-12-04T05:39:21,431e9e82c5a293c40f22aadb3615c3aa387af82e,False,False,False,False,"{""Rust"":1191054,""TypeScript"":1016884,""CSS"":125400,""Scheme"":87343,""NSIS"":22883,""JavaScript"":11633,""Nix"":6563,""Smarty"":3013,""HTML"":2023,""Dockerfile"":1738,""Shell"":12,""RenderScript"":1}",backend;bug;cloud;documentation;duplicate;enhancement;feature;frontend;good first issue;help wanted;invalid;linux;macos;optimisation;question;refactoring;testing;windows;wontfix,,v0.1.0,First Release,TypeScript
81926339,adileo/squirreldisk,False,104,4,14,87,Rust,main,GNU Affero General Public License v3.0,https://www.squirreldisk.com,6,1897,4,90527,2023-01-29T04:29:58,2026-09-30T02:16:39,2026-10-04T04:54:48,59,12,14,7,975.0,21110.0,1069.0,"[{""codeLines"":12202,""blankLines"":757,""language"":""Rust"",""commentLines"":831},{""codeLines"":259,""blankLines"":0,""language"":""XML"",""commentLines"":0},{""codeLines"":15,""blankLines"":6,""language"":""Text"",""commentLines"":0},{""codeLines"":44,""blankLines"":8,""language"":""TOML"",""commentLines"":2},{""codeLines"":1,""blankLines"":0,""language"":""Windows Resource File"",""commentLines"":0},{""codeLines"":6744,""blankLines"":0,""language"":""JSON"",""commentLines"":0},{""codeLines"":1259,""blankLines"":94,""language"":""TypeScript"",""commentLines"":206},{""codeLines"":19,""blankLines"":3,""language"":""Python"",""commentLines"":2},{""codeLines"":44,""blankLines"":9,""language"":""CSS"",""commentLines"":0},{""codeLines"":194,""blankLines"":9,""language"":""YAML"",""commentLines"":9},{""codeLines"":159,""blankLines"":83,""language"":""Markdown"",""commentLines"":0},{""codeLines"":54,""blankLines"":0,""language"":""Bourne Shell"",""commentLines"":7},{""codeLines"":14,""blankLines"":1,""language"":""HTML"",""commentLines"":0},{""codeLines"":47,""blankLines"":0,""language"":""SVG"",""commentLines"":0},{""codeLines"":55,""blankLines"":5,""language"":""WiX source"",""commentLines"":12}]",2026-09-30T02:16:35,ee83c52f03a0e2bd15cc22dc2baed754faee1b40,True,False,False,False,"{""Rust"":574902,""TypeScript"":48241,""Shell"":2881,""Python"":935,""CSS"":747,""HTML"":432,""JavaScript"":266}",bug;documentation;duplicate;enhancement;feature request;good first issue;help wanted;invalid;question;wontfix,cleanup;cross-platform;daisydisk-alternative;disk-analyzer;disk-space;disk-space-analyzer;disk-usage;disk-usage-analyzer;egui;linux;macos;rclone;rust;ssh;storage;sunburst;treemap;windirstat-alternative;windows;wiztree-alternative,v0.3.4,First Release,TypeScript
83204826,vlcn-io/cr-sqlite,False,2168,42,37,120,Rust,main,MIT License,https://vlcn.io,35,3753,15,43215,2022-07-24T01:15:54,2026-08-10T10:55:49,2026-08-10T11:12:09,143,47,276,7,20984.0,194648.0,94769.0,"[{""codeLines"":11,""blankLines"":0,""language"":""Logos"",""commentLines"":0},{""codeLines"":1,""blankLines"":0,""language"":""TypeScript"",""commentLines"":0},{""codeLines"":50,""blankLines"":0,""language"":""JSON"",""commentLines"":0},{""codeLines"":88,""blankLines"":39,""language"":""SQL"",""commentLines"":29},{""codeLines"":188,""blankLines"":0,""language"":""Jupyter Notebook"",""commentLines"":560},{""codeLines"":152,""blankLines"":30,""language"":""TOML"",""commentLines"":1},{""codeLines"":606,""blankLines"":106,""language"":""YAML"",""commentLines"":13},{""codeLines"":10,""blankLines"":2,""language"":""C++"",""commentLines"":1},{""codeLines"":2473,""blankLines"":390,""language"":""C/C++ Header"",""commentLines"":11191},{""codeLines"":257,""blankLines"":46,""language"":""make"",""commentLines"":22},{""codeLines"":34,""blankLines"":1,""language"":""Text"",""commentLines"":0},{""codeLines"":111,""blankLines"":32,""language"":""Bourne Shell"",""commentLines"":20},{""codeLines"":109,""blankLines"":13,""language"":""JavaScript"",""commentLines"":18},{""codeLines"":683,""blankLines"":449,""language"":""Markdown"",""commentLines"":0},{""codeLines"":8318,""blankLines"":986,""language"":""Rust"",""commentLines"":706},{""codeLines"":2,""blankLines"":0,""language"":""SVG"",""commentLines"":0},{""codeLines"":178586,""blankLines"":17930,""language"":""C"",""commentLines"":81626},{""codeLines"":2847,""blankLines"":946,""language"":""Python"",""commentLines"":582},{""codeLines"":86,""blankLines"":11,""language"":""CSS"",""commentLines"":0},{""codeLines"":36,""blankLines"":3,""language"":""HTML"",""commentLines"":0}]",2026-08-10T10:55:49,43ab94cac537d080aac7cb7628a435c02ee9e268,True,False,False,False,"{""TypeScript"":346175,""Rust"":317762,""Python"":149096,""C"":84482,""Makefile"":10332,""Shell"":5495,""JavaScript"":3759,""CSS"":3538,""HTML"":1248,""RenderScript"":640,""Linker Script"":392,""C++"":281}",beginner;bug;correctness;documentation;duplicate;enhancement;good first issue;help wanted;high;invalid;low;mid;networking;question;server;testing;wontfix,crdt;database;sqlite,v0.8.0,First Release,C
84183978,stellar/soroban-example-dapp,False,170,6,0,1101,Rust,main,Apache License 2.0,,23,1355,18,1586,2022-09-02T06:11:13,2026-01-08T05:01:00,2026-01-09T03:09:32,60,12,114,9,458.0,7545.0,223.0,"[{""codeLines"":4776,""blankLines"":0,""language"":""JSON"",""commentLines"":0},{""codeLines"":837,""blankLines"":97,""language"":""TypeScript"",""commentLines"":56},{""codeLines"":3,""blankLines"":0,""language"":""JavaScript"",""commentLines"":1},{""codeLines"":11,""blankLines"":4,""language"":""Dockerfile"",""commentLines"":3},{""codeLines"":100,""blankLines"":56,""language"":""Markdown"",""commentLines"":0},{""codeLines"":154,""blankLines"":30,""language"":""Bourne Shell"",""commentLines"":11},{""codeLines"":60,""blankLines"":0,""language"":""SVG"",""commentLines"":0},{""codeLines"":1018,""blankLines"":179,""language"":""Rust"",""commentLines"":35},{""codeLines"":31,""blankLines"":9,""language"":""make"",""commentLines"":0},{""codeLines"":104,""blankLines"":12,""language"":""YAML"",""commentLines"":11},{""codeLines"":58,""blankLines"":29,""language"":""TOML"",""commentLines"":106},{""codeLines"":393,""blankLines"":42,""language"":""CSS"",""commentLines"":0}]",2024-01-24T03:00:05,07504b922bc75a48e5220711aea2cb4962f90367,False,True,False,False,"{""Rust"":34113,""TypeScript"":26626,""CSS"":6748,""Shell"":5492,""Makefile"":942,""Dockerfile"":447,""JavaScript"":88}",OD hack;bug;documentation;duplicate;enhancement;good first issue;help wanted;invalid;preview-9;question;soroban-scrum;wontfix,,e177189d3b8bcdebea3c1256a41e69851d014641,10% Commit (17/170),TypeScript
84502316,shadow/shadow,False,9789,5,36,283,Rust,main,Other,https://shadow.github.io,45,1728,42,32299,2011-05-17T08:18:57,2026-10-01T11:12:38,2026-09-30T04:44:33,1020,200,2367,15,20359.0,122035.0,21069.0,"[{""codeLines"":1476,""blankLines"":233,""language"":""CMake"",""commentLines"":324},{""codeLines"":364,""blankLines"":87,""language"":""C++"",""commentLines"":14},{""codeLines"":7029,""blankLines"":0,""language"":""XML"",""commentLines"":0},{""codeLines"":121,""blankLines"":22,""language"":""Go"",""commentLines"":23},{""codeLines"":1,""blankLines"":0,""language"":""JSON"",""commentLines"":0},{""codeLines"":679,""blankLines"":157,""language"":""TOML"",""commentLines"":90},{""codeLines"":592,""blankLines"":1,""language"":""SVG"",""commentLines"":1},{""codeLines"":85565,""blankLines"":14023,""language"":""Rust"",""commentLines"":16014},{""codeLines"":32,""blankLines"":1,""language"":""Text"",""commentLines"":0},{""codeLines"":1029,""blankLines"":291,""language"":""Python"",""commentLines"":437},{""codeLines"":21,""blankLines"":6,""language"":""CSS"",""commentLines"":7},{""codeLines"":15166,""blankLines"":3471,""language"":""C"",""commentLines"":2899},{""codeLines"":630,""blankLines"":184,""language"":""Bourne Shell"",""commentLines"":220},{""codeLines"":4312,""blankLines"":1279,""language"":""Markdown"",""commentLines"":6},{""codeLines"":1188,""blankLines"":412,""language"":""C/C++ Header"",""commentLines"":732},{""codeLines"":3830,""blankLines"":192,""language"":""YAML"",""commentLines"":302}]",2026-09-30T04:44:27,74e57f24043cc00ead484d20880f685b10cc51a1,False,False,False,False,"{""Rust"":4151548,""C"":814417,""CMake"":75836,""Python"":57300,""Shell"":22409,""C++"":14829,""Go"":3426,""CSS"":791}",Tag: Tor Project 141;X: Elf Loader;X: Plugin;X: Shadow;component: build;component: documentation;component: libraries;component: main;component: testing;component: tools;dependencies;help wanted;needs info;performance;priority: critical;priority: high;priority: low;priority: medium;rust;status: accepted;status: blocked;status: infeasible;status: obsolete;tag: dependencies;type: bug;type: enhancement;type: maintenance,control;emulation;experimentation;networking;realism;scalability;science-research;scientific-computing;simulation;tor,v1.4.0,First Release,C
85237488,vadimcn/codelldb,False,1445,8,63,305,Rust,master,MIT License,https://marketplace.visualstudio.com/items?itemName=vadimcn.vscode-lldb,28,3312,37,4150,2016-01-11T06:37:39,2026-10-01T01:46:18,2026-10-03T09:00:19,953,166,128,6,2696.0,34581.0,928.0,"[{""codeLines"":581,""blankLines"":87,""language"":""CMake"",""commentLines"":41},{""codeLines"":1479,""blankLines"":389,""language"":""Markdown"",""commentLines"":10},{""codeLines"":210,""blankLines"":31,""language"":""YAML"",""commentLines"":0},{""codeLines"":15,""blankLines"":3,""language"":""C/C++ Header"",""commentLines"":0},{""codeLines"":13286,""blankLines"":105,""language"":""JSON"",""commentLines"":0},{""codeLines"":3943,""blankLines"":488,""language"":""TypeScript"",""commentLines"":147},{""codeLines"":1,""blankLines"":0,""language"":""Bourne Shell"",""commentLines"":0},{""codeLines"":1313,""blankLines"":340,""language"":""Python"",""commentLines"":87},{""codeLines"":14,""blankLines"":0,""language"":""SVG"",""commentLines"":0},{""codeLines"":13049,""blankLines"":1173,""language"":""Rust"",""commentLines"":638},{""codeLines"":54,""blankLines"":5,""language"":""JavaScript"",""commentLines"":2},{""codeLines"":175,""blankLines"":30,""language"":""TOML"",""commentLines"":0},{""codeLines"":461,""blankLines"":45,""language"":""C++"",""commentLines"":3}]",2026-08-23T04:53:49,62def434dc22c1d77d4837c4d99cddef7ac3338f,True,False,False,False,"{""Rust"":540547,""TypeScript"":194492,""Python"":59434,""CMake"":27500,""C++"":11551,""JavaScript"":1691,""C"":342,""Shell"":53}",area:Formatters;area:breakpoints;area:crash;cause:codelldb;cause:compiler;cause:lldb;cause:other;cause:unclear;cause:vscode;enhancement;fixed;help wanted;need more info;not a bug;not actionable;platform:android;platform:docker;platform:macos;platform:macos-arm64;platform:windows;platform:windows-msvc;priority:high;priority:low;priority:medium;question;stale,debugger;lldb;vscode-extension,0.1.3,First Release,TypeScript
85237661,spyglass-search/spyglass,False,803,5,58,67,Rust,main,GNU Affero General Public License v3.0,https://docs.spyglass.fyi,14,2706,12,49521,2021-11-17T09:18:56,2025-06-27T08:37:53,2025-06-28T05:35:21,128,42,436,1,5347.0,75595.0,3602.0,"[{""codeLines"":459,""blankLines"":22,""language"":""Text"",""commentLines"":0},{""codeLines"":75,""blankLines"":19,""language"":""Python"",""commentLines"":3},{""codeLines"":44,""blankLines"":9,""language"":""CSS"",""commentLines"":0},{""codeLines"":597,""blankLines"":79,""language"":""TOML"",""commentLines"":16},{""codeLines"":302,""blankLines"":0,""language"":""SVG"",""commentLines"":0},{""codeLines"":32494,""blankLines"":4700,""language"":""Rust"",""commentLines"":3309},{""codeLines"":79,""blankLines"":2,""language"":""JavaScript"",""commentLines"":5},{""codeLines"":339,""blankLines"":15,""language"":""YAML"",""commentLines"":37},{""codeLines"":135,""blankLines"":28,""language"":""Markdown"",""commentLines"":0},{""codeLines"":78,""blankLines"":17,""language"":""make"",""commentLines"":10},{""codeLines"":32,""blankLines"":12,""language"":""Dockerfile"",""commentLines"":2},{""codeLines"":35686,""blankLines"":4,""language"":""JSON"",""commentLines"":0},{""codeLines"":31,""blankLines"":0,""language"":""XML"",""commentLines"":1},{""codeLines"":3644,""blankLines"":322,""language"":""TypeScript"",""commentLines"":122},{""codeLines"":1600,""blankLines"":118,""language"":""HTML"",""commentLines"":97}]",2025-06-27T08:37:52,498fb089438e76ff00d62f3a84189f8d6bb74633,True,True,False,False,"{""Rust"":1389040,""HTML"":395446,""TypeScript"":125572,""Makefile"":3401,""Python"":3044,""JavaScript"":1997,""Dockerfile"":1034,""CSS"":943}",bug;development;documentation;duplicate;enhancement;good first issue;help wanted;installer;invalid;lens-request;linux;macos;question;support;ui/ux;windows;wontfix,cross-platform;rust;rust-lang;search-engine;tantivy;tauri-app,app-v0.1.1,First Release,Ecmarkup
85478471,cloudflare/lol-html,False,707,6,21,105,Rust,main,BSD 3-Clause New or Revised License,https://crates.io/crates/lol-html,27,2044,36,3283,2019-09-09T02:20:32,2026-07-29T05:25:13,2026-08-02T08:14:33,103,29,226,4,9168.0,80194.0,5405.0,"[{""codeLines"":5070,""blankLines"":10,""language"":""JSON"",""commentLines"":0},{""codeLines"":34,""blankLines"":8,""language"":""JavaScript"",""commentLines"":0},{""codeLines"":1754,""blankLines"":460,""language"":""C"",""commentLines"":56},{""codeLines"":55071,""blankLines"":5381,""language"":""HTML"",""commentLines"":13},{""codeLines"":202,""blankLines"":36,""language"":""TOML"",""commentLines"":9},{""codeLines"":32,""blankLines"":5,""language"":""make"",""commentLines"":0},{""codeLines"":433,""blankLines"":152,""language"":""C/C++ Header"",""commentLines"":663},{""codeLines"":120,""blankLines"":3,""language"":""YAML"",""commentLines"":0},{""codeLines"":320,""blankLines"":139,""language"":""Markdown"",""commentLines"":0},{""codeLines"":17104,""blankLines"":2954,""language"":""Rust"",""commentLines"":4661},{""codeLines"":54,""blankLines"":20,""language"":""Bourne Shell"",""commentLines"":3}]",2026-07-29T05:09:15,608cc4a66b7ab4fcbe1bbdeb25df8f265572b11c,False,False,False,False,"{""Rust"":813773,""C"":103612,""Shell"":1998,""Makefile"":1128,""JavaScript"":871}",area: benchmarking;area: documentation;area: fuzzing;area: production code;area: testing;bug;dependencies;enhancement;question;refactoring;spam;status: duplicate;status: wontfix;submodules,css-selectors;html;parser;rewriting;rust;stream;streaming,v0.2.0,First Release,Ecmarkup
88088142,borgo-lang/borgo,False,168,2,0,53,Rust,main,,https://borgo-lang.github.io,28,3710,2,1029,2023-02-17T03:04:27,2024-10-27T10:07:54,2024-10-27T10:07:57,22,21,12,3,5626.0,72543.0,854.0,"[{""codeLines"":9449,""blankLines"":2172,""language"":""Rust"",""commentLines"":752},{""codeLines"":56800,""blankLines"":1549,""language"":""Expect"",""commentLines"":0},{""codeLines"":30,""blankLines"":8,""language"":""TOML"",""commentLines"":2},{""codeLines"":3859,""blankLines"":1472,""language"":""Markdown"",""commentLines"":0},{""codeLines"":30,""blankLines"":14,""language"":""CSS"",""commentLines"":2},{""codeLines"":32,""blankLines"":4,""language"":""Nix"",""commentLines"":0},{""codeLines"":42,""blankLines"":9,""language"":""YAML"",""commentLines"":0},{""codeLines"":1029,""blankLines"":0,""language"":""JSON"",""commentLines"":0},{""codeLines"":614,""blankLines"":214,""language"":""Go"",""commentLines"":58},{""codeLines"":496,""blankLines"":135,""language"":""TypeScript"",""commentLines"":32},{""codeLines"":162,""blankLines"":49,""language"":""JavaScript"",""commentLines"":8}]",2024-10-27T10:07:46,3b9f01578941fb00ed93756e2fadc009feb50128,False,False,False,False,"{""Rust"":365822,""Go"":18237,""TypeScript"":14862,""JavaScript"":4776,""Just"":2056,""CSS"":1756,""Shell"":1691,""HTML"":1683,""Nix"":747}",bug;documentation;duplicate;enhancement;good first issue;help wanted;invalid;question;wontfix,compiler;golang;programming-language;rust-lang,caedb14da60e8974df9c1cd1cb1f9b918bfff80c,10% Commit (16/168),Go
88583497,evilgenius-dot/rustminersystem,False,72,1,84,245,Rust,main,MIT License,https://minerproxy.org/,203,3880,1,4171911,2023-03-10T09:25:31,2026-10-02T04:36:36,2026-10-02T03:27:46,10,1,0,0,1124.0,6551.0,60.0,"[{""codeLines"":377,""blankLines"":0,""language"":""JSON"",""commentLines"":0},{""codeLines"":5472,""blankLines"":950,""language"":""Bourne Shell"",""commentLines"":59},{""codeLines"":120,""blankLines"":0,""language"":""SVG"",""commentLines"":1},{""codeLines"":582,""blankLines"":174,""language"":""Markdown"",""commentLines"":0}]",2026-10-02T04:29:08,ab8ab74f7a09b665a6142c750777b0083345a673,False,False,False,False,"{""Rust"":215974}",bug;documentation;duplicate;enhancement;good first issue;help wanted;invalid;question;wontfix,btcminer;btcproxy;ktminer;ktminerproxy;miner;minerproxy;proxy;rustminer;rustminerproxy;rustminersystem;rustpool,2.0.0,First Release,Roff
89026658,fredolx/open-tv,False,740,36,30,198,Rust,main,GNU General Public License v2.0,,27,3547,4,28398,2022-03-13T03:24:37,2026-06-14T04:22:05,2026-06-15T08:01:13,292,98,78,6,3094.0,34351.0,44.0,"[{""codeLines"":896,""blankLines"":2,""language"":""SVG"",""commentLines"":2},{""codeLines"":4516,""blankLines"":364,""language"":""Rust"",""commentLines"":3},{""codeLines"":220,""blankLines"":45,""language"":""Sass"",""commentLines"":0},{""codeLines"":269,""blankLines"":0,""language"":""XML"",""commentLines"":0},{""codeLines"":532,""blankLines"":55,""language"":""JavaScript"",""commentLines"":20},{""codeLines"":13,""blankLines"":3,""language"":""INI"",""commentLines"":0},{""codeLines"":10,""blankLines"":5,""language"":""Text"",""commentLines"":0},{""codeLines"":51,""blankLines"":4,""language"":""TOML"",""commentLines"":1},{""codeLines"":219,""blankLines"":45,""language"":""SCSS"",""commentLines"":1},{""codeLines"":35,""blankLines"":12,""language"":""Dockerfile"",""commentLines"":2},{""codeLines"":7538,""blankLines"":1947,""language"":""YAML"",""commentLines"":0},{""codeLines"":14067,""blankLines"":0,""language"":""JSON"",""commentLines"":0},{""codeLines"":3551,""blankLines"":419,""language"":""TypeScript"",""commentLines"":3},{""codeLines"":140,""blankLines"":33,""language"":""Markdown"",""commentLines"":0},{""codeLines"":1470,""blankLines"":25,""language"":""HTML"",""commentLines"":0},{""codeLines"":785,""blankLines"":134,""language"":""CSS"",""commentLines"":12},{""codeLines"":39,""blankLines"":1,""language"":""WiX source"",""commentLines"":0}]",2026-04-20T09:34:41,1bfa78a181166025a6b977d783f895e819ff720f,True,False,False,False,"{""Rust"":148848,""TypeScript"":116973,""HTML"":76220,""JavaScript"":17673,""CSS"":14715,""SCSS"":4183,""Dockerfile"":993,""Shell"":101}",bug;documentation;duplicate;enhancement;good first issue;help wanted;invalid;pending release;question;v1.3.0;wontfix,,v0.8.5,First Release,CSS
89111387,rust-lang/rust-playground,False,3316,3,0,268,Rust,main,Apache License 2.0,https://play.rust-lang.org/,35,1435,55,8667,2016-06-24T08:36:14,2026-10-01T02:25:56,2026-10-01T02:26:04,499,186,767,17,6861.0,33229.0,744.0,"[{""codeLines"":9877,""blankLines"":2046,""language"":""Rust"",""commentLines"":333},{""codeLines"":192,""blankLines"":23,""language"":""JavaScript"",""commentLines"":11},{""codeLines"":25,""blankLines"":8,""language"":""Bourne Again Shell"",""commentLines"":9},{""codeLines"":100,""blankLines"":29,""language"":""Bourne Shell"",""commentLines"":10},{""codeLines"":5412,""blankLines"":1335,""language"":""YAML"",""commentLines"":3},{""codeLines"":1057,""blankLines"":209,""language"":""CSS"",""commentLines"":36},{""codeLines"":258,""blankLines"":91,""language"":""Markdown"",""commentLines"":0},{""codeLines"":4,""blankLines"":0,""language"":""SVG"",""commentLines"":0},{""codeLines"":19,""blankLines"":0,""language"":""EJS"",""commentLines"":0},{""codeLines"":1722,""blankLines"":442,""language"":""Ruby"",""commentLines"":57},{""codeLines"":135,""blankLines"":56,""language"":""Dockerfile"",""commentLines"":22},{""codeLines"":2602,""blankLines"":4,""language"":""JSON"",""commentLines"":0},{""codeLines"":8330,""blankLines"":1618,""language"":""TypeScript"",""commentLines"":244},{""codeLines"":13,""blankLines"":0,""language"":""Text"",""commentLines"":0},{""codeLines"":3483,""blankLines"":1000,""language"":""TOML"",""commentLines"":19}]",2026-10-01T02:25:55,493c31b539c7c11fb987dd637036abaa8e6942f1,False,False,False,False,"{""Rust"":354194,""TypeScript"":291329,""Ruby"":56784,""CSS"":24088,""JavaScript"":6238,""Dockerfile"":5881,""Shell"":4703,""EJS"":811}",bug;ci: approved;dependencies;enhancement;help wanted;javascript;maintenance;question;ruby;rust;security;upstream;wontfix,rust;rust-playground,d45e2ae155e5aedd2690afef3a5dc2eaf0a9f711,10% Commit (331/3316),JavaScript
89309851,dragonos-community/dragonos,False,2021,5,14,196,Rust,master,GNU General Public License v2.0,https://dragonos.org,21,1212,76,31284,2022-01-15T06:51:31,2026-10-02T03:12:15,2026-10-03T03:10:57,540,151,1843,19,142465.0,1011941.0,63630.0,"[{""codeLines"":2751,""blankLines"":6,""language"":""SVG"",""commentLines"":6},{""codeLines"":1389,""blankLines"":256,""language"":""TOML"",""commentLines"":737},{""codeLines"":539,""blankLines"":48,""language"":""Text"",""commentLines"":0},{""codeLines"":7492,""blankLines"":1092,""language"":""Python"",""commentLines"":522},{""codeLines"":18666,""blankLines"":3557,""language"":""C"",""commentLines"":2063},{""codeLines"":26,""blankLines"":0,""language"":""INI"",""commentLines"":0},{""codeLines"":826,""blankLines"":121,""language"":""YAML"",""commentLines"":25},{""codeLines"":31781,""blankLines"":13990,""language"":""Markdown"",""commentLines"":2},{""codeLines"":110371,""blankLines"":13712,""language"":""C++"",""commentLines"":2808},{""codeLines"":1228,""blankLines"":421,""language"":""Assembly"",""commentLines"":458},{""codeLines"":4933,""blankLines"":0,""language"":""JSON"",""commentLines"":0},{""codeLines"":190,""blankLines"":26,""language"":""Vuejs Component"",""commentLines"":3},{""codeLines"":71,""blankLines"":22,""language"":""Dockerfile"",""commentLines"":14},{""codeLines"":971,""blankLines"":983,""language"":""reStructuredText"",""commentLines"":826},{""codeLines"":111,""blankLines"":13,""language"":""Bourne Again Shell"",""commentLines"":14},{""codeLines"":95,""blankLines"":4,""language"":""CSS"",""commentLines"":3},{""codeLines"":401424,""blankLines"":56615,""language"":""HTML"",""commentLines"":4221},{""codeLines"":990,""blankLines"":133,""language"":""JavaScript"",""commentLines"":215},{""codeLines"":212,""blankLines"":41,""language"":""Linker Script"",""commentLines"":8},{""codeLines"":5190,""blankLines"":388,""language"":""C/C++ Header"",""commentLines"":59},{""codeLines"":1333,""blankLines"":174,""language"":""Nix"",""commentLines"":113},{""codeLines"":410879,""blankLines"":49554,""language"":""Rust"",""commentLines"":50786},{""codeLines"":7842,""blankLines"":886,""language"":""Bourne Shell"",""commentLines"":582},{""codeLines"":1484,""blankLines"":374,""language"":""make"",""commentLines"":151},{""codeLines"":26,""blankLines"":8,""language"":""DOS Batch"",""commentLines"":1},{""codeLines"":142,""blankLines"":21,""language"":""Go"",""commentLines"":9},{""codeLines"":979,""blankLines"":20,""language"":""TypeScript"",""commentLines"":4}]",2026-10-02T03:12:14,7baca77ddf8ac2b9b19072a0d100a3b388d651cf,True,False,False,False,"{""Rust"":17560256,""C++"":4671631,""C"":851103,""Python"":406301,""Shell"":353792,""Makefile"":60956,""Assembly"":48066,""Nix"":47540,""Linker Script"":7014,""Dockerfile"":3300,""Go"":2845,""Batchfile"":2144,""GDB"":91,""RenderScript"":5}",A-IPC;A-fatfs;A-fs;A-irq;A-mm;A-sched;O-riscv64;S-等待作者修改;S-等待审查;T-Obs and Test;T-driver;T-virtulization;a-driver;a-meta;a-network;a-process;agents;ambiguous;bug;bug fix;bug-report;documentation;done;duplicate;enhancement;feature;good first issue;help wanted;hitl;improvement;in-progress;invalid;needs-triage;o-x86_64;other;question;request for comments;review effort [1-5]: 2;review effort [1-5]: 3;review effort [1-5]: 4;review-done;t-doc;test;waiting-review;wontfix,operating-system;os;rust,V0.1.0,First Release,C
89528546,fuzzland/ityfuzz,False,1175,97,19,169,Rust,master,MIT License,https://docs.ityfuzz.rs,13,1044,27,35582,2022-10-25T12:09:33,2025-12-09T08:14:58,2025-12-09T11:19:18,196,55,359,8,4660.0,40115.0,4663.0,"[{""codeLines"":424,""blankLines"":45,""language"":""YAML"",""commentLines"":27},{""codeLines"":136,""blankLines"":14,""language"":""Handlebars"",""commentLines"":0},{""codeLines"":162,""blankLines"":15,""language"":""JavaScript"",""commentLines"":8},{""codeLines"":811,""blankLines"":341,""language"":""Markdown"",""commentLines"":0},{""codeLines"":11,""blankLines"":3,""language"":""Bourne Shell"",""commentLines"":0},{""codeLines"":28590,""blankLines"":3528,""language"":""Rust"",""commentLines"":4224},{""codeLines"":278,""blankLines"":56,""language"":""Bourne Again Shell"",""commentLines"":35},{""codeLines"":196,""blankLines"":35,""language"":""TOML"",""commentLines"":9},{""codeLines"":14,""blankLines"":1,""language"":""HTML"",""commentLines"":0},{""codeLines"":755,""blankLines"":180,""language"":""Python"",""commentLines"":47},{""codeLines"":1,""blankLines"":0,""language"":""CSS"",""commentLines"":0},{""codeLines"":96,""blankLines"":0,""language"":""Text"",""commentLines"":0},{""codeLines"":1581,""blankLines"":433,""language"":""Solidity"",""commentLines"":311},{""codeLines"":7023,""blankLines"":0,""language"":""JSON"",""commentLines"":0},{""codeLines"":37,""blankLines"":9,""language"":""Dockerfile"",""commentLines"":2}]",2025-12-09T08:14:49,80e3b44170573b592cd53b2c5ee9f36b21032b16,True,False,False,False,"{""Rust"":1605308,""Solidity"":78805,""Python"":29050,""Shell"":12420,""Move"":7800,""Handlebars"":4417,""JavaScript"":1513,""Dockerfile"":1284,""HTML"":427,""RenderScript"":1}",bug;documentation;duplicate;enhancement;good first issue;help wanted;invalid;p-high;question;t-bug;wontfix,aptos;blockchain;concolic-execution;ethereum;evm;fuzzing;move;smart-contracts;solidity;sui,v0.0.1,First Release,JavaScript
90646505,priler/jarvis,False,86,2,1,560,Rust,master,Other,,98,2648,7,364612,2022-12-14T11:16:53,2026-02-18T04:09:07,2026-02-20T02:45:14,163,12,24,1,2598.0,666248.0,1041.0,"[{""codeLines"":38,""blankLines"":0,""language"":""JavaScript"",""commentLines"":2},{""codeLines"":338,""blankLines"":62,""language"":""Sass"",""commentLines"":0},{""codeLines"":7213,""blankLines"":1670,""language"":""Rust"",""commentLines"":916},{""codeLines"":139,""blankLines"":33,""language"":""Python"",""commentLines"":19},{""codeLines"":13,""blankLines"":1,""language"":""HTML"",""commentLines"":0},{""codeLines"":40727,""blankLines"":0,""language"":""JSON"",""commentLines"":0},{""codeLines"":328,""blankLines"":68,""language"":""TypeScript"",""commentLines"":22},{""codeLines"":583,""blankLines"":104,""language"":""SCSS"",""commentLines"":14},{""codeLines"":420,""blankLines"":90,""language"":""TOML"",""commentLines"":40},{""codeLines"":613137,""blankLines"":96,""language"":""Text"",""commentLines"":0},{""codeLines"":399,""blankLines"":17,""language"":""YAML"",""commentLines"":0},{""codeLines"":63,""blankLines"":13,""language"":""AutoHotkey"",""commentLines"":14},{""codeLines"":95,""blankLines"":32,""language"":""Markdown"",""commentLines"":0},{""codeLines"":2329,""blankLines"":340,""language"":""Svelte"",""commentLines"":4},{""codeLines"":48,""blankLines"":21,""language"":""Lua"",""commentLines"":10},{""codeLines"":378,""blankLines"":51,""language"":""Freemarker Template"",""commentLines"":0}]",2026-02-18T04:08:48,520b98143fdcf72bad855f722e7b32932d61cd46,True,False,False,False,"{""Rust"":302430,""Svelte"":76280,""JavaScript"":20825,""SCSS"":20357,""Fluent"":18326,""TypeScript"":10418,""Python"":6734,""AutoHotkey"":6021,""Lua"":2134,""HTML"":386}",bug;documentation;duplicate;enhancement;lua;revisit;translation,rust;tauri;voice-assistant,beta,First Release,F*
91125773,tabbyml/tabby,False,3695,177,249,1759,Rust,main,Other,https://tabbyml.com,180,33660,117,109305,2023-03-16T09:18:01,2026-06-30T08:38:02,2026-07-01T12:38:35,1008,255,3317,69,24207.0,162212.0,5775.0,"[{""codeLines"":1167,""blankLines"":207,""language"":""GraphQL"",""commentLines"":35},{""codeLines"":94,""blankLines"":10,""language"":""Gradle"",""commentLines"":6},{""codeLines"":5645,""blankLines"":2546,""language"":""Markdown"",""commentLines"":0},{""codeLines"":6269,""blankLines"":889,""language"":""Kotlin"",""commentLines"":112},{""codeLines"":63,""blankLines"":17,""language"":""CMake"",""commentLines"":34},{""codeLines"":20827,""blankLines"":5029,""language"":""YAML"",""commentLines"":41},{""codeLines"":331,""blankLines"":70,""language"":""C++"",""commentLines"":20},{""codeLines"":5358,""blankLines"":970,""language"":""Java"",""commentLines"":140},{""codeLines"":109,""blankLines"":34,""language"":""Dockerfile"",""commentLines"":24},{""codeLines"":771,""blankLines"":30,""language"":""XML"",""commentLines"":12},{""codeLines"":2306,""blankLines"":1,""language"":""JSON"",""commentLines"":0},{""codeLines"":235,""blankLines"":29,""language"":""HTML"",""commentLines"":2},{""codeLines"":801,""blankLines"":1,""language"":""Text"",""commentLines"":0},{""codeLines"":383,""blankLines"":87,""language"":""CSS"",""commentLines"":25},{""codeLines"":1646,""blankLines"":200,""language"":""TOML"",""commentLines"":62},{""codeLines"":1621,""blankLines"":0,""language"":""SVG"",""commentLines"":44},{""codeLines"":41591,""blankLines"":6100,""language"":""Rust"",""commentLines"":1340},{""codeLines"":69,""blankLines"":21,""language"":""DOS Batch"",""commentLines"":2},{""codeLines"":1307,""blankLines"":109,""language"":""JavaScript"",""commentLines"":439},{""codeLines"":11,""blankLines"":3,""language"":""JSX"",""commentLines"":0},{""codeLines"":515,""blankLines"":71,""language"":""Vim Script"",""commentLines"":24},{""codeLines"":72,""blankLines"":8,""language"":""Lua"",""commentLines"":0},{""codeLines"":241,""blankLines"":90,""language"":""Scheme"",""commentLines"":28},{""codeLines"":11,""blankLines"":0,""language"":""INI"",""commentLines"":0},{""codeLines"":37,""blankLines"":8,""language"":""make"",""commentLines"":0},{""codeLines"":1,""blankLines"":0,""language"":""PowerShell"",""commentLines"":0},{""codeLines"":16,""blankLines"":5,""language"":""C/C++ Header"",""commentLines"":0},{""codeLines"":18,""blankLines"":0,""language"":""Properties"",""commentLines"":0},{""codeLines"":391,""blankLines"":123,""language"":""Bourne Shell"",""commentLines"":133},{""codeLines"":833,""blankLines"":102,""language"":""SQL"",""commentLines"":141},{""codeLines"":4,""blankLines"":0,""language"":""Ruby"",""commentLines"":0},{""codeLines"":9,""blankLines"":0,""language"":""Go"",""commentLines"":0},{""codeLines"":67137,""blankLines"":6692,""language"":""TypeScript"",""commentLines"":2774},{""codeLines"":2264,""blankLines"":755,""language"":""Python"",""commentLines"":337},{""codeLines"":59,""blankLines"":0,""language"":""CSV"",""commentLines"":0}]",2026-06-30T04:53:14,21b29048d7bcf6b94f9f482f2d0fd05efadfd19f,False,False,False,False,"{""Rust"":1532383,""Python"":74127,""Kotlin"":53926,""Vim Script"":22935,""HTML"":20155,""C++"":12939,""Tree-sitter Query"":7894,""TypeScript"":6693,""Shell"":5124,""CMake"":4436,""MDX"":3373,""Dockerfile"":2418,""Makefile"":2342,""CSS"":1976,""JavaScript"":1546,""Scheme"":1265,""PowerShell"":26,""RenderScript"":1}",3 points;8 points;bug;bug-unconfirmed;cherry-pick;client-intellij;dependencies;documentation;duplicate;enhancement;fixed-in-next-release;good first issue;hacktoberfest-accepted;help wanted;high priority;hotlist;invalid;javascript;linear;low priority;medium priority;migrated;model-registry;network-issue;performance;question;release-0.18;server;sweep;technical debt;urgent;wontfix;💎 bounty;💰 rewarded,ai;codegen;coding-assistant;coding-language;developer-experience;developer-tools;gen-ai;ide;llms,v0.0.1-rc.1,First Release,JavaScript
93163209,defguard/defguard,False,1755,26,89,119,Rust,stable/2.x,Other,https://defguard.net,18,2857,16,35855,2022-10-19T09:09:46,2026-10-02T07:17:21,2026-10-02T07:05:40,1698,325,1882,12,24968.0,248902.0,9568.0,"[{""codeLines"":13229,""blankLines"":2250,""language"":""YAML"",""commentLines"":84},{""codeLines"":53,""blankLines"":9,""language"":""HCL"",""commentLines"":0},{""codeLines"":1883,""blankLines"":541,""language"":""Markdown"",""commentLines"":0},{""codeLines"":42,""blankLines"":6,""language"":""Protocol Buffers"",""commentLines"":3},{""codeLines"":5624,""blankLines"":937,""language"":""SCSS"",""commentLines"":66},{""codeLines"":68,""blankLines"":11,""language"":""Dockerfile"",""commentLines"":12},{""codeLines"":667,""blankLines"":100,""language"":""XML"",""commentLines"":0},{""codeLines"":64067,""blankLines"":4680,""language"":""TypeScript"",""commentLines"":634},{""codeLines"":25683,""blankLines"":2,""language"":""JSON"",""commentLines"":0},{""codeLines"":310,""blankLines"":19,""language"":""Text"",""commentLines"":0},{""codeLines"":1,""blankLines"":0,""language"":""CSS"",""commentLines"":0},{""codeLines"":766,""blankLines"":58,""language"":""TOML"",""commentLines"":194},{""codeLines"":6,""blankLines"":0,""language"":""Forth"",""commentLines"":0},{""codeLines"":32,""blankLines"":3,""language"":""HTML"",""commentLines"":2},{""codeLines"":34,""blankLines"":7,""language"":""INI"",""commentLines"":0},{""codeLines"":65,""blankLines"":8,""language"":""Nix"",""commentLines"":13},{""codeLines"":1954,""blankLines"":224,""language"":""SQL"",""commentLines"":128},{""codeLines"":75,""blankLines"":10,""language"":""JavaScript"",""commentLines"":6},{""codeLines"":121,""blankLines"":33,""language"":""Bourne Shell"",""commentLines"":5},{""codeLines"":8348,""blankLines"":1285,""language"":""Sass"",""commentLines"":27},{""codeLines"":332,""blankLines"":0,""language"":""SVG"",""commentLines"":0},{""codeLines"":125542,""blankLines"":14785,""language"":""Rust"",""commentLines"":8394}]",2026-10-02T11:19:34,0d4b63892c58b1841f0ed899baa425084a35182d,True,False,False,False,"{""Rust"":5154627,""TypeScript"":2336942,""SCSS"":126480,""Smarty"":28507,""PLpgSQL"":24638,""Shell"":3464,""Just"":3161,""JavaScript"":2633,""Nix"":2632,""Dockerfile"":2593,""HTML"":1812,""HCL"":1207}",bug;dependencies;design;documentation;duplicate;e2e;enhancement;enterprise;feature;github_actions;good first issue;help wanted;ignore-for-release;invalid;javascript;open source;optional for release;pentest;refactoring;release notes;release-blocker;requires PO;rust;security;st1;st2;st3;support;t1;t2;t3;timebox;wontfix,authentication;forwardauth;keycloak;multifactor-authentication;oauth;oauth-provider;oauth2-server;oidc;oidc-provider;openid;openid-connect;openid-connect-provider;openvpn;pritunl;security;vpn;vpn-server;wireguard;wireguard-ui;yubikey,v0.3.0,First Release,TypeScript
93836537,bytecodealliance/javy,False,1302,116,39,135,Rust,main,Apache License 2.0,,201,2754,37,107968,2021-04-22T01:36:40,2026-10-02T04:12:54,2026-10-03T06:52:28,172,20,1127,16,8872.0,95596.0,5719.0,"[{""codeLines"":20,""blankLines"":7,""language"":""Objective-C++"",""commentLines"":22},{""codeLines"":74325,""blankLines"":5894,""language"":""C"",""commentLines"":3813},{""codeLines"":377,""blankLines"":50,""language"":""TOML"",""commentLines"":19},{""codeLines"":42,""blankLines"":0,""language"":""Text"",""commentLines"":0},{""codeLines"":1889,""blankLines"":176,""language"":""HTML"",""commentLines"":52},{""codeLines"":51,""blankLines"":2,""language"":""Nix"",""commentLines"":1},{""codeLines"":1047,""blankLines"":141,""language"":""JavaScript"",""commentLines"":91},{""codeLines"":7244,""blankLines"":1144,""language"":""Rust"",""commentLines"":1158},{""codeLines"":7,""blankLines"":5,""language"":""Bourne Shell"",""commentLines"":0},{""codeLines"":6870,""blankLines"":430,""language"":""C/C++ Header"",""commentLines"":430},{""codeLines"":1603,""blankLines"":387,""language"":""YAML"",""commentLines"":18},{""codeLines"":1787,""blankLines"":596,""language"":""Markdown"",""commentLines"":0},{""codeLines"":90,""blankLines"":31,""language"":""make"",""commentLines"":64},{""codeLines"":139,""blankLines"":3,""language"":""Diff"",""commentLines"":22},{""codeLines"":47,""blankLines"":6,""language"":""TypeScript"",""commentLines"":29},{""codeLines"":58,""blankLines"":0,""language"":""JSON"",""commentLines"":0}]",2026-10-02T03:47:04,04a467bc776b72450e660274929e0eafc8558c19,True,False,False,False,"{""Rust"":302818,""JavaScript"":35072,""C"":12928,""Makefile"":7004,""Nix"":2299,""TypeScript"":2288,""Objective-C++"":1808,""Shell"":323}",action-item;bug;cla-needed;dependencies;documentation;duplicate;enhancement;github_actions;good first issue;help wanted;invalid;javascript;question;rfc;rust;severity: 1;severity: 2;severity: 3;severity: 4;wontfix,,v0.1.0,First Release,C
94468118,fastly/pushpin,False,2283,17,17,156,Rust,main,Apache License 2.0,https://pushpin.org,91,3861,15,9166,2012-08-29T04:53:56,2026-10-01T08:58:18,2026-10-03T05:00:07,137,30,718,2,22970.0,92107.0,11845.0,"[{""codeLines"":51409,""blankLines"":11767,""language"":""Rust"",""commentLines"":3735},{""codeLines"":159,""blankLines"":23,""language"":""TOML"",""commentLines"":5},{""codeLines"":38,""blankLines"":13,""language"":""Qt Project"",""commentLines"":0},{""codeLines"":1309,""blankLines"":314,""language"":""Python"",""commentLines"":59},{""codeLines"":54,""blankLines"":28,""language"":""Dockerfile"",""commentLines"":25},{""codeLines"":83,""blankLines"":37,""language"":""ProGuard"",""commentLines"":5},{""codeLines"":33055,""blankLines"":8899,""language"":""C++"",""commentLines"":4964},{""codeLines"":552,""blankLines"":228,""language"":""Markdown"",""commentLines"":0},{""codeLines"":1,""blankLines"":0,""language"":""Text"",""commentLines"":0},{""codeLines"":44,""blankLines"":12,""language"":""Prolog"",""commentLines"":0},{""codeLines"":218,""blankLines"":63,""language"":""Bourne Shell"",""commentLines"":87},{""codeLines"":34,""blankLines"":8,""language"":""JavaScript"",""commentLines"":0},{""codeLines"":50,""blankLines"":10,""language"":""PHP"",""commentLines"":0},{""codeLines"":37,""blankLines"":20,""language"":""make"",""commentLines"":1},{""codeLines"":4643,""blankLines"":1526,""language"":""C/C++ Header"",""commentLines"":2952},{""codeLines"":421,""blankLines"":22,""language"":""YAML"",""commentLines"":12}]",2026-10-01T08:58:16,800110b646e80f9a923a5f3e193a7ebbede5f1e3,False,False,False,False,"{""Rust"":2039173,""C++"":1779494,""Python"":42823,""Shell"":9971,""Roff"":9617,""QMake"":7873,""C"":4864,""Dockerfile"":2080,""PHP"":1252,""Makefile"":1091,""JavaScript"":995}",bug;dependencies;duplicate;enhancement;invalid;question;wontfix,api;fastly-featured;fastly-oss-tier1;http-streaming;long-polling;proxy;push;realtime;server-sent-events;streaming;websockets;zeromq,v1.31.0,First Release,C++
94474984,misprit7/computerraria,False,344,4,0,55,Rust,main,MIT License,https://youtu.be/zXPiqk0-zDY,19,3846,5,37312,2023-02-17T05:34:39,2026-08-03T02:44:39,2026-08-03T02:44:49,4,0,22,0,611.0,10836.0,429.0,"[{""codeLines"":12,""blankLines"":2,""language"":""INI"",""commentLines"":0},{""codeLines"":32,""blankLines"":4,""language"":""Linker Script"",""commentLines"":1},{""codeLines"":224,""blankLines"":32,""language"":""Text"",""commentLines"":0},{""codeLines"":584,""blankLines"":153,""language"":""Python"",""commentLines"":108},{""codeLines"":9179,""blankLines"":196,""language"":""Rust"",""commentLines"":181},{""codeLines"":104,""blankLines"":14,""language"":""YAML"",""commentLines"":1},{""codeLines"":74,""blankLines"":23,""language"":""C/C++ Header"",""commentLines"":18},{""codeLines"":133,""blankLines"":60,""language"":""Markdown"",""commentLines"":0},{""codeLines"":72,""blankLines"":44,""language"":""Bourne Shell"",""commentLines"":61},{""codeLines"":3,""blankLines"":0,""language"":""XML"",""commentLines"":0},{""codeLines"":21,""blankLines"":1,""language"":""Assembly"",""commentLines"":1},{""codeLines"":151,""blankLines"":55,""language"":""TOML"",""commentLines"":13},{""codeLines"":42,""blankLines"":19,""language"":""Dockerfile"",""commentLines"":45},{""codeLines"":37,""blankLines"":8,""language"":""Logos"",""commentLines"":0},{""codeLines"":168,""blankLines"":0,""language"":""JSON"",""commentLines"":0}]",2026-08-03T02:44:37,0379d5b0d89dbb7fd4342b3afff9c3be5e1ab9d8,False,False,False,False,"{""Rust"":711129,""Python"":28643,""Shell"":5665,""Dockerfile"":4259,""Linker Script"":722,""Assembly"":363}",bug;documentation;duplicate;enhancement;good first issue;help wanted;invalid;question;wontfix,logic-gates;risc-v;riscv;terraria;terraria-mod,2df3eea52bc6df9531dbe925c1c366b62d0b4342,10% Commit (34/344),Python
94491529,konghayao/cn-font-split,False,388,7,32,48,Rust,release,Apache License 2.0,https://chinese-font.netlify.app/,9,1208,11,12762,2022-08-26T11:54:41,2026-06-12T01:45:21,2026-06-15T02:50:21,159,18,50,5,2068.0,17512.0,811.0,"[{""codeLines"":3137,""blankLines"":368,""language"":""Rust"",""commentLines"":444},{""codeLines"":553,""blankLines"":44,""language"":""JavaScript"",""commentLines"":78},{""codeLines"":219,""blankLines"":26,""language"":""Bourne Shell"",""commentLines"":27},{""codeLines"":685,""blankLines"":33,""language"":""HTML"",""commentLines"":12},{""codeLines"":206,""blankLines"":41,""language"":""Python"",""commentLines"":24},{""codeLines"":273,""blankLines"":2,""language"":""CSS"",""commentLines"":0},{""codeLines"":34,""blankLines"":10,""language"":""Dockerfile"",""commentLines"":7},{""codeLines"":97,""blankLines"":23,""language"":""Protocol Buffers"",""commentLines"":6},{""codeLines"":891,""blankLines"":274,""language"":""Markdown"",""commentLines"":0},{""codeLines"":3059,""blankLines"":129,""language"":""TypeScript"",""commentLines"":185},{""codeLines"":3807,""blankLines"":955,""language"":""YAML"",""commentLines"":16},{""codeLines"":1806,""blankLines"":37,""language"":""JSON"",""commentLines"":0},{""codeLines"":116,""blankLines"":9,""language"":""Vuejs Component"",""commentLines"":5},{""codeLines"":2251,""blankLines"":54,""language"":""Text"",""commentLines"":0},{""codeLines"":247,""blankLines"":39,""language"":""TOML"",""commentLines"":0},{""codeLines"":131,""blankLines"":24,""language"":""PowerShell"",""commentLines"":7}]",2026-06-12T12:21:12,1650af130b8c547b13a883ac7546f088ff193bf5,True,False,False,False,"{""Rust"":151212,""TypeScript"":111898,""HTML"":37961,""JavaScript"":23236,""Python"":8284,""Shell"":8207,""CSS"":4951,""PowerShell"":4139,""Vue"":3276,""Dockerfile"":1866}",bug;dependencies;documentation;duplicate;enhancement;feature;good first issue;help wanted;invalid;javascript;question;rust;webpack;wontfix;一般;严重;测试;轻微,browser;bun;cjk;cjk-font;converter;deno;font;font-subset;font-subsetter;multithreading;nodejs;opentype-fonts;otf;performance;ttf;wasm;webworker;woff2,7.0.0-beta-1,First Release,TypeScript
94493282,rivet-gg/rivet,False,3458,438,30,109,Rust,main,Apache License 2.0,https://rivet.gg,19,4252,15,178082,2023-06-16T11:51:15,2025-08-21T08:12:11,2025-08-22T01:53:27,370,6,2447,60,62788.0,557927.0,61690.0,"[{""codeLines"":4363,""blankLines"":1813,""language"":""Text"",""commentLines"":0},{""codeLines"":944,""blankLines"":58,""language"":""Python"",""commentLines"":17},{""codeLines"":13,""blankLines"":3,""language"":""INI"",""commentLines"":0},{""codeLines"":7667,""blankLines"":1364,""language"":""TOML"",""commentLines"":66},{""codeLines"":3814,""blankLines"":255,""language"":""JSX"",""commentLines"":92},{""codeLines"":135,""blankLines"":24,""language"":""XML"",""commentLines"":25},{""codeLines"":24891,""blankLines"":2527,""language"":""Go"",""commentLines"":1099},{""codeLines"":93489,""blankLines"":8618,""language"":""TypeScript"",""commentLines"":12298},{""codeLines"":2286,""blankLines"":615,""language"":""Bourne Shell"",""commentLines"":898},{""codeLines"":355,""blankLines"":76,""language"":""Lua"",""commentLines"":69},{""codeLines"":37,""blankLines"":10,""language"":""PowerShell"",""commentLines"":4},{""codeLines"":1627,""blankLines"":250,""language"":""HCL"",""commentLines"":178},{""codeLines"":1734,""blankLines"":297,""language"":""SQL"",""commentLines"":143},{""codeLines"":6158,""blankLines"":8,""language"":""SVG"",""commentLines"":3},{""codeLines"":319943,""blankLines"":30952,""language"":""Rust"",""commentLines"":44642},{""codeLines"":2203,""blankLines"":317,""language"":""JavaScript"",""commentLines"":352},{""codeLines"":77,""blankLines"":19,""language"":""Nix"",""commentLines"":22},{""codeLines"":109,""blankLines"":13,""language"":""HTML"",""commentLines"":0},{""codeLines"":798,""blankLines"":114,""language"":""CSS"",""commentLines"":20},{""codeLines"":25,""blankLines"":1,""language"":""Diff"",""commentLines"":13},{""codeLines"":651,""blankLines"":203,""language"":""Dockerfile"",""commentLines"":154},{""codeLines"":12029,""blankLines"":0,""language"":""JSON"",""commentLines"":0},{""codeLines"":27169,""blankLines"":12339,""language"":""Markdown"",""commentLines"":28},{""codeLines"":674,""blankLines"":0,""language"":""CSV"",""commentLines"":0},{""codeLines"":1327,""blankLines"":167,""language"":""SaltStack"",""commentLines"":40},{""codeLines"":41421,""blankLines"":1186,""language"":""YAML"",""commentLines"":607},{""codeLines"":3988,""blankLines"":1559,""language"":""Protocol Buffers"",""commentLines"":920}]",2025-08-09T01:38:47,f879623b871e4acafaffd31817b9386fb84ddce1,False,False,False,False,"{""Rust"":11038148,""TypeScript"":3138653,""MDX"":651683,""Go"":585962,""JavaScript"":200499,""Shell"":106045,""Smarty"":103331,""Jinja"":101975,""HCL"":48526,""SaltStack"":48201,""Python"":33402,""Dockerfile"":27600,""CSS"":25189,""Lua"":18155,""HTML"":4013,""Nix"":3644,""Just"":3496,""PowerShell"":1568,""RenderScript"":3}",2 points;analytics;api;api library;autorelease: pending;autorelease: tagged;benchmark;bolt;bug;cdn;chat;chirp;cli;cloud;dependencies;developer dashboard;devops;documentation;duplicate;dynamic-servers;elastic-lobbies.;enhancement;game guard;good first issue;group;help wanted;high priority;hub;identity;infrastructure;invalid;investigate;javascript;job;kv;logging;low priority;maintenance;matchmaker;medium priority;merge-queue;monitoring;oss;performance;pkg/svc/kv;pkg/svc/mm;public;public-tmp;question;release-please:force-run;rust;tmp-public;upload;windows;wontfix;workflows,actor;actors;bevy;cloudflare;cloudflare-durable-objects;deno;durable-objects;foundationdb;game-development;godot;multiplayer;partykit;realtime;rust;serverless;unreal-engine,v2.0.21,First Release,TypeScript
94496313,witnessmenow/esp32-cheap-yellow-display,False,396,1,0,447,Rust,main,MIT License,,117,4460,97,28607,2023-05-19T08:45:51,2026-09-18T07:20:49,2026-09-20T03:33:30,118,66,198,7,3322.0,28222.0,4596.0,"[{""codeLines"":123,""blankLines"":0,""language"":""JSON"",""commentLines"":0},{""codeLines"":15959,""blankLines"":822,""language"":""C/C++ Header"",""commentLines"":2714},{""codeLines"":504,""blankLines"":50,""language"":""INI"",""commentLines"":20},{""codeLines"":952,""blankLines"":144,""language"":""YAML"",""commentLines"":384},{""codeLines"":1126,""blankLines"":580,""language"":""Markdown"",""commentLines"":0},{""codeLines"":365,""blankLines"":56,""language"":""C++"",""commentLines"":7},{""codeLines"":3,""blankLines"":2,""language"":""make"",""commentLines"":8},{""codeLines"":29,""blankLines"":12,""language"":""CMake"",""commentLines"":4},{""codeLines"":156,""blankLines"":19,""language"":""TOML"",""commentLines"":4},{""codeLines"":27,""blankLines"":2,""language"":""C# Generated"",""commentLines"":9},{""codeLines"":4124,""blankLines"":1037,""language"":""Arduino Sketch"",""commentLines"":964},{""codeLines"":402,""blankLines"":11,""language"":""XML"",""commentLines"":48},{""codeLines"":631,""blankLines"":101,""language"":""C#"",""commentLines"":117},{""codeLines"":1205,""blankLines"":155,""language"":""Rust"",""commentLines"":26},{""codeLines"":103,""blankLines"":3,""language"":""Visual Studio Solution"",""commentLines"":4},{""codeLines"":272,""blankLines"":52,""language"":""Python"",""commentLines"":17},{""codeLines"":2180,""blankLines"":270,""language"":""C"",""commentLines"":270},{""codeLines"":61,""blankLines"":6,""language"":""HTML"",""commentLines"":0}]",2026-09-18T07:20:48,0564a140c76de76ef34a8b7115044e7c6c852695,True,False,False,False,"{""Rust"":37852,""C"":36624}",Non CYD Variant;add-ons;bug;dependencies;documentation;duplicate;enhancement;examples;github_actions;good first issue;help wanted;invalid;port existing project;question;wontfix,,37717b7c9f1b49afa73c6fcd9fde9a2f7555ce6e,10% Commit (39/396),C++
94502427,typst/packages,False,4915,14,0,1290,Rust,main,Apache License 2.0,,5,1033,466,1954919,2023-06-26T12:26:19,2026-10-02T02:25:55,2026-10-02T02:26:07,105,11,5876,50,784507.0,8048643.0,826815.0,"[{""codeLines"":384873,""blankLines"":99,""language"":""JSON"",""commentLines"":0},{""codeLines"":287,""blankLines"":0,""language"":""Jupyter Notebook"",""commentLines"":3059},{""codeLines"":13,""blankLines"":10,""language"":""Dockerfile"",""commentLines"":4},{""codeLines"":162,""blankLines"":3,""language"":""GLSL"",""commentLines"":151},{""codeLines"":69,""blankLines"":13,""language"":""Java"",""commentLines"":0},{""codeLines"":6,""blankLines"":8,""language"":""CMake"",""commentLines"":1},{""codeLines"":22,""blankLines"":5,""language"":""C++"",""commentLines"":0},{""codeLines"":2746,""blankLines"":445,""language"":""Freemarker Template"",""commentLines"":0},{""codeLines"":13,""blankLines"":2,""language"":""Scala"",""commentLines"":0},{""codeLines"":579110,""blankLines"":196964,""language"":""Markdown"",""commentLines"":2216},{""codeLines"":75204,""blankLines"":1162,""language"":""XML"",""commentLines"":5015},{""codeLines"":21329,""blankLines"":1573,""language"":""YAML"",""commentLines"":746},{""codeLines"":20,""blankLines"":4,""language"":""C"",""commentLines"":9},{""codeLines"":843,""blankLines"":287,""language"":""Python"",""commentLines"":288},{""codeLines"":18,""blankLines"":13,""language"":""Julia"",""commentLines"":24},{""codeLines"":38,""blankLines"":11,""language"":""DOS Batch"",""commentLines"":4},{""codeLines"":5,""blankLines"":0,""language"":""SQL"",""commentLines"":0},{""codeLines"":38,""blankLines"":6,""language"":""PowerShell"",""commentLines"":7},{""codeLines"":227951,""blankLines"":19517,""language"":""TOML"",""commentLines"":2615},{""codeLines"":588,""blankLines"":169,""language"":""make"",""commentLines"":118},{""codeLines"":24,""blankLines"":2,""language"":""Jinja Template"",""commentLines"":0},{""codeLines"":23763,""blankLines"":5347,""language"":""Text"",""commentLines"":0},{""codeLines"":21784,""blankLines"":2225,""language"":""TeX"",""commentLines"":694},{""codeLines"":4237098,""blankLines"":546472,""language"":""Typst"",""commentLines"":795896},{""codeLines"":37,""blankLines"":6,""language"":""INI"",""commentLines"":0},{""codeLines"":30,""blankLines"":7,""language"":""Scheme"",""commentLines"":56},{""codeLines"":1118,""blankLines"":260,""language"":""Bourne Shell"",""commentLines"":138},{""codeLines"":2732,""blankLines"":1,""language"":""CSV"",""commentLines"":0},{""codeLines"":38163,""blankLines"":1531,""language"":""JavaScript"",""commentLines"":12238},{""codeLines"":563,""blankLines"":24,""language"":""Nix"",""commentLines"":8},{""codeLines"":102,""blankLines"":20,""language"":""zsh"",""commentLines"":9},{""codeLines"":1216,""blankLines"":198,""language"":""Rust"",""commentLines"":87},{""codeLines"":2377191,""blankLines"":1267,""language"":""SVG"",""commentLines"":910},{""codeLines"":411,""blankLines"":100,""language"":""Bourne Again Shell"",""commentLines"":56},{""codeLines"":6405,""blankLines"":913,""language"":""CSS"",""commentLines"":2466},{""codeLines"":44650,""blankLines"":5841,""language"":""HTML"",""commentLines"":0},{""codeLines"":21,""blankLines"":2,""language"":""F# Script"",""commentLines"":0}]",2026-10-02T02:25:55,e7d9243f08065af6b09d26eb0e60c44ea9e9dbee,True,False,False,False,"{""Rust"":30310,""Typst"":5487}",blocked;bug;feature request;meta;minor fix;new;update;waiting-on-author;waiting-on-validation,,5e49fec3da1e8e52552b70f8c6e284c6d0c6ccc8,10% Commit (491/4915),Typst
94508908,eventual-inc/daft,False,4586,714,154,565,Rust,main,Apache License 2.0,https://daft.ai,33,5790,187,77002,2022-04-25T10:02:29,2026-10-02T11:23:33,2026-10-03T06:30:06,1677,287,5619,120,73478.0,402862.0,72125.0,"[{""codeLines"":118,""blankLines"":26,""language"":""make"",""commentLines"":10},{""codeLines"":52,""blankLines"":14,""language"":""Jinja Template"",""commentLines"":16},{""codeLines"":4789,""blankLines"":356,""language"":""YAML"",""commentLines"":664},{""codeLines"":2473,""blankLines"":850,""language"":""Protocol Buffers"",""commentLines"":1405},{""codeLines"":66,""blankLines"":40,""language"":""reStructuredText"",""commentLines"":29},{""codeLines"":127,""blankLines"":27,""language"":""C++"",""commentLines"":8},{""codeLines"":19569,""blankLines"":6641,""language"":""Markdown"",""commentLines"":75},{""codeLines"":135,""blankLines"":23,""language"":""Bourne Shell"",""commentLines"":102},{""codeLines"":12,""blankLines"":5,""language"":""CMake"",""commentLines"":2},{""codeLines"":7045,""blankLines"":67,""language"":""SQL"",""commentLines"":22},{""codeLines"":52,""blankLines"":22,""language"":""Dockerfile"",""commentLines"":18},{""codeLines"":8538,""blankLines"":0,""language"":""JSON"",""commentLines"":0},{""codeLines"":3750,""blankLines"":0,""language"":""Jupyter Notebook"",""commentLines"":23084},{""codeLines"":5699,""blankLines"":548,""language"":""TypeScript"",""commentLines"":379},{""codeLines"":51,""blankLines"":15,""language"":""Bourne Again Shell"",""commentLines"":20},{""codeLines"":71,""blankLines"":26,""language"":""Text"",""commentLines"":0},{""codeLines"":385,""blankLines"":91,""language"":""HTML"",""commentLines"":185},{""codeLines"":127453,""blankLines"":37599,""language"":""Python"",""commentLines"":29169},{""codeLines"":379,""blankLines"":68,""language"":""CSS"",""commentLines"":52},{""codeLines"":9,""blankLines"":0,""language"":""SVG"",""commentLines"":1},{""codeLines"":2830,""blankLines"":306,""language"":""TOML"",""commentLines"":63},{""codeLines"":218745,""blankLines"":26714,""language"":""Rust"",""commentLines"":16799},{""codeLines"":300,""blankLines"":2,""language"":""CSV"",""commentLines"":0},{""codeLines"":214,""blankLines"":38,""language"":""JavaScript"",""commentLines"":22}]",2026-10-02T11:23:32,141bb8214327b3075641977cb070dad7410ce55b,True,False,False,False,"{""Rust"":9217685,""Python"":7165117,""Jupyter Notebook"":3168559,""TypeScript"":211490,""HTML"":46735,""Shell"":12233,""Makefile"":6024,""CSS"":4045,""Go Template"":3331,""Smarty"":3331,""Dockerfile"":3069,""JavaScript"":1010}",accepted;announcement;awaiting-response;breaking change;bug;build;chore;ci;daft-connect;data-catalogs;delta-lake;dependencies;docs;documentation;duplicate;enhancement;epic;expression;feat;fix;force-merge;github_actions;good first issue;help wanted;iceberg;lore;narwhals;needs triage;no-issue-needed;on-call;oncall;p0;p1;p2 (backlog);perf;python;refactor;regression;revert;rust;sql;test;types;wontfix,ai-engineering;ai-pipeline;arrow;artificial-intelligence;big-data;data-engineering;distributed;distributed-computing;distributed-systems;embeddings;etl;huggingface;iceberg;machine-learning;multimodal;parquet;python;ray;rust,v0.1.0,First Release,Python
94516457,kkoomen/vim-doge,False,1948,1,81,56,Rust,master,GNU General Public License v3.0,,7,1058,22,4394,2019-04-28T08:23:34,2026-08-13T02:05:14,2026-08-13T02:07:06,169,16,510,2,1913.0,7747.0,518.0,"[{""codeLines"":1567,""blankLines"":128,""language"":""YAML"",""commentLines"":72},{""codeLines"":132,""blankLines"":56,""language"":""Text"",""commentLines"":0},{""codeLines"":28,""blankLines"":2,""language"":""TOML"",""commentLines"":1},{""codeLines"":2479,""blankLines"":959,""language"":""Markdown"",""commentLines"":63},{""codeLines"":58,""blankLines"":18,""language"":""PowerShell"",""commentLines"":4},{""codeLines"":24,""blankLines"":5,""language"":""INI"",""commentLines"":0},{""codeLines"":5,""blankLines"":0,""language"":""JSON"",""commentLines"":0},{""codeLines"":777,""blankLines"":173,""language"":""Vim Script"",""commentLines"":258},{""codeLines"":201,""blankLines"":57,""language"":""Bourne Shell"",""commentLines"":17},{""codeLines"":2476,""blankLines"":515,""language"":""Rust"",""commentLines"":103}]",2026-08-13T02:05:12,fea6ac4b1aaa2e10e08ecf53ad0fe809fc7d8b53,False,False,False,False,"{""Rust"":116986,""Vim Script"":39317,""Shell"":6855,""PowerShell"":2363,""R"":346}",bug;dependencies;duplicate;feature;good first issue;help wanted;improvement;invalid;question;wontfix,boilerplate;docblock;documentation;doge;fast;generator;instant;languages;multilingual;neovim;polyglot;skeleton;vim,v3.1.2-beta.0,First Release,Vim script
94516820,lancedb/lance,False,3088,162,355,474,Rust,main,Apache License 2.0,https://lance.org,48,5689,135,38663,2022-07-07T10:29:29,2025-11-15T05:56:48,2025-11-15T05:56:27,1812,818,3346,136,44337.0,291721.0,47560.0,"[{""codeLines"":26,""blankLines"":8,""language"":""DOS Batch"",""commentLines"":1},{""codeLines"":28609,""blankLines"":7692,""language"":""Python"",""commentLines"":8621},{""codeLines"":88,""blankLines"":22,""language"":""C"",""commentLines"":30},{""codeLines"":816,""blankLines"":283,""language"":""Protocol Buffers"",""commentLines"":1371},{""codeLines"":6083,""blankLines"":370,""language"":""YAML"",""commentLines"":133},{""codeLines"":1135,""blankLines"":1064,""language"":""reStructuredText"",""commentLines"":1998},{""codeLines"":7763,""blankLines"":2622,""language"":""Markdown"",""commentLines"":1},{""codeLines"":39,""blankLines"":16,""language"":""CMake"",""commentLines"":17},{""codeLines"":12257,""blankLines"":2425,""language"":""Java"",""commentLines"":4415},{""codeLines"":596,""blankLines"":134,""language"":""Scala"",""commentLines"":76},{""codeLines"":93,""blankLines"":0,""language"":""CSV"",""commentLines"":0},{""codeLines"":21,""blankLines"":9,""language"":""C++"",""commentLines"":13},{""codeLines"":339,""blankLines"":0,""language"":""Jupyter Notebook"",""commentLines"":4854},{""codeLines"":39,""blankLines"":0,""language"":""JSON"",""commentLines"":0},{""codeLines"":6,""blankLines"":2,""language"":""Dockerfile"",""commentLines"":0},{""codeLines"":229909,""blankLines"":29154,""language"":""Rust"",""commentLines"":25453},{""codeLines"":340,""blankLines"":63,""language"":""CSS"",""commentLines"":18},{""codeLines"":480,""blankLines"":13,""language"":""Maven"",""commentLines"":5},{""codeLines"":256,""blankLines"":27,""language"":""HTML"",""commentLines"":7},{""codeLines"":721,""blankLines"":175,""language"":""Bourne Shell"",""commentLines"":194},{""codeLines"":141,""blankLines"":10,""language"":""XML"",""commentLines"":27},{""codeLines"":111,""blankLines"":22,""language"":""JavaScript"",""commentLines"":64},{""codeLines"":9,""blankLines"":7,""language"":""C/C++ Header"",""commentLines"":26},{""codeLines"":62,""blankLines"":17,""language"":""make"",""commentLines"":0},{""codeLines"":1706,""blankLines"":201,""language"":""TOML"",""commentLines"":220},{""codeLines"":73,""blankLines"":1,""language"":""Text"",""commentLines"":0},{""codeLines"":3,""blankLines"":0,""language"":""Properties"",""commentLines"":16}]",2025-11-15T05:56:22,d2039d750a6a296585e7fca63428fb2139c7acd0,True,False,False,False,"{""Rust"":10111984,""Python"":1450847,""Java"":611377,""Jupyter Notebook"":477500,""Shell"":30928,""Scala"":26868,""C"":4909,""CMake"":2130,""C++"":1402,""Makefile"":899,""Dockerfile"":239}",arrow;benchmark;breaking-change;bug;c++;chore;ci;codex;dependencies;documentation;donotmerge;donotreview;duckdb;duplicate;enhancement;epic;experimental;feature;file-storage;flaky-test;format;good first issue;help wanted;invalid;java;macos;need triaging;performance;priority: high;python;pytorch;question;ray;rust;stale;table format;tensorflow;ubuntu;vector;wasm;windows;wip;wontfix;x86,apache-arrow;computer-vision;data-analysis;data-analytics;data-centric;data-format;data-science;dataops;deep-learning;duckdb;embeddings;llms;machine-learning;mlops;python;rust,v0.0.4,First Release,C++
94525571,yuankunzhang/charming,False,476,5,0,119,Rust,main,Apache License 2.0,,9,2600,25,2897,2023-06-29T03:28:29,2026-09-27T02:13:46,2026-10-03T01:51:25,68,15,139,10,1313.0,76026.0,833.0,"[{""codeLines"":339,""blankLines"":94,""language"":""Markdown"",""commentLines"":0},{""codeLines"":40,""blankLines"":6,""language"":""HTML"",""commentLines"":0},{""codeLines"":125,""blankLines"":11,""language"":""YAML"",""commentLines"":1},{""codeLines"":195,""blankLines"":52,""language"":""TOML"",""commentLines"":24},{""codeLines"":23018,""blankLines"":189,""language"":""SVG"",""commentLines"":1},{""codeLines"":16,""blankLines"":0,""language"":""CSV"",""commentLines"":0},{""codeLines"":20,""blankLines"":1,""language"":""Handlebars"",""commentLines"":0},{""codeLines"":23797,""blankLines"":942,""language"":""Rust"",""commentLines"":721},{""codeLines"":99,""blankLines"":11,""language"":""Nix"",""commentLines"":12},{""codeLines"":5048,""blankLines"":7,""language"":""JavaScript"",""commentLines"":74},{""codeLines"":23329,""blankLines"":0,""language"":""JSON"",""commentLines"":0}]",2026-09-27T02:13:45,e34296b60cd63011e4e12523296bffaec4035041,True,False,False,False,"{""Rust"":734462,""JavaScript"":152037,""Nix"":3784,""Handlebars"":807,""HTML"":234,""Shell"":176,""RenderScript"":3}",bug;documentation;duplicate;enhancement;good first issue;help wanted;invalid;perf;question;wontfix,chart;data-science;rust;visualization;webassembly,21a8ede686f168738700e89d2d2213fda666e1b9,10% Commit (47/476),JavaScript
94525795,web-infra-dev/rspack,False,9763,633,240,867,Rust,main,MIT License,https://rspack.rs,55,12933,309,125136,2022-04-01T08:45:30,2026-10-04T01:32:17,2026-10-04T01:38:19,3593,117,11893,129,107258.0,1048325.0,31913.0,"[{""codeLines"":613,""blankLines"":77,""language"":""Bourne Shell"",""commentLines"":1},{""codeLines"":522,""blankLines"":64,""language"":""JSX"",""commentLines"":0},{""codeLines"":10,""blankLines"":0,""language"":""JSON5"",""commentLines"":1},{""codeLines"":323129,""blankLines"":30922,""language"":""Rust"",""commentLines"":16938},{""codeLines"":135921,""blankLines"":12812,""language"":""JavaScript"",""commentLines"":6057},{""codeLines"":9,""blankLines"":3,""language"":""INI"",""commentLines"":0},{""codeLines"":203531,""blankLines"":19850,""language"":""Text"",""commentLines"":0},{""codeLines"":3571,""blankLines"":567,""language"":""TOML"",""commentLines"":298},{""codeLines"":3136,""blankLines"":102,""language"":""EJS"",""commentLines"":0},{""codeLines"":9,""blankLines"":1,""language"":""Diff"",""commentLines"":11},{""codeLines"":489,""blankLines"":87,""language"":""SCSS"",""commentLines"":2},{""codeLines"":96,""blankLines"":14,""language"":""Less"",""commentLines"":0},{""codeLines"":121836,""blankLines"":9796,""language"":""TypeScript"",""commentLines"":7955},{""codeLines"":14906,""blankLines"":3409,""language"":""YAML"",""commentLines"":139},{""codeLines"":75822,""blankLines"":26987,""language"":""Markdown"",""commentLines"":8},{""codeLines"":18,""blankLines"":4,""language"":""CoffeeScript"",""commentLines"":3},{""codeLines"":10,""blankLines"":3,""language"":""Stylus"",""commentLines"":0},{""codeLines"":215,""blankLines"":16,""language"":""WebAssembly"",""commentLines"":0},{""codeLines"":3,""blankLines"":1,""language"":""Sass"",""commentLines"":0},{""codeLines"":37,""blankLines"":6,""language"":""Svelte"",""commentLines"":0},{""codeLines"":138001,""blankLines"":2467,""language"":""CSS"",""commentLines"":392},{""codeLines"":508,""blankLines"":20,""language"":""HTML"",""commentLines"":10},{""codeLines"":3605,""blankLines"":15,""language"":""SVG"",""commentLines"":92},{""codeLines"":130,""blankLines"":22,""language"":""Vuejs Component"",""commentLines"":6},{""codeLines"":22,""blankLines"":4,""language"":""Dockerfile"",""commentLines"":0},{""codeLines"":17,""blankLines"":1,""language"":""Pug"",""commentLines"":0},{""codeLines"":22159,""blankLines"":8,""language"":""JSON"",""commentLines"":0}]",2026-10-04T10:51:11,d5cadc1033be4855888930a798c35d4c7af9fddf,False,False,False,False,"{""Rust"":13503524,""CSS"":5952609,""TypeScript"":3589816,""MDX"":3192827,""JavaScript"":1199246,""EJS"":115620,""HTML"":20641,""Shell"":20047,""WebAssembly"":10585,""SCSS"":9925,""Vue"":3177,""Just"":1933,""Less"":1599,""CoffeeScript"":672,""Dockerfile"":541,""Pug"":306}",aardvark;awaiting more feedback;beyond-webpack;bug;bug: windows;cache;codex;contrib: easy;dependencies;duplicated;feat;good first issue;incremental;need documentation;need example;need more info;need reproduction;not planned;on hold;outdated;pending triage;pr welcome;question;ready to merge;ready-for-agent;ready-for-human;refactor;release: breaking change;release: bug fix;release: document;release: feature;release: performance;release: refactor;rsbuild;same as webpack;stale;team;to be discussed;tracking issue;upstream;urgent;💰 issue-bounty,build-tool;bundler;compiler;esm;javascript;jsx;loaders;module-bundler;rspack;rstack;rust;typescript;web;web-performance;webpack,v0.1.0,First Release,JavaScript
94525836,kcl-lang/kcl,False,1352,53,79,171,Rust,main,Apache License 2.0,https://kcl-lang.io,17,2426,56,13481,2022-05-05T07:02:26,2026-10-04T01:12:19,2026-10-04T07:58:48,734,10,1353,7,13977.0,140191.0,17607.0,"[{""codeLines"":191,""blankLines"":84,""language"":""Dockerfile"",""commentLines"":90},{""codeLines"":190,""blankLines"":53,""language"":""SWIG"",""commentLines"":11},{""codeLines"":9603,""blankLines"":2,""language"":""JSON"",""commentLines"":0},{""codeLines"":4,""blankLines"":1,""language"":""INI"",""commentLines"":0},{""codeLines"":285,""blankLines"":71,""language"":""Go"",""commentLines"":18},{""codeLines"":6,""blankLines"":0,""language"":""Freemarker Template"",""commentLines"":0},{""codeLines"":29,""blankLines"":2,""language"":""Text"",""commentLines"":0},{""codeLines"":4385,""blankLines"":577,""language"":""C++"",""commentLines"":476},{""codeLines"":836,""blankLines"":135,""language"":""TOML"",""commentLines"":40},{""codeLines"":20,""blankLines"":6,""language"":""PowerShell"",""commentLines"":4},{""codeLines"":4,""blankLines"":1,""language"":""DOS Batch"",""commentLines"":0},{""codeLines"":65,""blankLines"":30,""language"":""make"",""commentLines"":26},{""codeLines"":3870,""blankLines"":106,""language"":""YAML"",""commentLines"":43},{""codeLines"":12,""blankLines"":5,""language"":""C"",""commentLines"":1},{""codeLines"":396,""blankLines"":371,""language"":""C/C++ Header"",""commentLines"":3},{""codeLines"":396,""blankLines"":104,""language"":""Protocol Buffers"",""commentLines"":1103},{""codeLines"":1273,""blankLines"":523,""language"":""Markdown"",""commentLines"":0},{""codeLines"":1893,""blankLines"":485,""language"":""Python"",""commentLines"":488},{""codeLines"":74,""blankLines"":22,""language"":""Bourne Shell"",""commentLines"":9},{""codeLines"":34,""blankLines"":2,""language"":""SVG"",""commentLines"":3},{""codeLines"":350,""blankLines"":348,""language"":""LLVM IR"",""commentLines"":2},{""codeLines"":116275,""blankLines"":11049,""language"":""Rust"",""commentLines"":15290}]",2026-10-04T07:58:43,e40de860815514590e00da72b5205dc2b2de1c57,True,False,False,False,"{""Rust"":4587270,""KCL"":384516,""C++"":168242,""LLVM"":42610,""C"":36650,""Dockerfile"":11255,""SWIG"":8156,""Go"":7949,""AMPL"":5204,""KFramework"":4018,""Makefile"":2554,""Shell"":2414,""PowerShell"":1129,""Fluent"":368,""Batchfile"":124,""RenderScript"":1}",api;arch;ast;ast_prettey;bug;build;build system;chore;ci;cli;cmd;codegen;compiler_base;controller;debug;dependencies;design;discussion;docker;docs;documentation;driver;duplicate;ecosystem;enhancement;error-handling;evaluator;faq;feat;fix;generation;good first issue;grammar;help wanted;ide;important;inactive;installation;integration;invalid;ir;kpm;lang-design;langserver;lexer;linker;llvm;long-term;lsp;module;namer;parser;pass;perf;plugin;question;refactor;release;resolver;revert;roadmap;runner;runtime;rust;schema;sdk;security;semantic;session;spec;stdlib;style;test;tool;track;type-system;ui;wasm;windows;wontfix;构建系统,cloud-native;compiler;configuration;configuration-language;configuration-management;devops;functional;infrastructure-as-code;kubernetes;language;platform-engineering;policy;programming-language;record;rust;schema;shift-left;validation,v0.4.2-alpha.1,First Release,Python
94530594,smallcloudai/refact,False,11360,6,22,317,Rust,main,BSD 3-Clause New or Revised License,https://refact.ai,29,3552,35,160126,2023-04-19T06:43:51,2026-05-30T09:42:53,2026-05-31T12:52:17,185,1,718,1,55491.0,786128.0,14266.0,"[{""codeLines"":7942,""blankLines"":1666,""language"":""YAML"",""commentLines"":379},{""codeLines"":382,""blankLines"":41,""language"":""GraphQL"",""commentLines"":1},{""codeLines"":135,""blankLines"":35,""language"":""C++"",""commentLines"":28},{""codeLines"":10659,""blankLines"":1687,""language"":""Kotlin"",""commentLines"":243},{""codeLines"":149,""blankLines"":26,""language"":""Gradle"",""commentLines"":7},{""codeLines"":5,""blankLines"":0,""language"":""Diff"",""commentLines"":8},{""codeLines"":424,""blankLines"":0,""language"":""SVG"",""commentLines"":2},{""codeLines"":3099,""blankLines"":1282,""language"":""Markdown"",""commentLines"":8},{""codeLines"":78,""blankLines"":3,""language"":""HTML"",""commentLines"":0},{""codeLines"":12196,""blankLines"":1988,""language"":""CSS"",""commentLines"":268},{""codeLines"":51,""blankLines"":12,""language"":""Astro"",""commentLines"":8},{""codeLines"":64,""blankLines"":29,""language"":""Dockerfile"",""commentLines"":5},{""codeLines"":9,""blankLines"":2,""language"":""Expect"",""commentLines"":1},{""codeLines"":68,""blankLines"":19,""language"":""Java"",""commentLines"":42},{""codeLines"":249640,""blankLines"":2,""language"":""JSON"",""commentLines"":0},{""codeLines"":48,""blankLines"":10,""language"":""C/C++ Header"",""commentLines"":0},{""codeLines"":79,""blankLines"":14,""language"":""Properties"",""commentLines"":15},{""codeLines"":2166,""blankLines"":124,""language"":""JavaScript"",""commentLines"":93},{""codeLines"":425,""blankLines"":66,""language"":""Bourne Shell"",""commentLines"":121},{""codeLines"":322755,""blankLines"":30529,""language"":""Rust"",""commentLines"":8514},{""codeLines"":23,""blankLines"":6,""language"":""Text"",""commentLines"":0},{""codeLines"":745,""blankLines"":71,""language"":""TOML"",""commentLines"":11},{""codeLines"":6698,""blankLines"":1652,""language"":""Python"",""commentLines"":675},{""codeLines"":168102,""blankLines"":16194,""language"":""TypeScript"",""commentLines"":3829},{""codeLines"":70,""blankLines"":21,""language"":""DOS Batch"",""commentLines"":2},{""codeLines"":116,""blankLines"":12,""language"":""XML"",""commentLines"":6}]",2026-05-30T09:42:52,27f86def9423b1153f1ff857a51329a88bbbe292,True,True,False,False,"{""Rust"":12902836,""TypeScript"":6167767,""Kotlin"":478144,""Python"":329053,""CSS"":239570,""JavaScript"":36351,""Shell"":11628,""C++"":10882,""Java"":5776,""Dockerfile"":2467,""HTML"":1922,""C"":103}",3rd-party-model;bug;docs-improvement;duplicate;engine;epic;feature-request;good first issue;help wanted;improvement;invalid;minor;new-model;new-provider;question;release-enterprise;test me;wontfix;💎 bounty;💰 rewarded;😱 needs attention;🙅 blocker;🙋 bounty claim,ai-agent;developer-tools;enterprise;fine-tuning;on-prem;open-source;rag;self-hosted;swe-bench;vscode,v1.0.0,First Release,Python
94532877,chroma-core/chroma,False,4664,3006,137,2547,Rust,main,Apache License 2.0,https://www.trychroma.com/,135,29436,190,875465,2022-10-05T05:58:44,2026-10-04T02:01:27,2026-10-04T01:31:30,1706,355,6076,557,63165.0,461226.0,46528.0,"[{""codeLines"":21,""blankLines"":1,""language"":""HTML"",""commentLines"":0},{""codeLines"":31,""blankLines"":14,""language"":""Bourne Again Shell"",""commentLines"":1},{""codeLines"":292,""blankLines"":80,""language"":""Dockerfile"",""commentLines"":64},{""codeLines"":1376,""blankLines"":0,""language"":""Jupyter Notebook"",""commentLines"":5060},{""codeLines"":19056,""blankLines"":0,""language"":""JSON"",""commentLines"":0},{""codeLines"":432,""blankLines"":49,""language"":""C++"",""commentLines"":29},{""codeLines"":1168,""blankLines"":222,""language"":""Bourne Shell"",""commentLines"":71},{""codeLines"":72,""blankLines"":15,""language"":""make"",""commentLines"":6},{""codeLines"":1083,""blankLines"":187,""language"":""JavaScript"",""commentLines"":284},{""codeLines"":32,""blankLines"":0,""language"":""SVG"",""commentLines"":0},{""codeLines"":273406,""blankLines"":29847,""language"":""Rust"",""commentLines"":25756},{""codeLines"":563,""blankLines"":56,""language"":""SQL"",""commentLines"":95},{""codeLines"":136,""blankLines"":12,""language"":""CSS"",""commentLines"":3},{""codeLines"":2,""blankLines"":0,""language"":""INI"",""commentLines"":0},{""codeLines"":21353,""blankLines"":3585,""language"":""Go"",""commentLines"":1813},{""codeLines"":28417,""blankLines"":4031,""language"":""TypeScript"",""commentLines"":4460},{""codeLines"":847,""blankLines"":691,""language"":""Text"",""commentLines"":0},{""codeLines"":1431,""blankLines"":256,""language"":""HCL"",""commentLines"":44},{""codeLines"":46,""blankLines"":12,""language"":""PowerShell"",""commentLines"":7},{""codeLines"":39,""blankLines"":5,""language"":""JSX"",""commentLines"":2},{""codeLines"":1545,""blankLines"":192,""language"":""TOML"",""commentLines"":10},{""codeLines"":30738,""blankLines"":4626,""language"":""YAML"",""commentLines"":368},{""codeLines"":22166,""blankLines"":7585,""language"":""Markdown"",""commentLines"":0},{""codeLines"":1525,""blankLines"":341,""language"":""Protocol Buffers"",""commentLines"":231},{""codeLines"":21,""blankLines"":3,""language"":""Diff"",""commentLines"":5},{""codeLines"":55428,""blankLines"":11355,""language"":""Python"",""commentLines"":8219}]",2026-10-02T04:07:35,e5c22977da46f9410c2e8f2aea54c45d84d29299,True,False,False,False,"{""Rust"":12112438,""Python"":2563185,""TypeScript"":1086514,""Go"":886205,""Jupyter Notebook"":387825,""Shell"":33405,""Starlark"":20422,""HCL"":17555,""JavaScript"":16299,""Dockerfile"":15154,""C++"":14021,""Makefile"":3955,""CSS"":2947,""PowerShell"":2455,""HTML"":466}",Local Chroma;approved;auth;awaiting-response;blocked;breaking change;bug;by-chroma;cleanup;clients;community;compactor;contributors;dependencies;deployment;discussion;distributed;do-not-merge;docker;documentation;duplicate;ef;enhancement;good first issue;hacktoberfest-accepted;help wanted;http;in-progress;index;installation trouble;invalid;javascript;master;needs-cip;p0;pending-close;planning;prioritized-bug;question;ready-to-merge;release;rust-frontend;scheduled;taz-sprint-1;taz-sprint-2;taz-sprint-3;taz-sprint-4;to-discuss;version-mismatch;wontfix,agents;ai;ai-agents;database;rust;rust-lang,0.0.2,First Release,Python
94533096,lancedb/lancedb,False,3083,367,516,1086,Rust,main,Apache License 2.0,https://lancedb.com/docs,57,11601,253,57317,2023-02-28T01:15:17,2026-10-04T05:06:33,2026-10-04T01:12:37,1523,520,2801,210,42889.0,245286.0,47064.0,"[{""codeLines"":1519,""blankLines"":0,""language"":""Jupyter Notebook"",""commentLines"":10238},{""codeLines"":1667,""blankLines"":0,""language"":""JSON"",""commentLines"":0},{""codeLines"":16,""blankLines"":5,""language"":""Dockerfile"",""commentLines"":6},{""codeLines"":58,""blankLines"":12,""language"":""PowerShell"",""commentLines"":14},{""codeLines"":3,""blankLines"":0,""language"":""DOS Batch"",""commentLines"":0},{""codeLines"":1278,""blankLines"":266,""language"":""Java"",""commentLines"":600},{""codeLines"":24,""blankLines"":0,""language"":""Text"",""commentLines"":0},{""codeLines"":3,""blankLines"":0,""language"":""Properties"",""commentLines"":16},{""codeLines"":60,""blankLines"":17,""language"":""make"",""commentLines"":19},{""codeLines"":65,""blankLines"":5,""language"":""Handlebars"",""commentLines"":0},{""codeLines"":12050,""blankLines"":2511,""language"":""YAML"",""commentLines"":473},{""codeLines"":12456,""blankLines"":6594,""language"":""Markdown"",""commentLines"":1},{""codeLines"":95,""blankLines"":15,""language"":""JavaScript"",""commentLines"":15},{""codeLines"":430,""blankLines"":26,""language"":""Maven"",""commentLines"":2},{""codeLines"":56,""blankLines"":0,""language"":""CSV"",""commentLines"":0},{""codeLines"":26,""blankLines"":0,""language"":""SVG"",""commentLines"":0},{""codeLines"":385,""blankLines"":110,""language"":""Bourne Shell"",""commentLines"":138},{""codeLines"":737,""blankLines"":72,""language"":""TOML"",""commentLines"":164},{""codeLines"":107551,""blankLines"":11732,""language"":""Rust"",""commentLines"":14016},{""codeLines"":50570,""blankLines"":12447,""language"":""Python"",""commentLines"":16275},{""codeLines"":114,""blankLines"":17,""language"":""CSS"",""commentLines"":16},{""codeLines"":37991,""blankLines"":6579,""language"":""HTML"",""commentLines"":0},{""codeLines"":16,""blankLines"":4,""language"":""XML"",""commentLines"":12},{""codeLines"":18116,""blankLines"":2477,""language"":""TypeScript"",""commentLines"":5059}]",2026-10-04T04:30:13,7f5933594f42eeeec1ce73a7ce8e0cd0113cbd82,True,False,False,False,"{""Rust"":4956895,""Python"":2800870,""HTML"":2552674,""TypeScript"":832232,""Java"":76896,""Shell"":18887,""JavaScript"":3819,""Makefile"":2908,""PowerShell"":2026,""Handlebars"":1855,""Dockerfile"":838,""Batchfile"":111}",K-approved;K-changes;K-decision;K-risk;aikido;breaking-change;bug;chore;ci;critical-fix;dependencies;documentation;dont-merge;duplicate;dx;enhancement;external-integration;follow-up-needed;good first issue;good-first-issue;help wanted;integrations;invalid;java;javascript;needs-design;performance;priority: high;python;question;rust;sprint-11-18;typescript;windows;wip;wontfix,approximate-nearest-neighbor-search;image-search;nearest-neighbor-search;recommender-system;search-engine;semantic-search;similarity-search;vector-database,v0.1,First Release,Jupyter Notebook
94541868,chakra-ui/panda,False,4331,40,1000,321,Rust,v2,MIT License,https://panda-css.com,12,6210,172,94348,2022-07-27T06:49:27,2026-10-04T11:37:07,2026-10-04T01:28:53,748,5,2466,5,46456.0,324617.0,45600.0,"[{""codeLines"":3,""blankLines"":0,""language"":""Text"",""commentLines"":0},{""codeLines"":607,""blankLines"":75,""language"":""Python"",""commentLines"":10},{""codeLines"":45,""blankLines"":3,""language"":""CSS"",""commentLines"":0},{""codeLines"":109,""blankLines"":1,""language"":""HTML"",""commentLines"":0},{""codeLines"":2031,""blankLines"":90,""language"":""SVG"",""commentLines"":67},{""codeLines"":624,""blankLines"":76,""language"":""TOML"",""commentLines"":7},{""codeLines"":128660,""blankLines"":12506,""language"":""Rust"",""commentLines"":8450},{""codeLines"":28,""blankLines"":3,""language"":""JSX"",""commentLines"":0},{""codeLines"":1613,""blankLines"":148,""language"":""Vuejs Component"",""commentLines"":6},{""codeLines"":2177,""blankLines"":136,""language"":""JavaScript"",""commentLines"":149},{""codeLines"":18,""blankLines"":3,""language"":""Svelte"",""commentLines"":0},{""codeLines"":35125,""blankLines"":7413,""language"":""YAML"",""commentLines"":18},{""codeLines"":47317,""blankLines"":14897,""language"":""Markdown"",""commentLines"":27},{""codeLines"":32,""blankLines"":8,""language"":""Bourne Shell"",""commentLines"":0},{""codeLines"":7,""blankLines"":1,""language"":""SQL"",""commentLines"":1},{""codeLines"":29,""blankLines"":4,""language"":""Prisma Schema"",""commentLines"":0},{""codeLines"":12758,""blankLines"":3,""language"":""JSON"",""commentLines"":0},{""codeLines"":206,""blankLines"":15,""language"":""Astro"",""commentLines"":1},{""codeLines"":9,""blankLines"":0,""language"":""XML"",""commentLines"":0},{""codeLines"":93219,""blankLines"":11074,""language"":""TypeScript"",""commentLines"":36864}]",2026-10-04T11:27:35,d941e4a41df3746d92a190968198ec4c88d6e4f2,False,False,False,False,"{""Rust"":4817415,""TypeScript"":3511705,""MDX"":982966,""JavaScript"":73971,""Vue"":54814,""Python"":21418,""Astro"":5042,""HTML"":3681,""CSS"":1980,""Shell"":775,""Svelte"":355}",bug;dependencies;documentation;duplicate;enhancement;good first issue;help wanted;invalid;javascript;question;typescript;wontfix;♻️ HMR;🎤 studio;🎮 examples;🥽 testing;🧬 codegen,atomic-css;compiler;css;css-in-js;design-system;design-tokens;engine;framework-agnostic;jit-compiler;postcss;styled-system;theming;typescript;utility-classes,@pandacss/astro@0.3.0,First Release,TypeScript
94551451,FalkorDB/FalkorDB,False,2421,567,83,468,Rust,main,Other,https://www.falkordb.com/,45,6215,65,139711,2023-07-20T10:47:51,2026-09-20T11:14:58,2026-09-20T07:12:13,1511,543,1217,172,70070.0,523208.0,104117.0,"[{""codeLines"":1040,""blankLines"":277,""language"":""make"",""commentLines"":288},{""codeLines"":18846,""blankLines"":2858,""language"":""TeX"",""commentLines"":1189},{""codeLines"":2317,""blankLines"":0,""language"":""CSV"",""commentLines"":0},{""codeLines"":559,""blankLines"":206,""language"":""ANTLR Grammar"",""commentLines"":40},{""codeLines"":171,""blankLines"":30,""language"":""TOML"",""commentLines"":77},{""codeLines"":284,""blankLines"":0,""language"":""SVG"",""commentLines"":43},{""codeLines"":168,""blankLines"":34,""language"":""Bourne Again Shell"",""commentLines"":2},{""codeLines"":36229,""blankLines"":9448,""language"":""MATLAB"",""commentLines"":13627},{""codeLines"":3,""blankLines"":0,""language"":""INI"",""commentLines"":0},{""codeLines"":141,""blankLines"":0,""language"":""Text"",""commentLines"":0},{""codeLines"":1562,""blankLines"":399,""language"":""HTML"",""commentLines"":832},{""codeLines"":74,""blankLines"":11,""language"":""Pascal"",""commentLines"":443},{""codeLines"":251252,""blankLines"":30244,""language"":""C/C++ Header"",""commentLines"":30358},{""codeLines"":85,""blankLines"":41,""language"":""Perl"",""commentLines"":30},{""codeLines"":361,""blankLines"":33,""language"":""Starlark"",""commentLines"":2},{""codeLines"":97045,""blankLines"":7035,""language"":""Rust"",""commentLines"":23885},{""codeLines"":548,""blankLines"":97,""language"":""Bourne Shell"",""commentLines"":406},{""codeLines"":6691,""blankLines"":952,""language"":""C++"",""commentLines"":1119},{""codeLines"":271,""blankLines"":102,""language"":""Snakemake"",""commentLines"":35},{""codeLines"":14,""blankLines"":5,""language"":""Bazel"",""commentLines"":0},{""codeLines"":2653,""blankLines"":606,""language"":""CMake"",""commentLines"":888},{""codeLines"":9,""blankLines"":1,""language"":""Diff"",""commentLines"":23},{""codeLines"":331,""blankLines"":87,""language"":""Assembly"",""commentLines"":158},{""codeLines"":173,""blankLines"":0,""language"":""JSON"",""commentLines"":0},{""codeLines"":95,""blankLines"":0,""language"":""Jupyter Notebook"",""commentLines"":172},{""codeLines"":536,""blankLines"":118,""language"":""Dockerfile"",""commentLines"":443},{""codeLines"":1197,""blankLines"":116,""language"":""M4"",""commentLines"":7},{""codeLines"":31,""blankLines"":1,""language"":""Awk"",""commentLines"":0},{""codeLines"":37308,""blankLines"":10834,""language"":""Python"",""commentLines"":16990},{""codeLines"":23971,""blankLines"":2077,""language"":""C"",""commentLines"":3639},{""codeLines"":29820,""blankLines"":2430,""language"":""Cucumber"",""commentLines"":6311},{""codeLines"":35,""blankLines"":0,""language"":""XSLT"",""commentLines"":0},{""codeLines"":3691,""blankLines"":340,""language"":""YAML"",""commentLines"":1094},{""codeLines"":1695,""blankLines"":504,""language"":""Markdown"",""commentLines"":0},{""codeLines"":4002,""blankLines"":1184,""language"":""Cuda"",""commentLines"":2016}]",2026-09-17T08:14:43,fdb462bdb3dead9c133b8df37ac12b2b71e48a86,True,False,False,False,"{""Rust"":4798091,""Python"":2724671,""Gherkin"":1484236,""C"":953154,""C++"":515192,""Shell"":49043,""Dockerfile"":30578,""ANTLR"":23610,""CMake"":14373,""Makefile"":5856}",1w;2025/02/16;2025/03/02;2025/03/16;2025/04/13;2d;2w;3d;4.16;4.18;4.19;4.20;4.21;4w;Manual Review Time 1+ hours;Manual Review Time 10-20 min;Manual Review Time 20-30 min;Manual Review Time 30-60 min;Manual Review Time 5-10 min;Priority/P3-Low;Review effort 1/5;Review effort 4/5;action:ok-to-test;action:run-benchmark;ai-triage;benchmark-cov;bug;c;c parity;category/bug;category/enhancement;category: crash;category: refactor;category: task;category: testing;chore;community;component/slowlog;component/telemetry;component: build;component: ci;component: tests;component:query-engine;critical;cve;cypher;dependencies;design-needs-feedback;developer-experience;docker;documentation;duplicate;enhancement;experimental;feature;feature-request;fix-soon;fixed-rust;github_actions;good first issue;help wanted;invalid;lgtm;medium;micro_benchmark;needs-human-triage;needs-info;new feature;no-issue-activity;no-pr-activity;p0;p1;p2;performance;priority/p1;priority/p2-medium;priority: p2;priority: p3;python;python:uv;question;redisearch;release;review effort [1-5]: 2;review effort [1-5]: 4;rust;security;size:l;size:m;size:s;size:xl;size:xs;size:xxl;small;submodules;verify-artifacts;wontfix;x:perf;🙋 bounty claim,cloud-database;database;database-as-a-service;developer-tools;devtools;graph-database;graphrag;knowledge-graph;realtime-database,v4.0.0-a1,First Release,C
94551910,vercel/turbo,False,7025,337,383,1774,Rust,main,MIT License,https://turbo.build,143,25769,419,731222,2021-10-05T05:37:11,2024-08-13T03:13:00,2024-08-13T08:25:14,1699,142,6061,61,32851.0,315640.0,15112.0,"[{""codeLines"":51,""blankLines"":0,""language"":""HTML"",""commentLines"":0},{""codeLines"":1578,""blankLines"":244,""language"":""CSS"",""commentLines"":16},{""codeLines"":101268,""blankLines"":40,""language"":""JSON"",""commentLines"":0},{""codeLines"":162,""blankLines"":39,""language"":""Dockerfile"",""commentLines"":47},{""codeLines"":50,""blankLines"":17,""language"":""Diff"",""commentLines"":97},{""codeLines"":68577,""blankLines"":9230,""language"":""Rust"",""commentLines"":9353},{""codeLines"":15,""blankLines"":3,""language"":""Prisma Schema"",""commentLines"":2},{""codeLines"":11246,""blankLines"":4349,""language"":""Markdown"",""commentLines"":8},{""codeLines"":21,""blankLines"":4,""language"":""Svelte"",""commentLines"":0},{""codeLines"":91636,""blankLines"":12840,""language"":""YAML"",""commentLines"":114},{""codeLines"":93,""blankLines"":32,""language"":""Protocol Buffers"",""commentLines"":24},{""codeLines"":5,""blankLines"":0,""language"":""Pug"",""commentLines"":0},{""codeLines"":490,""blankLines"":67,""language"":""Vuejs Component"",""commentLines"":11},{""codeLines"":14,""blankLines"":3,""language"":""C++"",""commentLines"":2},{""codeLines"":19,""blankLines"":5,""language"":""INI"",""commentLines"":0},{""codeLines"":10,""blankLines"":0,""language"":""Text"",""commentLines"":0},{""codeLines"":16,""blankLines"":5,""language"":""Pest"",""commentLines"":2},{""codeLines"":7097,""blankLines"":1614,""language"":""Go"",""commentLines"":418},{""codeLines"":22114,""blankLines"":2878,""language"":""TypeScript"",""commentLines"":2738},{""codeLines"":188,""blankLines"":0,""language"":""SVG"",""commentLines"":0},{""codeLines"":15,""blankLines"":0,""language"":""WebAssembly"",""commentLines"":0},{""codeLines"":466,""blankLines"":147,""language"":""Bourne Shell"",""commentLines"":86},{""codeLines"":9051,""blankLines"":1098,""language"":""JavaScript"",""commentLines"":2100},{""codeLines"":170,""blankLines"":38,""language"":""make"",""commentLines"":10},{""codeLines"":1,""blankLines"":0,""language"":""C/C++ Header"",""commentLines"":0},{""codeLines"":18,""blankLines"":5,""language"":""DOS Batch"",""commentLines"":0},{""codeLines"":28,""blankLines"":5,""language"":""JSX"",""commentLines"":0},{""codeLines"":1149,""blankLines"":164,""language"":""TOML"",""commentLines"":84},{""codeLines"":89,""blankLines"":23,""language"":""Handlebars"",""commentLines"":0},{""codeLines"":3,""blankLines"":1,""language"":""Properties"",""commentLines"":0}]",2024-08-12T09:04:25,9ed775d1f019b6e4ac799f3fe1bba91d4da8e6cc,False,False,False,False,"{""Rust"":2963226,""TypeScript"":654954,""Perl"":232852,""Cap'n Proto"":130036,""JavaScript"":59652,""Raku"":29726,""Shell"":20679,""Makefile"":8841,""CSS"":5286,""Dockerfile"":3292,""HTML"":2644,""Handlebars"":2178,""Batchfile"":942,""WebAssembly"":497,""C++"":396,""Go"":291,""MDX"":267,""Pug"":49,""C"":25}",RFC: Implementing;area: caching;area: ci;area: configuration;area: daemon;area: docs;area: ergonomics;area: examples;area: logging;area: performance;area: prune;area: site;area: vercel;area: windows;automated;breaking;ci approved;created-by: turbopack;created-by: turborepo;docs: next release;docs:showcase;experimental;global-hash-bump;good first issue;kind: bug;kodiak:disabled;linear;linear: turbo;linear: turbopack;monorepos;needs: author input;needs: champion;needs: investigation;needs: release;needs: reproduction;needs: team input;needs: triage;owned-by: turbopack;owned-by: turborepo;package: turbo-vsc;pkg: create-turbo;pkg: turbo-codemod;pkg: turbo-eslint;pkg: turbo-gen;pkg: turbo-ignore;pkg: turbo-repository;pkg: turbo-telemetry;pkg: turbo-workspaces;pr: automerge;pr: autoupdate;pr: chore;pr: fixship;pr: on hold;priority: 3;question;release: turborepo;rfc: accepted;rfc: closed;rfc: implemented;rfc: open;wontfix,build-system;build-tool;bundler;javascript;monorepo;turbopack;typescript;webpack,v0.8.5-next.1,First Release,Go
94551941,cube-js/cube,False,11487,540,1000,2145,Rust,master,Other,https://cube.dev,160,20957,371,512311,2018-09-16T06:58:46,2026-10-04T11:00:42,2026-10-04T02:50:18,2877,703,9210,489,171419.0,810468.0,39477.0,"[{""codeLines"":66,""blankLines"":1,""language"":""HTML"",""commentLines"":0},{""codeLines"":13770,""blankLines"":115,""language"":""JSON"",""commentLines"":0},{""codeLines"":666,""blankLines"":159,""language"":""Dockerfile"",""commentLines"":97},{""codeLines"":323819,""blankLines"":34375,""language"":""Rust"",""commentLines"":21168},{""codeLines"":11,""blankLines"":1,""language"":""Diff"",""commentLines"":7},{""codeLines"":76,""blankLines"":14,""language"":""CSS"",""commentLines"":1},{""codeLines"":270,""blankLines"":20,""language"":""GraphQL"",""commentLines"":0},{""codeLines"":72,""blankLines"":54,""language"":""Protocol Buffers"",""commentLines"":201},{""codeLines"":30745,""blankLines"":1517,""language"":""YAML"",""commentLines"":911},{""codeLines"":158061,""blankLines"":103201,""language"":""Markdown"",""commentLines"":18},{""codeLines"":629,""blankLines"":0,""language"":""CSV"",""commentLines"":0},{""codeLines"":1324,""blankLines"":114,""language"":""Vuejs Component"",""commentLines"":8},{""codeLines"":13,""blankLines"":3,""language"":""INI"",""commentLines"":0},{""codeLines"":16,""blankLines"":3,""language"":""Less"",""commentLines"":1},{""codeLines"":198611,""blankLines"":26533,""language"":""TypeScript"",""commentLines"":13888},{""codeLines"":412,""blankLines"":86,""language"":""SCSS"",""commentLines"":39},{""codeLines"":3524,""blankLines"":604,""language"":""Sass"",""commentLines"":68},{""codeLines"":436,""blankLines"":1,""language"":""SVG"",""commentLines"":2},{""codeLines"":32509,""blankLines"":300,""language"":""SQL"",""commentLines"":195},{""codeLines"":1400,""blankLines"":433,""language"":""Python"",""commentLines"":226},{""codeLines"":1138,""blankLines"":318,""language"":""Bourne Shell"",""commentLines"":162},{""codeLines"":64,""blankLines"":15,""language"":""Flatbuffers"",""commentLines"":8},{""codeLines"":276,""blankLines"":26,""language"":""Jinja Template"",""commentLines"":3},{""codeLines"":39147,""blankLines"":2924,""language"":""JavaScript"",""commentLines"":2215},{""codeLines"":23,""blankLines"":0,""language"":""XML"",""commentLines"":0},{""codeLines"":297,""blankLines"":254,""language"":""Handlebars"",""commentLines"":8},{""codeLines"":1120,""blankLines"":116,""language"":""ANTLR Grammar"",""commentLines"":137},{""codeLines"":15,""blankLines"":0,""language"":""Text"",""commentLines"":0},{""codeLines"":29,""blankLines"":7,""language"":""PowerShell"",""commentLines"":8},{""codeLines"":994,""blankLines"":119,""language"":""JSX"",""commentLines"":24},{""codeLines"":804,""blankLines"":98,""language"":""TOML"",""commentLines"":79},{""codeLines"":4,""blankLines"":0,""language"":""Properties"",""commentLines"":0},{""codeLines"":127,""blankLines"":8,""language"":""HCL"",""commentLines"":3}]",2026-10-04T11:00:40,b211bad6e45f615edeed7251269258ab76390d82,False,False,False,False,"{""Rust"":14082322,""TypeScript"":8148570,""MDX"":3493536,""JavaScript"":772637,""Python"":69937,""Dockerfile"":42816,""ANTLR"":33314,""Shell"":18395,""Jinja"":8148,""Handlebars"":6159,""HCL"":3496,""HTML"":3260,""CSS"":2288,""PowerShell"":1784,""Less"":608,""RenderScript"":1}",Roadmap: Q1 FY'26 (Feb-Apr 2025);Roadmap: Q2 FY'26 (May-Jul 2025);Roadmap: Q3 FY'25 (Aug-Oct 2024);Roadmap: Q3 FY'26 (Aug-Oct 2025);Roadmap: Q4 FY'25 (Nov 2024-Jan 2025);api:graphql;api:mdx;api:orchestration;api:rest;api:sql;backend:cli;backend:server;backend:serverless-aws;backend:serverless-gcp;bug;client:core;client:ngx;client:playground;client:react;client:vue;community supported;configuration;cube cloud;cube store;cubejs-jdbc-driver;data modeling;data modeling:access policies;data modeling:multi-stage;data modeling:python;data modeling:tesseract;data modeling:views;data modeling:yaml;data source driver;dependencies;docker;docs;documentation;driver:athena;driver:bigquery;driver:clickhouse;driver:crate;driver:databricks;driver:dremio;driver:druid;driver:duckdb;driver:elasticsearch;driver:firebolt;driver:hive;driver:materialize;driver:mongodb;driver:mssql;driver:mysql;driver:mysql-aurora-serverless;driver:oracle;driver:pinot;driver:postgres;driver:prestodb;driver:questdb;driver:redshift;driver:snowflake;driver:sqlite;driver:teradata;driver:trino;duplicate;enhancement;epic;examples;github_actions;good first issue;helm charts;help wanted;javascript;logged;pr:community;pre-aggregations;python;question;recipe;reviewed;roadmap: 2021 q1;roadmap: 2021 q2;roadmap: 2021 q3;roadmap: 2021 q4;roadmap: 2022 q1;roadmap: 2022 q2;roadmap: 2022 q3;roadmap: 2022 q4;roadmap: 2024 q1;rust;security;tool:datagrip;tool:dbbeaver;tool:domo;tool:excel;tool:metabase;tool:power-bi;tool:preset;tool:sisense;tool:tableau,agentic-analytics;agents;ai;analytics;bi;bigquery;business-intelligence;businessintelligence;conversational-analytics;cube;databricks;embedded-analytics;headless-bi;mysql;postgresql;rust;semantic-layer;snowflake;sql,v0.3.5-alpha.0,First Release,JavaScript
94553326,chase/awrit,False,130,10,4,46,Rust,electron,BSD 3-Clause New or Revised License,,13,1370,4,981,2023-05-06T03:51:19,2026-04-25T01:16:59,2026-04-26T07:41:57,78,13,136,8,2832.0,16828.0,3637.0,"[{""codeLines"":8002,""blankLines"":1236,""language"":""Rust"",""commentLines"":2610},{""codeLines"":103,""blankLines"":0,""language"":""SVG"",""commentLines"":0},{""codeLines"":130,""blankLines"":29,""language"":""TOML"",""commentLines"":13},{""codeLines"":639,""blankLines"":153,""language"":""C/C++ Header"",""commentLines"":273},{""codeLines"":21,""blankLines"":5,""language"":""Text"",""commentLines"":0},{""codeLines"":8,""blankLines"":1,""language"":""INI"",""commentLines"":0},{""codeLines"":74,""blankLines"":18,""language"":""Bourne Shell"",""commentLines"":5},{""codeLines"":723,""blankLines"":62,""language"":""JavaScript"",""commentLines"":75},{""codeLines"":160,""blankLines"":9,""language"":""YAML"",""commentLines"":4},{""codeLines"":982,""blankLines"":330,""language"":""Markdown"",""commentLines"":10},{""codeLines"":10,""blankLines"":2,""language"":""Diff"",""commentLines"":14},{""codeLines"":339,""blankLines"":96,""language"":""CMake"",""commentLines"":56},{""codeLines"":2336,""blankLines"":338,""language"":""C++"",""commentLines"":185},{""codeLines"":30,""blankLines"":10,""language"":""Objective-C++"",""commentLines"":8},{""codeLines"":2,""blankLines"":1,""language"":""CSS"",""commentLines"":0},{""codeLines"":232,""blankLines"":61,""language"":""Bourne Again Shell"",""commentLines"":16},{""codeLines"":22,""blankLines"":3,""language"":""HTML"",""commentLines"":0},{""codeLines"":12,""blankLines"":0,""language"":""XML"",""commentLines"":0},{""codeLines"":2711,""blankLines"":473,""language"":""TypeScript"",""commentLines"":368},{""codeLines"":292,""blankLines"":5,""language"":""JSON"",""commentLines"":0}]",2026-04-25T01:16:58,dae228e69451132958585f48a570d4463609f989,False,True,False,False,"{""Rust"":374092,""TypeScript"":96676,""C++"":72062,""JavaScript"":30932,""CMake"":15263,""Shell"":3694,""Objective-C++"":1165,""C"":708,""HTML"":288,""CSS"":58}",already implemented;bug;dependencies;documentation;duplicate;enhancement;feature;ghostty;glibc;good first issue;help wanted;invalid;javascript;linux;macos;more information required;question;requires upstream fix;rust;wezterm;wontfix,,v1.0.0,First Release,C++
94573969,openfootmanager/openfootmanager,False,2604,8,137,180,Rust,develop,GNU General Public License v3.0,https://openfootmanager.com/,24,1133,27,21921,2020-04-04T01:05:45,2026-10-03T03:28:43,2026-10-03T03:08:05,329,161,387,26,31013.0,314509.0,20602.0,"[{""codeLines"":3675,""blankLines"":415,""language"":""YAML"",""commentLines"":394},{""codeLines"":9461,""blankLines"":3258,""language"":""Markdown"",""commentLines"":13},{""codeLines"":57514,""blankLines"":2,""language"":""JSON"",""commentLines"":0},{""codeLines"":9,""blankLines"":4,""language"":""make"",""commentLines"":7},{""codeLines"":100269,""blankLines"":10404,""language"":""TypeScript"",""commentLines"":3980},{""codeLines"":351,""blankLines"":108,""language"":""Bourne Shell"",""commentLines"":229},{""codeLines"":13,""blankLines"":1,""language"":""HTML"",""commentLines"":0},{""codeLines"":7309,""blankLines"":1417,""language"":""Python"",""commentLines"":1267},{""codeLines"":121,""blankLines"":23,""language"":""CSS"",""commentLines"":11},{""codeLines"":344,""blankLines"":21,""language"":""SQL"",""commentLines"":18},{""codeLines"":694,""blankLines"":4,""language"":""SVG"",""commentLines"":4},{""codeLines"":133148,""blankLines"":15000,""language"":""Rust"",""commentLines"":14426},{""codeLines"":9,""blankLines"":0,""language"":""XML"",""commentLines"":0},{""codeLines"":1215,""blankLines"":248,""language"":""JavaScript"",""commentLines"":101},{""codeLines"":146,""blankLines"":57,""language"":""reStructuredText"",""commentLines"":0},{""codeLines"":26,""blankLines"":8,""language"":""DOS Batch"",""commentLines"":1},{""codeLines"":205,""blankLines"":43,""language"":""TOML"",""commentLines"":151}]",2026-10-03T03:07:59,c41200a436567f9dd40fe24248e6939fc37fbbec,True,False,False,False,"{""Rust"":5867789,""TypeScript"":3944504,""Python"":391586,""Shell"":31921,""JavaScript"":23258,""CSS"":4019,""HTML"":378}",area:engine;area:i18n;area:infra;area:saves;area:transfers;area:ui;area:world-editor;area:world-gen;bug;dependencies;documentation;duplicate;enhancement;epic;feedback;good first issue;help wanted;invalid;javascript;python;question;release-blocker;rust;session-report;tests-needed;wontfix,engine;football;football-manager;footballmanager;game;games;javascript;manager;markov;markov-chain;react;rust;simulation;simulation-engine;soccer;soccer-manager;soccermanager;tauri,v0.1.0,First Release,TypeScript
94575030,jehna/humanify,False,422,7,11,206,Rust,main,MIT License,,15,3255,10,852,2023-06-29T06:52:47,2026-07-29T07:56:28,2026-08-02T10:48:59,109,62,647,6,1069.0,13804.0,357.0,"[{""codeLines"":6840,""blankLines"":8,""language"":""JSON"",""commentLines"":0},{""codeLines"":1461,""blankLines"":174,""language"":""TypeScript"",""commentLines"":8},{""codeLines"":1,""blankLines"":0,""language"":""JavaScript"",""commentLines"":0},{""codeLines"":63,""blankLines"":16,""language"":""Python"",""commentLines"":16},{""codeLines"":300,""blankLines"":81,""language"":""YAML"",""commentLines"":2},{""codeLines"":25,""blankLines"":2,""language"":""TOML"",""commentLines"":0},{""codeLines"":4894,""blankLines"":700,""language"":""Rust"",""commentLines"":331},{""codeLines"":220,""blankLines"":88,""language"":""Markdown"",""commentLines"":0}]",2026-07-29T07:56:14,65b90bc4743b23317f13d01894776643dbde7fdb,False,False,False,False,"{""Rust"":182974,""TypeScript"":44645,""Python"":3071,""JavaScript"":850}",breaking-change;bug;dependencies;enhancement;javascript;test-anthropic;test-openai;test-openrouter;test-requesty;wontfix,,v2.1.0,First Release,TypeScript
94588585,janhq/jan,False,9105,109,104,3064,Rust,main,Other,https://jan.ai/,231,44783,160,1573763,2023-08-17T02:17:10,2026-10-02T06:37:34,2026-10-04T08:03:11,3869,408,4398,133,37243.0,316601.0,34622.0,"[{""codeLines"":545,""blankLines"":73,""language"":""C++"",""commentLines"":109},{""codeLines"":4,""blankLines"":3,""language"":""Diff"",""commentLines"":6},{""codeLines"":15712,""blankLines"":5908,""language"":""Markdown"",""commentLines"":22},{""codeLines"":5590,""blankLines"":692,""language"":""YAML"",""commentLines"":690},{""codeLines"":179,""blankLines"":16,""language"":""XML"",""commentLines"":2},{""codeLines"":27517,""blankLines"":9,""language"":""JSON"",""commentLines"":0},{""codeLines"":25,""blankLines"":12,""language"":""Dockerfile"",""commentLines"":12},{""codeLines"":973,""blankLines"":156,""language"":""TOML"",""commentLines"":158},{""codeLines"":1802,""blankLines"":281,""language"":""Swift"",""commentLines"":138},{""codeLines"":440,""blankLines"":0,""language"":""SVG"",""commentLines"":4},{""codeLines"":35,""blankLines"":9,""language"":""Text"",""commentLines"":0},{""codeLines"":733,""blankLines"":119,""language"":""CSS"",""commentLines"":37},{""codeLines"":293,""blankLines"":17,""language"":""HTML"",""commentLines"":0},{""codeLines"":19,""blankLines"":2,""language"":""INI"",""commentLines"":0},{""codeLines"":1186,""blankLines"":156,""language"":""JavaScript"",""commentLines"":133},{""codeLines"":1251,""blankLines"":248,""language"":""Bourne Shell"",""commentLines"":297},{""codeLines"":112699,""blankLines"":10810,""language"":""Rust"",""commentLines"":19601},{""codeLines"":376,""blankLines"":72,""language"":""PowerShell"",""commentLines"":60},{""codeLines"":7,""blankLines"":1,""language"":""Handlebars"",""commentLines"":0},{""codeLines"":46,""blankLines"":17,""language"":""C/C++ Header"",""commentLines"":43},{""codeLines"":374,""blankLines"":55,""language"":""make"",""commentLines"":175},{""codeLines"":145148,""blankLines"":18307,""language"":""TypeScript"",""commentLines"":12882},{""codeLines"":355,""blankLines"":33,""language"":""SCSS"",""commentLines"":9},{""codeLines"":35,""blankLines"":6,""language"":""DOS Batch"",""commentLines"":0},{""codeLines"":1257,""blankLines"":241,""language"":""Python"",""commentLines"":244}]",2026-10-02T06:37:31,14a720628f9592c8e60f7e081ef733076db8a6a9,True,False,False,False,"{""Rust"":7472384,""TypeScript"":5612644,""Python"":214312,""JavaScript"":161828,""Swift"":81976,""FreeMarker"":79109,""Shell"":63099,""SCSS"":34905,""Makefile"":30147,""C++"":28998,""PowerShell"":17829,""CSS"":15581,""HTML"":10069,""PLpgSQL"":7336,""C"":5502,""Batchfile"":3093,""NSIS"":1158,""Dockerfile"":1042}",await: CI;blocked: Out of scope;dependencies;feature;goal;help wanted;i18n;need: infra support;need: testing;needs: comms;needs: designs;needs: eng specs;needs: review;needs: rework;needs: specs;needs: tests;needs: user response;new feature;os: linux;os: mac;os: windows;platform: desktop;platform: mobile;platform: web;stale,chatgpt;gpt;llamacpp;llm;localai;open-source;self-hosted;tauri,v0.2.0,First Release,TypeScript
94601785,lakesoul-io/LakeSoul,False,1511,10,22,429,Rust,main,Apache License 2.0,https://lakesoul-io.github.io/,315,3255,25,49529,2021-12-28T08:53:11,2026-10-03T03:45:52,2026-10-03T03:46:01,169,18,803,1,33245.0,264276.0,29365.0,"[{""codeLines"":3508,""blankLines"":92,""language"":""Maven"",""commentLines"":70},{""codeLines"":380,""blankLines"":35,""language"":""JavaScript"",""commentLines"":59},{""codeLines"":182,""blankLines"":62,""language"":""Nix"",""commentLines"":47},{""codeLines"":69281,""blankLines"":7867,""language"":""Rust"",""commentLines"":8572},{""codeLines"":1015,""blankLines"":153,""language"":""Bourne Shell"",""commentLines"":105},{""codeLines"":9,""blankLines"":12,""language"":""Bourne Again Shell"",""commentLines"":85},{""codeLines"":342,""blankLines"":21,""language"":""CSS"",""commentLines"":49},{""codeLines"":193,""blankLines"":41,""language"":""ANTLR Grammar"",""commentLines"":25},{""codeLines"":56,""blankLines"":12,""language"":""TypeScript"",""commentLines"":0},{""codeLines"":1135,""blankLines"":97,""language"":""SQL"",""commentLines"":94},{""codeLines"":159,""blankLines"":19,""language"":""Jinja Template"",""commentLines"":0},{""codeLines"":11,""blankLines"":0,""language"":""Text"",""commentLines"":0},{""codeLines"":169,""blankLines"":82,""language"":""C/C++ Header"",""commentLines"":306},{""codeLines"":803,""blankLines"":114,""language"":""TOML"",""commentLines"":177},{""codeLines"":186,""blankLines"":46,""language"":""Properties"",""commentLines"":63},{""codeLines"":194,""blankLines"":8,""language"":""XML"",""commentLines"":33},{""codeLines"":47,""blankLines"":1,""language"":""SVG"",""commentLines"":0},{""codeLines"":103,""blankLines"":30,""language"":""Cython"",""commentLines"":14},{""codeLines"":16806,""blankLines"":3310,""language"":""Python"",""commentLines"":1544},{""codeLines"":17951,""blankLines"":0,""language"":""JSON"",""commentLines"":0},{""codeLines"":224,""blankLines"":50,""language"":""Dockerfile"",""commentLines"":19},{""codeLines"":84850,""blankLines"":10343,""language"":""Java"",""commentLines"":13697},{""codeLines"":397,""blankLines"":60,""language"":""C++"",""commentLines"":13},{""codeLines"":143,""blankLines"":17,""language"":""CMake"",""commentLines"":15},{""codeLines"":96,""blankLines"":18,""language"":""Protocol Buffers"",""commentLines"":72},{""codeLines"":3606,""blankLines"":134,""language"":""YAML"",""commentLines"":102},{""codeLines"":14898,""blankLines"":4743,""language"":""Markdown"",""commentLines"":246},{""codeLines"":47532,""blankLines"":5878,""language"":""Scala"",""commentLines"":3958}]",2026-10-03T03:45:52,a876c0bcd19d07498f93176635241112f6020363,True,False,False,False,"{""Rust"":5402899,""Java"":2631587,""Scala"":1839708,""Python"":1182594,""Shell"":92039,""MDX"":72637,""PLpgSQL"":33494,""Go"":28102,""C++"":20806,""JavaScript"":17562,""Dockerfile"":12696,""Just"":10985,""CSS"":7816,""CMake"":7815,""Nix"":6351,""ANTLR"":5792,""Cython"":5274,""Jinja"":4839,""TypeScript"":2208,""RenderScript"":2}",bug;dependencies;documentation;duplicate;enhancement;epic;flink;good first issue;help wanted;invalid;java;javascript;native-io;presto;python;question;release;rust;scala;spark;test;wontfix,arrow;daft;datafusion;flink;gluten;huggingface;lakehouse;postgresql;python;pytorch;ray;rust;spark;sql;streaming;vector-search;vectorized;velox,v2.0.0-spark-3.1.2,First Release,Scala
94608772,pkgxdev/pkgx,False,1324,6,235,1391,Rust,main,Apache License 2.0,https://pkgx.sh,79,9922,62,1992,2021-11-20T06:44:53,2026-09-28T06:26:53,2026-10-04T03:09:08,464,31,561,1,1630.0,8951.0,389.0,"[{""codeLines"":158,""blankLines"":3,""language"":""JSON"",""commentLines"":0},{""codeLines"":40,""blankLines"":9,""language"":""Dockerfile"",""commentLines"":11},{""codeLines"":3720,""blankLines"":581,""language"":""TypeScript"",""commentLines"":205},{""codeLines"":12,""blankLines"":2,""language"":""Slim"",""commentLines"":0},{""codeLines"":40,""blankLines"":9,""language"":""Python"",""commentLines"":8},{""codeLines"":169,""blankLines"":32,""language"":""Text"",""commentLines"":0},{""codeLines"":868,""blankLines"":122,""language"":""YAML"",""commentLines"":42},{""codeLines"":1013,""blankLines"":453,""language"":""Markdown"",""commentLines"":0},{""codeLines"":69,""blankLines"":8,""language"":""TOML"",""commentLines"":2},{""codeLines"":50,""blankLines"":15,""language"":""Bourne Shell"",""commentLines"":1},{""codeLines"":2812,""blankLines"":396,""language"":""Rust"",""commentLines"":120}]",2026-08-26T12:23:26,6de1d7e953b98061f69db95d4bd45a2a6ee5d7da,True,False,False,False,"{""TypeScript"":143369,""Rust"":101057,""Python"":1781,""Shell"":1608,""Slim"":653,""Ruby"":102}",bug;dependencies;enhancement;github_actions;good first issue;lgtm;rust;size:l;size:m;size:s;size:xl;size:xs;size:xxl;suggestion,environment-manager;package-manager;package-runner,v0.1.0,First Release,TypeScript
94609674,pionxzh/wakaru,False,2403,4,45,54,Rust,main,Apache License 2.0,https://wakarujs.com,4,1003,12,14903,2023-01-28T03:12:28,2026-10-02T07:11:08,2026-10-03T08:49:01,137,28,107,1,27965.0,394631.0,20578.0,"[{""codeLines"":21,""blankLines"":7,""language"":""Text"",""commentLines"":0},{""codeLines"":379,""blankLines"":61,""language"":""Python"",""commentLines"":32},{""codeLines"":1045,""blankLines"":133,""language"":""CSS"",""commentLines"":22},{""codeLines"":1043,""blankLines"":50,""language"":""HTML"",""commentLines"":17},{""codeLines"":2,""blankLines"":1,""language"":""DOS Batch"",""commentLines"":0},{""codeLines"":804,""blankLines"":78,""language"":""Vuejs Component"",""commentLines"":14},{""codeLines"":144,""blankLines"":17,""language"":""TOML"",""commentLines"":16},{""codeLines"":252994,""blankLines"":20894,""language"":""Rust"",""commentLines"":14620},{""codeLines"":174,""blankLines"":9,""language"":""SVG"",""commentLines"":4},{""codeLines"":7792,""blankLines"":1212,""language"":""YAML"",""commentLines"":17},{""codeLines"":44721,""blankLines"":2262,""language"":""JavaScript"",""commentLines"":5479},{""codeLines"":12578,""blankLines"":2782,""language"":""Markdown"",""commentLines"":15},{""codeLines"":316,""blankLines"":101,""language"":""Bourne Shell"",""commentLines"":81},{""codeLines"":552,""blankLines"":6,""language"":""Diff"",""commentLines"":221},{""codeLines"":68941,""blankLines"":5,""language"":""JSON"",""commentLines"":0},{""codeLines"":22,""blankLines"":7,""language"":""Dockerfile"",""commentLines"":0},{""codeLines"":9,""blankLines"":0,""language"":""XML"",""commentLines"":0},{""codeLines"":3094,""blankLines"":340,""language"":""TypeScript"",""commentLines"":40}]",2026-10-02T09:50:21,b2e4327addd1071821bedaf73ee63b6191690656,True,False,False,False,"{""Rust"":9323136,""JavaScript"":629234,""TypeScript"":106522,""MDX"":57045,""HTML"":51973,""Vue"":30654,""CSS"":25053,""Python"":18290,""Shell"":16753,""PowerShell"":2108,""Dockerfile"":567,""Batchfile"":79}",autorelease: pending;autorelease: tagged;bug;dependencies;discussion;documentation;duplicate;enhancement;good first issue;help wanted;internal;invalid;package-inventory;pending triage;performance;question;refactor;scope: cli;scope: playground;scope: unminify;scope: unpacker;scope:deobfuscator;security;upstream;wontfix,ast;babel;browserify;bun;bundler;cli;debundle;decompiler;esbuild;javascript;reverse-engineering;rust;swc;unbundle;unminify;unpack;webpack,unminify-v0.0.2,First Release,TypeScript
94616639,synctv-org/synctv,False,925,14,101,244,Rust,main,MIT License,https://docs.syncs.tv,6,2508,7,10530,2023-10-04T05:32:46,2026-09-28T03:10:59,2026-10-03T03:13:13,259,9,214,2,77301.0,791947.0,34183.0,"[{""codeLines"":652,""blankLines"":56,""language"":""Astro"",""commentLines"":3},{""codeLines"":98,""blankLines"":22,""language"":""Dockerfile"",""commentLines"":36},{""codeLines"":504,""blankLines"":44,""language"":""Handlebars"",""commentLines"":0},{""codeLines"":1979,""blankLines"":210,""language"":""SQL"",""commentLines"":8},{""codeLines"":26,""blankLines"":6,""language"":""HTML"",""commentLines"":0},{""codeLines"":570,""blankLines"":105,""language"":""CSS"",""commentLines"":0},{""codeLines"":71285,""blankLines"":0,""language"":""JSON"",""commentLines"":0},{""codeLines"":26926,""blankLines"":5881,""language"":""Go"",""commentLines"":412},{""codeLines"":73,""blankLines"":14,""language"":""TypeScript"",""commentLines"":0},{""codeLines"":119,""blankLines"":0,""language"":""XML"",""commentLines"":0},{""codeLines"":647344,""blankLines"":62061,""language"":""Rust"",""commentLines"":28904},{""codeLines"":2073,""blankLines"":251,""language"":""TOML"",""commentLines"":174},{""codeLines"":63,""blankLines"":0,""language"":""SVG"",""commentLines"":0},{""codeLines"":15608,""blankLines"":5257,""language"":""Markdown"",""commentLines"":2},{""codeLines"":17573,""blankLines"":2767,""language"":""Protocol Buffers"",""commentLines"":3722},{""codeLines"":1220,""blankLines"":132,""language"":""Bourne Shell"",""commentLines"":0},{""codeLines"":92,""blankLines"":28,""language"":""Text"",""commentLines"":0},{""codeLines"":4897,""blankLines"":355,""language"":""YAML"",""commentLines"":922},{""codeLines"":464,""blankLines"":35,""language"":""JavaScript"",""commentLines"":0},{""codeLines"":381,""blankLines"":77,""language"":""make"",""commentLines"":0}]",2026-09-28T03:09:08,ca91048b9da595e50642a61618b0eabfbc05e09b,False,False,False,False,"{""Rust"":25585641,""Go"":592740,""Shell"":65217,""Makefile"":23331,""Handlebars"":16981,""Go Template"":12546,""Dockerfile"":5839,""PLpgSQL"":2385,""HTML"":861}",bug;dependencies;documentation;duplicate;enhancement;github_actions;go;good first issue;help wanted;invalid;javascript;question;rust;wontfix,axum;ffmpeg;grpc;media;opaque;openapi;p2p;passkeys;postgresql;rtmp;rtsp;rust;tokio;tonic;totp;webauthn;webrtc,v0.1.1,First Release,Go
94620638,mofeng-git/One-KVM,False,336,4,42,273,Rust,main,GNU Affero General Public License v3.0,https://docs.one-kvm.cn,13,2568,12,47256,2023-11-25T10:52:53,2026-10-01T04:19:54,2026-10-03T10:05:15,268,5,47,3,20392.0,163696.0,11364.0,"[{""codeLines"":71,""blankLines"":21,""language"":""DOS Batch"",""commentLines"":2},{""codeLines"":68,""blankLines"":19,""language"":""PowerShell"",""commentLines"":0},{""codeLines"":10,""blankLines"":0,""language"":""Properties"",""commentLines"":0},{""codeLines"":2547,""blankLines"":282,""language"":""Python"",""commentLines"":305},{""codeLines"":1221,""blankLines"":94,""language"":""Go"",""commentLines"":1},{""codeLines"":10099,""blankLines"":1075,""language"":""TypeScript"",""commentLines"":206},{""codeLines"":459,""blankLines"":181,""language"":""PO File"",""commentLines"":190},{""codeLines"":2,""blankLines"":0,""language"":""SVG"",""commentLines"":0},{""codeLines"":92497,""blankLines"":11732,""language"":""Rust"",""commentLines"":5247},{""codeLines"":383,""blankLines"":90,""language"":""TOML"",""commentLines"":58},{""codeLines"":8278,""blankLines"":845,""language"":""C/C++ Header"",""commentLines"":2424},{""codeLines"":375,""blankLines"":66,""language"":""make"",""commentLines"":4},{""codeLines"":1102,""blankLines"":238,""language"":""Text"",""commentLines"":0},{""codeLines"":303,""blankLines"":37,""language"":""INI"",""commentLines"":3},{""codeLines"":11524,""blankLines"":1152,""language"":""JavaScript"",""commentLines"":1446},{""codeLines"":956,""blankLines"":153,""language"":""Bourne Shell"",""commentLines"":104},{""codeLines"":38,""blankLines"":4,""language"":""Snakemake"",""commentLines"":27},{""codeLines"":22,""blankLines"":2,""language"":""Diff"",""commentLines"":12},{""codeLines"":260,""blankLines"":56,""language"":""Mako"",""commentLines"":0},{""codeLines"":20382,""blankLines"":2106,""language"":""Vuejs Component"",""commentLines"":354},{""codeLines"":1191,""blankLines"":125,""language"":""Pug"",""commentLines"":24},{""codeLines"":970,""blankLines"":138,""language"":""Kotlin"",""commentLines"":0},{""codeLines"":46,""blankLines"":10,""language"":""CMake"",""commentLines"":5},{""codeLines"":4073,""blankLines"":467,""language"":""C++"",""commentLines"":148},{""codeLines"":13,""blankLines"":0,""language"":""HTML"",""commentLines"":0},{""codeLines"":444,""blankLines"":106,""language"":""Bourne Again Shell"",""commentLines"":292},{""codeLines"":530,""blankLines"":71,""language"":""Gradle"",""commentLines"":0},{""codeLines"":412,""blankLines"":42,""language"":""CSS"",""commentLines"":14},{""codeLines"":97,""blankLines"":1,""language"":""XML"",""commentLines"":0},{""codeLines"":1027,""blankLines"":74,""language"":""Dockerfile"",""commentLines"":143},{""codeLines"":173,""blankLines"":3,""language"":""JSON"",""commentLines"":0},{""codeLines"":1036,""blankLines"":257,""language"":""C"",""commentLines"":297},{""codeLines"":116,""blankLines"":0,""language"":""CSV"",""commentLines"":0},{""codeLines"":890,""blankLines"":126,""language"":""Protocol Buffers"",""commentLines"":56},{""codeLines"":1834,""blankLines"":771,""language"":""Markdown"",""commentLines"":0},{""codeLines"":17,""blankLines"":0,""language"":""sed"",""commentLines"":0},{""codeLines"":230,""blankLines"":48,""language"":""YAML"",""commentLines"":2}]",2026-10-01T03:22:59,b5d13ee16e099df4082e1da96a37db0888c57bb7,False,False,False,False,"{""Rust"":3678220,""Vue"":816408,""JavaScript"":507963,""C"":460921,""TypeScript"":358888,""C++"":163477,""Python"":133980,""Roff"":52390,""Pug"":48531,""Kotlin"":41004,""Shell"":37855,""Go"":33456,""CSS"":16566,""Makefile"":16401,""Mako"":11516,""Dockerfile"":7725,""PowerShell"":2857,""CMake"":1480,""sed"":1053,""Go Template"":841,""HTML"":353,""Smarty"":104}",bug;不可用;文档;无计划;最佳实践;特性;设备适配;重复;问题;需要帮助,,v0.5,First Release,Python
94658057,HG-ha/ICP_Query,False,62,1,17,165,Rust,main,,,7,1045,1,91276,2023-09-08T09:09:19,2026-08-29T03:43:32,2026-09-01T04:15:47,46,25,1,1,1538.0,10206.0,1294.0,"[{""codeLines"":3853,""blankLines"":403,""language"":""Rust"",""commentLines"":674},{""codeLines"":251,""blankLines"":28,""language"":""YAML"",""commentLines"":2},{""codeLines"":296,""blankLines"":85,""language"":""Markdown"",""commentLines"":0},{""codeLines"":9,""blankLines"":5,""language"":""Dockerfile"",""commentLines"":2},{""codeLines"":1,""blankLines"":0,""language"":""JavaScript"",""commentLines"":6},{""codeLines"":2839,""blankLines"":375,""language"":""HTML"",""commentLines"":31},{""codeLines"":9,""blankLines"":0,""language"":""Text"",""commentLines"":0},{""codeLines"":2851,""blankLines"":639,""language"":""Python"",""commentLines"":570},{""codeLines"":2,""blankLines"":0,""language"":""CSS"",""commentLines"":9},{""codeLines"":95,""blankLines"":3,""language"":""TOML"",""commentLines"":0}]",2026-08-29T03:43:26,c68e427b34c6cdfa40de29b0ba1dcf973cd2e1ca,True,False,False,False,"{""Rust"":162505,""Python"":155770,""HTML"":146683,""Dockerfile"":318}",bug;documentation;duplicate;enhancement;good first issue;help wanted;invalid;question;wontfix,domain;icp,v0.1-icpApi,First Release,Python
94659956,amtoaer/bili-sync,False,433,6,44,240,Rust,main,MIT License,https://bili-sync.amto.cc,9,2606,13,54131,2023-11-20T05:39:37,2026-09-10T04:48:30,2026-09-20T02:13:00,467,16,281,0,2269.0,30071.0,576.0,"[{""codeLines"":47,""blankLines"":10,""language"":""Python"",""commentLines"":15},{""codeLines"":136,""blankLines"":9,""language"":""CSS"",""commentLines"":0},{""codeLines"":29,""blankLines"":0,""language"":""HTML"",""commentLines"":0},{""codeLines"":1,""blankLines"":0,""language"":""SVG"",""commentLines"":0},{""codeLines"":206,""blankLines"":12,""language"":""TOML"",""commentLines"":0},{""codeLines"":11696,""blankLines"":958,""language"":""Rust"",""commentLines"":417},{""codeLines"":5308,""blankLines"":0,""language"":""JSON"",""commentLines"":0},{""codeLines"":26,""blankLines"":12,""language"":""Dockerfile"",""commentLines"":0},{""codeLines"":1842,""blankLines"":235,""language"":""TypeScript"",""commentLines"":82},{""codeLines"":5,""blankLines"":0,""language"":""make"",""commentLines"":0},{""codeLines"":292,""blankLines"":17,""language"":""YAML"",""commentLines"":1},{""codeLines"":435,""blankLines"":238,""language"":""Markdown"",""commentLines"":0},{""codeLines"":58,""blankLines"":4,""language"":""JavaScript"",""commentLines"":0},{""codeLines"":9990,""blankLines"":774,""language"":""Svelte"",""commentLines"":61}]",2026-09-10T04:48:30,c900777e78796653fdfb00421879b6a802d1eedd,True,False,False,False,"{""Rust"":452584,""Svelte"":328623,""TypeScript"":51909,""CSS"":4770,""Python"":2475,""JavaScript"":1544,""HTML"":910,""Dockerfile"":820,""Just"":780,""Makefile"":141}",bug;documentation;duplicate;enhancement;good first issue;help wanted;invalid;question;wontfix,bilibili;bilibili-api;bilibili-download;emby;jellyfin;nas,1.1.0,First Release,Python
94663455,cunarist/rinf,False,2788,8,86,114,Rust,main,MIT License,,18,2785,35,24777,2023-02-15T02:47:18,2026-09-03T07:43:18,2026-09-18T03:20:39,244,28,318,9,2755.0,17725.0,1357.0,"[{""codeLines"":90,""blankLines"":41,""language"":""Bourne Shell"",""commentLines"":26},{""codeLines"":142,""blankLines"":16,""language"":""JavaScript"",""commentLines"":8},{""codeLines"":119,""blankLines"":55,""language"":""C/C++ Header"",""commentLines"":75},{""codeLines"":8,""blankLines"":0,""language"":""Properties"",""commentLines"":0},{""codeLines"":127,""blankLines"":18,""language"":""ArkTs"",""commentLines"":13},{""codeLines"":53,""blankLines"":15,""language"":""Swift"",""commentLines"":7},{""codeLines"":3216,""blankLines"":399,""language"":""Rust"",""commentLines"":434},{""codeLines"":157,""blankLines"":26,""language"":""TypeScript"",""commentLines"":1},{""codeLines"":2956,""blankLines"":450,""language"":""Dart"",""commentLines"":205},{""codeLines"":11,""blankLines"":2,""language"":""C"",""commentLines"":13},{""codeLines"":158,""blankLines"":37,""language"":""Python"",""commentLines"":35},{""codeLines"":27,""blankLines"":6,""language"":""PowerShell"",""commentLines"":1},{""codeLines"":211,""blankLines"":6,""language"":""JSON5"",""commentLines"":5},{""codeLines"":151,""blankLines"":23,""language"":""TOML"",""commentLines"":13},{""codeLines"":66,""blankLines"":17,""language"":""DOS Batch"",""commentLines"":8},{""codeLines"":52,""blankLines"":6,""language"":""Ruby"",""commentLines"":26},{""codeLines"":34,""blankLines"":15,""language"":""Containerfile"",""commentLines"":19},{""codeLines"":2164,""blankLines"":1101,""language"":""Markdown"",""commentLines"":0},{""codeLines"":53,""blankLines"":12,""language"":""Protocol Buffers"",""commentLines"":10},{""codeLines"":841,""blankLines"":5,""language"":""XML"",""commentLines"":47},{""codeLines"":265,""blankLines"":65,""language"":""Gradle"",""commentLines"":10},{""codeLines"":1,""blankLines"":0,""language"":""SVG"",""commentLines"":0},{""codeLines"":714,""blankLines"":132,""language"":""YAML"",""commentLines"":116},{""codeLines"":4824,""blankLines"":8,""language"":""JSON"",""commentLines"":0},{""codeLines"":11,""blankLines"":2,""language"":""CSS"",""commentLines"":0},{""codeLines"":108,""blankLines"":10,""language"":""HTML"",""commentLines"":12},{""codeLines"":3,""blankLines"":2,""language"":""Kotlin"",""commentLines"":0},{""codeLines"":470,""blankLines"":113,""language"":""CMake"",""commentLines"":151},{""codeLines"":437,""blankLines"":122,""language"":""C++"",""commentLines"":66},{""codeLines"":69,""blankLines"":23,""language"":""Windows Resource File"",""commentLines"":29},{""codeLines"":61,""blankLines"":28,""language"":""Dockerfile"",""commentLines"":27},{""codeLines"":126,""blankLines"":0,""language"":""GLSL"",""commentLines"":0}]",2026-08-15T09:47:10,b995c99e60c31d32f16cd914d90395c4494a2771,False,False,False,False,"{""Rust"":115167,""Dart"":105580,""CMake"":28928,""C++"":24100,""Ruby"":6460,""TypeScript"":6293,""Python"":5525,""Shell"":4387,""C"":3508,""Batchfile"":2441,""Swift"":1812,""HTML"":1220,""PowerShell"":925,""Kotlin"":125,""Objective-C"":38}",bug;dependencies;enhancement;github_actions;good first issue;invalid;rust,android;app;cross-platform;dart;ffi;flutter;gui;ios;linux;macos;production-ready;restful-api;rust;web;windows,v4.12.5,First Release,C
94665430,weggli-rs/weggli,False,67,1,3,130,Rust,main,Apache License 2.0,,33,2299,8,2260,2021-09-30T04:06:12,2024-07-12T04:50:14,2024-07-13T12:54:15,65,37,29,7,1714.0,431340.0,2058.0,"[{""codeLines"":62,""blankLines"":15,""language"":""TOML"",""commentLines"":1},{""codeLines"":2923,""blankLines"":607,""language"":""Rust"",""commentLines"":415},{""codeLines"":417176,""blankLines"":890,""language"":""C"",""commentLines"":1600},{""codeLines"":94,""blankLines"":20,""language"":""C++"",""commentLines"":5},{""codeLines"":218,""blankLines"":84,""language"":""Markdown"",""commentLines"":0},{""codeLines"":10421,""blankLines"":0,""language"":""JSON"",""commentLines"":0},{""codeLines"":193,""blankLines"":47,""language"":""Python"",""commentLines"":20},{""codeLines"":4,""blankLines"":0,""language"":""Text"",""commentLines"":0},{""codeLines"":37,""blankLines"":10,""language"":""YAML"",""commentLines"":0},{""codeLines"":184,""blankLines"":33,""language"":""C/C++ Header"",""commentLines"":6},{""codeLines"":13,""blankLines"":1,""language"":""Diff"",""commentLines"":11},{""codeLines"":15,""blankLines"":7,""language"":""JavaScript"",""commentLines"":0}]",2024-01-16T02:12:00,bb45066004d281268b5408655df4978b7d921acd,True,False,False,False,"{""Rust"":121079,""Python"":7887}",bug;documentation;duplicate;enhancement;good first issue;help wanted;invalid;question;wontfix,,v0.2.2,First Release,C
94666988,SeaQL/FireDBG.for.Rust,False,116,7,19,30,Rust,main,MIT License,https://firedbg.sea-ql.org,10,1354,8,573,2023-10-30T10:59:51,2025-04-03T09:29:33,2025-04-04T07:55:39,5,4,11,2,5916.0,37663.0,5211.0,"[{""codeLines"":528,""blankLines"":0,""language"":""JavaScript"",""commentLines"":0},{""codeLines"":280,""blankLines"":47,""language"":""Bourne Shell"",""commentLines"":6},{""codeLines"":691,""blankLines"":304,""language"":""Markdown"",""commentLines"":0},{""codeLines"":87,""blankLines"":40,""language"":""Dockerfile"",""commentLines"":165},{""codeLines"":7605,""blankLines"":3169,""language"":""C/C++ Header"",""commentLines"":2586},{""codeLines"":11,""blankLines"":0,""language"":""YAML"",""commentLines"":0},{""codeLines"":16,""blankLines"":0,""language"":""JSON"",""commentLines"":0},{""codeLines"":49,""blankLines"":0,""language"":""R"",""commentLines"":0},{""codeLines"":261,""blankLines"":27,""language"":""TOML"",""commentLines"":10},{""codeLines"":28096,""blankLines"":2329,""language"":""Rust"",""commentLines"":2444},{""codeLines"":39,""blankLines"":0,""language"":""Assembly"",""commentLines"":0}]",2025-04-03T09:29:33,1ccc645e3cf40703091ab165853cfa4ec81dd988,False,False,False,False,"{""Rust"":1113160,""C++"":362872,""C"":51249,""JavaScript"":19538,""Shell"":9210,""Assembly"":2160,""R"":1518}",bug;documentation;duplicate;enhancement;good first issue;help wanted;invalid;question;wontfix,debugger;lldb-debugger;rust;time-travel-debugger,1.74.0,First Release,Shell
94667009,ogxd/gxhash,False,177,18,0,40,Rust,main,MIT License,https://docs.rs/gxhash,8,1031,11,12992,2023-09-12T08:05:01,2026-09-28T07:59:44,2026-09-27T12:23:43,58,17,70,1,710.0,3444.0,356.0,"[{""codeLines"":188,""blankLines"":51,""language"":""YAML"",""commentLines"":4},{""codeLines"":654,""blankLines"":168,""language"":""TeX"",""commentLines"":14},{""codeLines"":113,""blankLines"":45,""language"":""Markdown"",""commentLines"":0},{""codeLines"":76,""blankLines"":13,""language"":""TOML"",""commentLines"":3},{""codeLines"":503,""blankLines"":0,""language"":""SVG"",""commentLines"":0},{""codeLines"":1910,""blankLines"":433,""language"":""Rust"",""commentLines"":335}]",2026-09-26T08:27:59,5e00a497289d1c2f0ae07e5f956654c77f1cfc09,False,False,False,False,"{""Rust"":93484,""TeX"":1834}",bench 📈;bug;compatibility;documentation;duplicate;performance 🚀;question;security 🔒;wontfix,cryptography;hash;hashing;hashmap;ilp;no-std;performance;simd,e8f3d6e1498472fe5b62262aa41ddcc2fac55fcd,10% Commit (17/177),TeX
94667262,zino-rs/zino,False,821,1,8,87,Rust,main,MIT License,https://deepwiki.com/zino-rs/zino,16,1154,13,8109,2022-12-29T03:09:41,2026-10-04T09:16:53,2026-10-04T09:58:23,76,8,92,0,4842.0,41117.0,6583.0,"[{""codeLines"":742,""blankLines"":228,""language"":""Markdown"",""commentLines"":0},{""codeLines"":137,""blankLines"":0,""language"":""HTML"",""commentLines"":0},{""codeLines"":6,""blankLines"":3,""language"":""Text"",""commentLines"":0},{""codeLines"":160,""blankLines"":313,""language"":""CSS"",""commentLines"":2557},{""codeLines"":4,""blankLines"":2,""language"":""Freemarker Template"",""commentLines"":0},{""codeLines"":93,""blankLines"":16,""language"":""YAML"",""commentLines"":13},{""codeLines"":118,""blankLines"":0,""language"":""JSON"",""commentLines"":0},{""codeLines"":1,""blankLines"":0,""language"":""JavaScript"",""commentLines"":0},{""codeLines"":37621,""blankLines"":3905,""language"":""Rust"",""commentLines"":4002},{""codeLines"":14,""blankLines"":0,""language"":""CSV"",""commentLines"":0},{""codeLines"":2221,""blankLines"":375,""language"":""TOML"",""commentLines"":11}]",2026-10-04T09:16:46,27831ff3e1ce890c1e1db83b271988ccf75c64ea,True,False,False,False,"{""Rust"":1276435,""HTML"":11805,""JavaScript"":8338,""CSS"":3159}",bonus;bug;dependencies;documentation;duplicate;enhancement;good first issue;help wanted;invalid;question;wontfix,asynchronous;http;orm;rust;web,0.36.0,First Release,JavaScript
94667433,paradedb/paradedb,False,3684,70,255,471,Rust,main,GNU Affero General Public License v3.0,https://paradedb.com,48,9344,140,92041,2023-06-30T08:21:47,2026-10-04T10:41:58,2026-10-04T07:29:57,1428,182,5090,52,37444.0,259789.0,45637.0,"[{""codeLines"":521,""blankLines"":101,""language"":""Dockerfile"",""commentLines"":266},{""codeLines"":54646,""blankLines"":11217,""language"":""SQL"",""commentLines"":14105},{""codeLines"":40,""blankLines"":15,""language"":""Ruby"",""commentLines"":1},{""codeLines"":1706,""blankLines"":0,""language"":""JSON"",""commentLines"":0},{""codeLines"":44,""blankLines"":6,""language"":""TypeScript"",""commentLines"":0},{""codeLines"":437,""blankLines"":5,""language"":""JSX"",""commentLines"":0},{""codeLines"":33,""blankLines"":11,""language"":""make"",""commentLines"":8},{""codeLines"":8,""blankLines"":0,""language"":""Text"",""commentLines"":0},{""codeLines"":28271,""blankLines"":1192,""language"":""YAML"",""commentLines"":1090},{""codeLines"":18413,""blankLines"":5099,""language"":""Markdown"",""commentLines"":0},{""codeLines"":251,""blankLines"":61,""language"":""C/C++ Header"",""commentLines"":30},{""codeLines"":2191,""blankLines"":238,""language"":""TOML"",""commentLines"":104},{""codeLines"":184,""blankLines"":33,""language"":""Nix"",""commentLines"":62},{""codeLines"":229,""blankLines"":34,""language"":""JavaScript"",""commentLines"":8},{""codeLines"":1047,""blankLines"":278,""language"":""Bourne Shell"",""commentLines"":314},{""codeLines"":68,""blankLines"":0,""language"":""SVG"",""commentLines"":0},{""codeLines"":77,""blankLines"":12,""language"":""C#"",""commentLines"":2},{""codeLines"":146655,""blankLines"":17972,""language"":""Rust"",""commentLines"":28725},{""codeLines"":3179,""blankLines"":762,""language"":""C"",""commentLines"":740},{""codeLines"":1370,""blankLines"":336,""language"":""Python"",""commentLines"":181},{""codeLines"":419,""blankLines"":72,""language"":""CSS"",""commentLines"":1}]",2026-10-04T07:29:51,144e89c910eaaa0b3d198d45288e04452abe99b2,False,False,False,False,"{""Rust"":7767742,""PLpgSQL"":1286089,""C"":123031,""Shell"":40595,""Dockerfile"":11115,""Nix"":9030,""Python"":2473,""Makefile"":2039}",analytics;antithesis;antithesis-proptests;antithesis-stressgres;automated-cherry-pick;benchmark-benchmarker;benchmark-benchmarker-hn;benchmark-benchmarker-stackexchange;benchmark-cohere-hnsw;benchmark-cohere-ivfflat;benchmark-cohere-pg_search;benchmark-cohere-pgvectorscale;benchmark-cohere-updates-hnsw;benchmark-cohere-updates-ivfflat;benchmark-cohere-vchord;benchmark-stackoverflow;benchmark-stressgres;benchmarks;bug;cherry-pick/0.24.x;cherry-pick/0.25.x;cherry-pick/0.26.x;ci/tests;dependencies;do not cherry pick;docker;documentation;feature;github_actions;good first issue;help wanted;joins;mpp;performance;priority-high;priority-low;priority-medium;question;refactor;superkmeans;tantivy;user-request;vectors;💣 breaking change,aggregations;analytics;bm25;columnar-storage;distributed-search;full-text-search;htap;hybrid-search;mpp;olap;postgresql;postgresql-extension;real-time-analytics;rust;search-engine;semantic-search;similarity-search;sparse-vector;vector-database;vector-search,v0.0.0,First Release,Python
94667508,sebadob/rauthy,False,3259,3,80,140,Rust,main,Apache License 2.0,https://sebadob.github.io/rauthy/,8,1360,59,487075,2023-07-01T05:53:39,2026-10-03T12:11:54,2026-10-04T11:41:34,372,20,1308,5,19910.0,166316.0,10078.0,"[{""codeLines"":1185,""blankLines"":366,""language"":""TOML"",""commentLines"":2500},{""codeLines"":72440,""blankLines"":8416,""language"":""Rust"",""commentLines"":5887},{""codeLines"":3227,""blankLines"":5,""language"":""SVG"",""commentLines"":6},{""codeLines"":2069,""blankLines"":354,""language"":""CSS"",""commentLines"":169},{""codeLines"":284,""blankLines"":74,""language"":""Text"",""commentLines"":0},{""codeLines"":25131,""blankLines"":2531,""language"":""HTML"",""commentLines"":670},{""codeLines"":130,""blankLines"":0,""language"":""XML"",""commentLines"":0},{""codeLines"":11748,""blankLines"":474,""language"":""TypeScript"",""commentLines"":578},{""codeLines"":3271,""blankLines"":0,""language"":""JSON"",""commentLines"":0},{""codeLines"":28,""blankLines"":10,""language"":""Dockerfile"",""commentLines"":3},{""codeLines"":1893,""blankLines"":245,""language"":""SQL"",""commentLines"":11},{""codeLines"":76,""blankLines"":22,""language"":""Bourne Shell"",""commentLines"":15},{""codeLines"":1707,""blankLines"":167,""language"":""JavaScript"",""commentLines"":171},{""codeLines"":65,""blankLines"":5,""language"":""INI"",""commentLines"":0},{""codeLines"":27261,""blankLines"":3710,""language"":""Svelte"",""commentLines"":64},{""codeLines"":50,""blankLines"":6,""language"":""YAML"",""commentLines"":4},{""codeLines"":15751,""blankLines"":3525,""language"":""Markdown"",""commentLines"":0}]",2026-10-03T12:11:24,0fd933c66d1c2c737e8a4dda656c740b2a3e620c,False,False,False,False,"{""Rust"":3135856,""Svelte"":909067,""TypeScript"":634717,""JavaScript"":30954,""CSS"":23583,""Just"":20054,""HTML"":7690,""Shell"":3734,""Dockerfile"":1535}",breaking change;bug;dependencies;documentation;duplicate;enhancement;future;good first issue;help wanted;invalid;javascript;needs reproduction;question;rust;waiting for feedback;wontfix,authentication;fido2;jwt;keycloak;mfa;oidc;oidc-provider;openid-connect;pam;passkey;rust;scim;server;single-sign-on;sso;webauthn,v0.12.0,First Release,JavaScript
94667644,stacks-network/stacks-core,False,33796,95,205,767,Rust,main,GNU General Public License v3.0,https://docs.stacks.co,176,3062,143,175522,2014-09-23T02:40:43,2026-10-02T07:20:15,2026-10-02T07:20:21,3488,632,4053,56,76402.0,1011929.0,77570.0,"[{""codeLines"":26,""blankLines"":7,""language"":""XML"",""commentLines"":0},{""codeLines"":3205,""blankLines"":589,""language"":""Bourne Shell"",""commentLines"":1144},{""codeLines"":152,""blankLines"":24,""language"":""JavaScript"",""commentLines"":42},{""codeLines"":10637,""blankLines"":786,""language"":""YAML"",""commentLines"":1223},{""codeLines"":6790,""blankLines"":2249,""language"":""Markdown"",""commentLines"":6},{""codeLines"":233,""blankLines"":30,""language"":""Nix"",""commentLines"":18},{""codeLines"":548123,""blankLines"":68579,""language"":""Rust"",""commentLines"":69221},{""codeLines"":217,""blankLines"":112,""language"":""Python"",""commentLines"":219},{""codeLines"":45850,""blankLines"":3463,""language"":""TypeScript"",""commentLines"":4561},{""codeLines"":62,""blankLines"":16,""language"":""Bourne Again Shell"",""commentLines"":36},{""codeLines"":11697,""blankLines"":7,""language"":""JSON"",""commentLines"":0},{""codeLines"":178,""blankLines"":53,""language"":""Dockerfile"",""commentLines"":25},{""codeLines"":1598,""blankLines"":486,""language"":""TOML"",""commentLines"":1075},{""codeLines"":383161,""blankLines"":1,""language"":""Text"",""commentLines"":0}]",2026-10-02T06:54:37,b273efad108a7001cffa234053a1b2cf0cedf385,True,False,False,False,"{""Rust"":25966954,""TypeScript"":1705427,""Clarity"":658086,""Shell"":103978,""Python"":17440,""Nix"":8794,""Dockerfile"":4916,""JavaScript"":3853,""Mustache"":1920,""Roff"":730,""RenderScript"":1}",2.05.0.3.0;2.05.0.5.0;2.1-rc4;2.5;2.5-mainnet-readiness;2.5-signer-binary;2.5.+signer-binary;3.0;3.0-Hardfork-Bugs;3.0-Miner;3.0-New;3.0-Signer;3.0-Testing;3.0-must;3.0.x;3.1;4.0.2-blocker;4.1.0-blocker;Beta Testnet;PoX-5;SIP-029;aac;aac-api-breaking;aac-testing;argon3.0;benchmarking;block-proposal;block-validation;bns;bug;chore;ci;clarity;clarity-4;clarity-5;clarity-behavior-change;clarity-cost;clarity-documentation;clarity-naming;clarity-need-refinement;clarity-new-builtin;clarity-new-type;clarity-next-candidate;clarity-next-stretch;clarity-non-backwards-compatible;clarity-syntax-change;clarity-type-checker;clarity-wasm;consensus-critical;controlled-testnet;dkg;documentation;enhancement;epoch-2.5;event-stream;feature;flaky;frozen;genesis-sync;good first issue;help wanted;icebox;l1 working group;lint;locked;mempool;microblocks;miner-heuristics;mining;mock-signing;multi-miner-bug;mutation-testing;nakamoto;needs-data;neon3.0;next-cost;next-hardfork;no changelog;optimization;performance-optimizations;pox;pox-2-disable;pox-3;pox-4;profiling;question;refactoring;regtest;release 2.0.11.1.0;release 2.0.11.2.0;release 2.05.0.1.0;release 2.05.0.2.0;release-blocking;release-overview;release-task;sbtc;sbtc-devnet;security;ship future;ship next;ship now;signer;signer agreement;signer-bug;sip-021-fork-rules;sip-031;size: 🐘 xl (> 4 weeks);size: 🐨 s (< 1 week);size: 🐭 xs (< 1 day);size: 🐮 l (2-4 weeks);size: 🐶 m (1-2 weeks);size: 🦖 xxl (~ 1 quarter);stacker-db;stacks-2.1;stale;state-machine;stateful-testing;static-analysis;strategy;tenure-extend;testing;testnet;trail-of-bits;type-checker;unlock;wontfix;xenon,bitcoin;crypto;decentralized;layer2;stacks,v0.17.0,First Release,Python
94667652,erebe/wstunnel,False,914,4,109,574,Rust,main,BSD 3-Clause New or Revised License,https://wstunnel.erebe.dev,56,7081,31,22550,2016-05-14T11:58:43,2026-09-27T06:51:52,2026-10-04T12:52:40,430,22,91,7,1743.0,11739.0,895.0,"[{""codeLines"":186,""blankLines"":29,""language"":""TOML"",""commentLines"":16},{""codeLines"":9912,""blankLines"":1268,""language"":""Rust"",""commentLines"":706},{""codeLines"":2,""blankLines"":0,""language"":""Text"",""commentLines"":0},{""codeLines"":366,""blankLines"":54,""language"":""Bourne Shell"",""commentLines"":104},{""codeLines"":2,""blankLines"":1,""language"":""Go"",""commentLines"":0},{""codeLines"":332,""blankLines"":54,""language"":""YAML"",""commentLines"":58},{""codeLines"":907,""blankLines"":317,""language"":""Markdown"",""commentLines"":0},{""codeLines"":32,""blankLines"":20,""language"":""Dockerfile"",""commentLines"":11}]",2026-09-27T06:51:45,1e5e2a677215bd174147bc2dde654a3954fd4fe1,True,False,False,False,"{""Rust"":443587,""Shell"":22557,""Just"":2281,""Dockerfile"":1865,""Go"":29}",bug;dependencies;duplicate;efigcckkhtebdhdgrcdjlhcndifjugkfnbhc;enhancement;github_actions;help wanted;invalid;question;rust;wont-do;wontfix,http2;reverse-tunnel;socks;socks5;socks5-proxy;tcp-tunnel;transparent-proxy;tunneling;udp-tunnel;websocket;wireguard;wireguard-tunnel,1.0,First Release,Haskell
94668191,dragonflyoss/nydus,False,3629,21,71,274,Rust,master,Apache License 2.0,https://nydus.dev/,29,1673,98,79609,2020-09-18T07:42:39,2026-10-02T09:14:34,2026-10-03T01:31:47,412,9,1718,14,17628.0,116292.0,11243.0,"[{""codeLines"":3623,""blankLines"":1005,""language"":""Markdown"",""commentLines"":0},{""codeLines"":15,""blankLines"":11,""language"":""C/C++ Header"",""commentLines"":44},{""codeLines"":296,""blankLines"":45,""language"":""Bourne Shell"",""commentLines"":13},{""codeLines"":3175,""blankLines"":207,""language"":""YAML"",""commentLines"":38},{""codeLines"":6,""blankLines"":2,""language"":""JavaScript"",""commentLines"":2},{""codeLines"":247,""blankLines"":88,""language"":""make"",""commentLines"":43},{""codeLines"":158,""blankLines"":25,""language"":""Diff"",""commentLines"":68},{""codeLines"":78055,""blankLines"":11186,""language"":""Rust"",""commentLines"":8791},{""codeLines"":13,""blankLines"":0,""language"":""SVG"",""commentLines"":4},{""codeLines"":46,""blankLines"":0,""language"":""Text"",""commentLines"":0},{""codeLines"":16,""blankLines"":4,""language"":""C"",""commentLines"":0},{""codeLines"":564,""blankLines"":0,""language"":""JSON"",""commentLines"":0},{""codeLines"":29204,""blankLines"":4920,""language"":""Go"",""commentLines"":1907},{""codeLines"":39,""blankLines"":14,""language"":""Dockerfile"",""commentLines"":0},{""codeLines"":830,""blankLines"":121,""language"":""TOML"",""commentLines"":333},{""codeLines"":5,""blankLines"":0,""language"":""Java"",""commentLines"":0}]",2026-09-29T03:30:46,f4e669cab5f9c3148e232bfd186790c35f0a403d,True,False,False,False,"{""Rust"":3082456,""Go"":936373,""Shell"":15900,""Makefile"":12878,""C"":2651,""JavaScript"":325,""Dockerfile"":262,""Java"":95}",OSS-Easy;OSS-Hard;OSS-Medium;bug;dependencies;doc;documentation;duplicate;enhancement;github_actions;go;good first issue;help wanted;oss;proposal;question;rust;stale;wip,accelerator;container;container-image;containerd;docker;filesystem;snapshotter;storage,v0.1.0,First Release,Clojure
94668276,redlib-org/redlib,False,1388,24,9,224,Rust,main,GNU Affero General Public License v3.0,,24,3283,137,2782,2023-12-26T10:52:23,2026-04-24T05:33:49,2026-04-29T07:41:27,355,164,190,39,1604.0,9869.0,1109.0,"[{""codeLines"":7,""blankLines"":0,""language"":""SVG"",""commentLines"":0},{""codeLines"":73,""blankLines"":3,""language"":""TOML"",""commentLines"":0},{""codeLines"":5030,""blankLines"":826,""language"":""Rust"",""commentLines"":885},{""codeLines"":26,""blankLines"":5,""language"":""Python"",""commentLines"":0},{""codeLines"":2009,""blankLines"":349,""language"":""CSS"",""commentLines"":57},{""codeLines"":1425,""blankLines"":82,""language"":""HTML"",""commentLines"":22},{""codeLines"":25,""blankLines"":5,""language"":""XML"",""commentLines"":0},{""codeLines"":248,""blankLines"":0,""language"":""JSON"",""commentLines"":0},{""codeLines"":59,""blankLines"":33,""language"":""Dockerfile"",""commentLines"":30},{""codeLines"":79,""blankLines"":38,""language"":""Bourne Shell"",""commentLines"":28},{""codeLines"":164,""blankLines"":25,""language"":""JavaScript"",""commentLines"":10},{""codeLines"":322,""blankLines"":57,""language"":""YAML"",""commentLines"":13},{""codeLines"":350,""blankLines"":168,""language"":""Markdown"",""commentLines"":64},{""codeLines"":52,""blankLines"":13,""language"":""Nix"",""commentLines"":0}]",2026-04-24T05:33:49,a4d36e954cf1bd64f209cd8868c5a29edc81b374,False,False,False,False,"{""Rust"":228799,""HTML"":63416,""CSS"":41991,""JavaScript"":8212,""Shell"":6022,""Dockerfile"":3648,""Nix"":1762,""Python"":850}",blocking-next-release;bug;dependencies;difficult;documentation;duplicate;easy first issue;enhancement;frontend;help wanted;invalid;question;rust;wontfix,privacy;privacy-friendly-alternatives;privacy-frontend;rust,v0.31.0,First Release,JavaScript
94671688,glzr-io/glazewm,False,1838,17,38,392,Rust,main,GNU General Public License v3.0,,53,12303,70,12108,2020-06-28T10:28:26,2026-06-20T06:02:04,2026-06-20T04:11:15,756,336,512,53,5892.0,34085.0,5085.0,"[{""codeLines"":37,""blankLines"":0,""language"":""JSON"",""commentLines"":0},{""codeLines"":567,""blankLines"":9,""language"":""XAML"",""commentLines"":0},{""codeLines"":72,""blankLines"":0,""language"":""WiX string localization"",""commentLines"":4},{""codeLines"":109,""blankLines"":32,""language"":""PowerShell"",""commentLines"":6},{""codeLines"":531,""blankLines"":105,""language"":""YAML"",""commentLines"":101},{""codeLines"":10,""blankLines"":2,""language"":""INI"",""commentLines"":0},{""codeLines"":1266,""blankLines"":366,""language"":""Markdown"",""commentLines"":0},{""codeLines"":340,""blankLines"":24,""language"":""WiX source"",""commentLines"":20},{""codeLines"":171,""blankLines"":16,""language"":""MSBuild script"",""commentLines"":0},{""codeLines"":70,""blankLines"":0,""language"":""Visual Studio Solution"",""commentLines"":1},{""codeLines"":19159,""blankLines"":3288,""language"":""Rust"",""commentLines"":3444},{""codeLines"":23,""blankLines"":0,""language"":""SVG"",""commentLines"":0},{""codeLines"":230,""blankLines"":28,""language"":""TOML"",""commentLines"":4},{""codeLines"":11172,""blankLines"":1998,""language"":""C#"",""commentLines"":1498},{""codeLines"":328,""blankLines"":24,""language"":""XML"",""commentLines"":7}]",2026-04-08T08:34:21,5709ad0a3c7c386bbc3e38166a865ffc12937515,False,False,False,False,"{""Rust"":733922,""C#"":459448,""PowerShell"":4362}",dependencies;duplicate;good first issue;has pr;help wanted;in progress;invalid;needs triage;released;rust;type: bug;type: chore;type: docs;type: feature;type: question;wontfix,i3wm;macos;rust;tiling-window-manager;window-manager;windows,v1.0.0,First Release,C#
94688201,clash-verge-rev/clash-verge-rev,False,4846,17,72,10704,Rust,dev,GNU General Public License v3.0,https://www.clashverge.dev,394,149175,167,86817,2023-11-21T06:24:03,2026-10-04T05:48:37,2026-10-04T01:53:13,6032,451,1472,49,13205.0,122491.0,1964.0,"[{""codeLines"":573,""blankLines"":82,""language"":""TOML"",""commentLines"":200},{""codeLines"":19,""blankLines"":1,""language"":""C"",""commentLines"":0},{""codeLines"":11,""blankLines"":2,""language"":""INI"",""commentLines"":0},{""codeLines"":55,""blankLines"":5,""language"":""HTML"",""commentLines"":0},{""codeLines"":50,""blankLines"":13,""language"":""Bourne Again Shell"",""commentLines"":3},{""codeLines"":5599,""blankLines"":454,""language"":""JavaScript"",""commentLines"":48},{""codeLines"":288,""blankLines"":59,""language"":""Bourne Shell"",""commentLines"":26},{""codeLines"":33786,""blankLines"":4598,""language"":""Rust"",""commentLines"":1009},{""codeLines"":178,""blankLines"":0,""language"":""SVG"",""commentLines"":0},{""codeLines"":13659,""blankLines"":2646,""language"":""YAML"",""commentLines"":152},{""codeLines"":3371,""blankLines"":1247,""language"":""Markdown"",""commentLines"":21},{""codeLines"":157,""blankLines"":5,""language"":""Diff"",""commentLines"":33},{""codeLines"":21799,""blankLines"":8,""language"":""JSON"",""commentLines"":0},{""codeLines"":24,""blankLines"":0,""language"":""XML"",""commentLines"":0},{""codeLines"":42359,""blankLines"":4001,""language"":""TypeScript"",""commentLines"":455},{""codeLines"":111,""blankLines"":18,""language"":""PEG"",""commentLines"":2},{""codeLines"":404,""blankLines"":66,""language"":""SCSS"",""commentLines"":9},{""codeLines"":4,""blankLines"":0,""language"":""Dockerfile"",""commentLines"":0},{""codeLines"":44,""blankLines"":0,""language"":""JSON5"",""commentLines"":6}]",2026-10-03T05:09:11,1a01844cb817c41e5e6b628d15e929787402187a,True,False,False,False,"{""Rust"":1377059,""TypeScript"":1349562,""JavaScript"":181494,""NSIS"":46020,""Shell"":11717,""SCSS"":9560,""HTML"":1435,""C"":743,""RenderScript"":1}",agentic-workflows;ai-slop:high;ai-slop:med;area:backend;area:i18n;area:packaging;area:tray;area:ui;bug;dependencies;enhancement;impact:breaking;impact:performance;no-issue-needed;old;platform:cross-platform;platform:linux;platform:macos;platform:windows;pr:changes-requested;resolution:duplicate;resolution:invalid;upstream,clash;clash-meta;clash-verge;linux;mac;mihomo;tauri-app;windows,v1.4.0,First Release,TypeScript
94690257,hcavarsan/kftray,False,1027,74,129,79,Rust,main,GNU General Public License v3.0,https://kftray.app/,9,1567,17,22830,2023-11-26T01:02:19,2026-10-04T08:58:43,2026-10-03T08:46:03,121,1,583,5,14413.0,100171.0,5740.0,"[{""codeLines"":50,""blankLines"":0,""language"":""XML"",""commentLines"":1},{""codeLines"":156,""blankLines"":23,""language"":""JavaScript"",""commentLines"":17},{""codeLines"":1657,""blankLines"":236,""language"":""Bourne Shell"",""commentLines"":75},{""codeLines"":74776,""blankLines"":10604,""language"":""Rust"",""commentLines"":5182},{""codeLines"":1105,""blankLines"":171,""language"":""TOML"",""commentLines"":130},{""codeLines"":50,""blankLines"":10,""language"":""PowerShell"",""commentLines"":6},{""codeLines"":6,""blankLines"":1,""language"":""SVG"",""commentLines"":0},{""codeLines"":2286,""blankLines"":793,""language"":""Markdown"",""commentLines"":6},{""codeLines"":4586,""blankLines"":1013,""language"":""YAML"",""commentLines"":30},{""codeLines"":29,""blankLines"":7,""language"":""make"",""commentLines"":0},{""codeLines"":124,""blankLines"":19,""language"":""Go"",""commentLines"":4},{""codeLines"":13712,""blankLines"":1311,""language"":""TypeScript"",""commentLines"":89},{""codeLines"":32,""blankLines"":0,""language"":""DenizenScript"",""commentLines"":0},{""codeLines"":691,""blankLines"":0,""language"":""JSON"",""commentLines"":0},{""codeLines"":45,""blankLines"":18,""language"":""Dockerfile"",""commentLines"":2},{""codeLines"":537,""blankLines"":150,""language"":""Python"",""commentLines"":198},{""codeLines"":303,""blankLines"":54,""language"":""CSS"",""commentLines"":0},{""codeLines"":26,""blankLines"":3,""language"":""HTML"",""commentLines"":0}]",2026-10-01T01:52:45,456d946128e235977497eb47a5ecda52e7862250,True,False,False,False,"{""Rust"":3161321,""TypeScript"":413122,""Shell"":72629,""Python"":30904,""JavaScript"":5600,""CSS"":4484,""Go"":3919,""PowerShell"":2405,""Dockerfile"":1757,""Makefile"":1003,""HTML"":800,""RenderScript"":1}",bug;dependencies;dequeued;do-not-merge;documentation;duplicate;enhancement;good first issue;help wanted;invalid;javascript;python:uv;question;queue;queued;ready-to-merge;rust;security;stale;wontfix,developer-tools;devops;devops-tools;k8s;kftray;kubectl;kubernetes;port-forward;port-forwarding;proxy;ratatui;rust;tauri;terminal;tray;tui;vite,v0.6.4,First Release,TypeScript
94701593,BoundaryML/baml,False,4036,360,655,495,Rust,canary,Apache License 2.0,https://boundaryml.com/explore,41,9381,107,689675,2023-10-06T06:57:41,2026-10-04T02:36:27,2026-10-04T01:36:59,800,231,4247,153,269079.0,1921876.0,232403.0,"[{""codeLines"":71,""blankLines"":21,""language"":""DOS Batch"",""commentLines"":2},{""codeLines"":275,""blankLines"":32,""language"":""SQL"",""commentLines"":0},{""codeLines"":15909,""blankLines"":3282,""language"":""Ruby"",""commentLines"":1290},{""codeLines"":180872,""blankLines"":49327,""language"":""Go"",""commentLines"":12527},{""codeLines"":438722,""blankLines"":53533,""language"":""TypeScript"",""commentLines"":51233},{""codeLines"":15,""blankLines"":6,""language"":""make"",""commentLines"":6},{""codeLines"":5233,""blankLines"":821,""language"":""Jinja Template"",""commentLines"":0},{""codeLines"":40145,""blankLines"":481,""language"":""Text"",""commentLines"":0},{""codeLines"":554,""blankLines"":91,""language"":""PowerShell"",""commentLines"":146},{""codeLines"":29379,""blankLines"":2838,""language"":""C/C++ Header"",""commentLines"":2791},{""codeLines"":7146,""blankLines"":1053,""language"":""TOML"",""commentLines"":1085},{""codeLines"":570,""blankLines"":97,""language"":""Handlebars"",""commentLines"":1},{""codeLines"":27,""blankLines"":10,""language"":""Properties"",""commentLines"":23},{""codeLines"":212,""blankLines"":57,""language"":""Flatbuffers"",""commentLines"":35},{""codeLines"":46,""blankLines"":9,""language"":""INI"",""commentLines"":0},{""codeLines"":272,""blankLines"":67,""language"":""Scheme"",""commentLines"":67},{""codeLines"":752,""blankLines"":101,""language"":""Nix"",""commentLines"":35},{""codeLines"":19354,""blankLines"":1790,""language"":""JavaScript"",""commentLines"":10051},{""codeLines"":3151,""blankLines"":564,""language"":""Bourne Shell"",""commentLines"":855},{""codeLines"":3913,""blankLines"":39,""language"":""SVG"",""commentLines"":402},{""codeLines"":793266,""blankLines"":87418,""language"":""Rust"",""commentLines"":128155},{""codeLines"":791,""blankLines"":117,""language"":""Bourne Again Shell"",""commentLines"":88},{""codeLines"":11533,""blankLines"":840,""language"":""CSS"",""commentLines"":624},{""codeLines"":9440,""blankLines"":1421,""language"":""Swift"",""commentLines"":1744},{""codeLines"":3062,""blankLines"":92,""language"":""HTML"",""commentLines"":8},{""codeLines"":273,""blankLines"":100,""language"":""Dockerfile"",""commentLines"":114},{""codeLines"":26,""blankLines"":0,""language"":""Jupyter Notebook"",""commentLines"":185},{""codeLines"":30753,""blankLines"":118,""language"":""JSON"",""commentLines"":0},{""codeLines"":10303,""blankLines"":1671,""language"":""Java"",""commentLines"":4215},{""codeLines"":84826,""blankLines"":14905,""language"":""YAML"",""commentLines"":3062},{""codeLines"":69810,""blankLines"":20163,""language"":""Markdown"",""commentLines"":14},{""codeLines"":1891,""blankLines"":416,""language"":""Kotlin"",""commentLines"":352},{""codeLines"":39,""blankLines"":6,""language"":""CMake"",""commentLines"":19},{""codeLines"":1324,""blankLines"":247,""language"":""Protocol Buffers"",""commentLines"":404},{""codeLines"":23873,""blankLines"":1998,""language"":""C++"",""commentLines"":1900},{""codeLines"":1206,""blankLines"":58,""language"":""XML"",""commentLines"":85},{""codeLines"":46426,""blankLines"":6489,""language"":""C#"",""commentLines"":158},{""codeLines"":904,""blankLines"":9,""language"":""MSBuild script"",""commentLines"":0},{""codeLines"":709,""blankLines"":83,""language"":""C"",""commentLines"":2},{""codeLines"":657,""blankLines"":102,""language"":""Gradle"",""commentLines"":371},{""codeLines"":83365,""blankLines"":18425,""language"":""Python"",""commentLines"":10210},{""codeLines"":5,""blankLines"":0,""language"":""Diff"",""commentLines"":8},{""codeLines"":432,""blankLines"":82,""language"":""Harbour"",""commentLines"":1},{""codeLines"":313,""blankLines"":94,""language"":""Pest"",""commentLines"":135},{""codeLines"":31,""blankLines"":6,""language"":""Prisma Schema"",""commentLines"":0}]",2026-10-04T06:17:05,bb5e886de6d0317bbae4b4ab9710f0b84e9fb3f8,False,False,False,False,"{""Rust"":35971777,""TypeScript"":8223900,""BAML"":7527936,""C#"":2071539,""Python"":1969357,""JavaScript"":1477760,""MDX"":1453732,""Go"":1274745,""Java"":724104,""HTML"":599751,""Swift"":549505,""C++"":291949,""CSS"":286628,""Shell"":216412,""Jinja"":207995,""Ruby"":110379,""C"":107649,""Kotlin"":103704,""Nix"":32598,""Mermaid"":31602,""PowerShell"":30971,""Handlebars"":23873,""Harbour"":17588,""Dockerfile"":15384,""Jupyter Notebook"":14396,""Tree-sitter Query"":9820,""PLpgSQL"":5603,""CMake"":2520,""Scheme"":1372,""Makefile"":826,""Just"":134,""RenderScript"":2}",bug;bug (small);chore;codex;customer;dependencies;docs;feature (big);feature (small);github_actions;go;idea;javascript;linear;needs-triage;new user pain;parsing;product-lang;product-lang2;product-studio;product-studio2;python;python:uv;question;rust;spec;wild;windows;wontfix,boundaryml;guardrails;llm;programming-language;structured-data,unstable/cli/v0.4.0,First Release,Python
94701595,wez/govee2mqtt,False,536,7,0,152,Rust,main,MIT License,,18,1375,20,943,2024-01-03T06:06:30,2026-06-15T03:26:14,2026-06-18T01:56:19,504,294,184,21,2376.0,25943.0,540.0,"[{""codeLines"":13067,""blankLines"":1,""language"":""JSON"",""commentLines"":0},{""codeLines"":244,""blankLines"":45,""language"":""JavaScript"",""commentLines"":19},{""codeLines"":2273,""blankLines"":955,""language"":""Markdown"",""commentLines"":1},{""codeLines"":9566,""blankLines"":1282,""language"":""Rust"",""commentLines"":436},{""codeLines"":109,""blankLines"":29,""language"":""Bourne Shell"",""commentLines"":4},{""codeLines"":475,""blankLines"":31,""language"":""YAML"",""commentLines"":29},{""codeLines"":41,""blankLines"":12,""language"":""Dockerfile"",""commentLines"":9},{""codeLines"":97,""blankLines"":7,""language"":""TOML"",""commentLines"":36},{""codeLines"":23,""blankLines"":7,""language"":""make"",""commentLines"":1},{""codeLines"":47,""blankLines"":7,""language"":""HTML"",""commentLines"":0},{""codeLines"":1,""blankLines"":0,""language"":""CSS"",""commentLines"":5}]",2026-04-12T07:42:51,6f5a8449ca63da8bdc7cc696288a993681ff2a69,True,False,False,False,"{""Rust"":369481,""JavaScript"":7784,""Shell"":4075,""HTML"":1828,""Dockerfile"":1788,""Makefile"":541}",ble-only;bug;dependencies;documentation;duplicate;enhancement;github_actions;good first issue;help wanted;invalid;local-network-issue;needs:funding;needs:state;pr-welcome;question;responsible:govee;reverse-engineering;rust;waiting-on-op;wontfix,,7fadf1e69008196805d10eef73bc72eb31fbe349,10% Commit (53/536),CSS
94701835,elringus/sprite-dicing,False,237,4,19,156,Rust,main,MIT License,https://dicing.elringus.com,40,1531,4,71769,2017-09-21T03:41:07,2026-09-11T06:58:21,2026-09-17T04:29:44,17,1,34,0,1052.0,7919.0,443.0,"[{""codeLines"":11,""blankLines"":4,""language"":""Godot Scene"",""commentLines"":0},{""codeLines"":560,""blankLines"":161,""language"":""Markdown"",""commentLines"":0},{""codeLines"":108,""blankLines"":30,""language"":""C/C++ Header"",""commentLines"":21},{""codeLines"":4156,""blankLines"":444,""language"":""Rust"",""commentLines"":336},{""codeLines"":23,""blankLines"":6,""language"":""Bourne Shell"",""commentLines"":0},{""codeLines"":35,""blankLines"":5,""language"":""Godot Resource"",""commentLines"":0},{""codeLines"":1,""blankLines"":0,""language"":""Titanium Style Sheet"",""commentLines"":1},{""codeLines"":171,""blankLines"":26,""language"":""YAML"",""commentLines"":1},{""codeLines"":14,""blankLines"":0,""language"":""SVG"",""commentLines"":0},{""codeLines"":1671,""blankLines"":190,""language"":""C#"",""commentLines"":44},{""codeLines"":5,""blankLines"":3,""language"":""Python"",""commentLines"":1},{""codeLines"":130,""blankLines"":28,""language"":""CSS"",""commentLines"":16},{""codeLines"":367,""blankLines"":0,""language"":""JSON"",""commentLines"":0},{""codeLines"":66,""blankLines"":3,""language"":""TypeScript"",""commentLines"":1},{""codeLines"":13,""blankLines"":0,""language"":""PowerShell"",""commentLines"":0},{""codeLines"":72,""blankLines"":6,""language"":""TOML"",""commentLines"":0},{""codeLines"":191,""blankLines"":41,""language"":""C++"",""commentLines"":0},{""codeLines"":8,""blankLines"":1,""language"":""INI"",""commentLines"":0},{""codeLines"":315,""blankLines"":104,""language"":""GDScript"",""commentLines"":22},{""codeLines"":2,""blankLines"":0,""language"":""Text"",""commentLines"":0}]",2026-09-11T06:58:19,fd5a865525ae257bf35fc05bd5f16b0a78ee0e5d,False,False,False,False,"{""Rust"":156193,""C#"":77963,""GDScript"":14708,""C++"":8326,""C"":6700,""Shell"":1213,""PowerShell"":830,""Python"":208}",bug;core;dependencies;enhancement;external;godot;help wanted;rust;stale;unity,atlas;cli;gamedev;godot;rust;sprites;tool;unity,v0.1-alpha,First Release,C#
94708270,CapSoftware/cap,False,8975,658,83,1999,Rust,main,Other,https://cap.so,54,23033,76,431046,2023-11-17T08:31:46,2026-10-04T06:31:26,2026-10-04T12:06:27,775,208,1626,217,97842.0,1210782.0,43084.0,"[{""codeLines"":2587,""blankLines"":564,""language"":""C/C++ Header"",""commentLines"":638},{""codeLines"":194,""blankLines"":16,""language"":""PowerShell"",""commentLines"":0},{""codeLines"":611,""blankLines"":135,""language"":""Bourne Shell"",""commentLines"":13},{""codeLines"":30,""blankLines"":0,""language"":""Ruby"",""commentLines"":0},{""codeLines"":452127,""blankLines"":36666,""language"":""TypeScript"",""commentLines"":10128},{""codeLines"":872,""blankLines"":7,""language"":""SQL"",""commentLines"":47},{""codeLines"":2880,""blankLines"":337,""language"":""Python"",""commentLines"":85},{""codeLines"":89,""blankLines"":15,""language"":""Bourne Again Shell"",""commentLines"":0},{""codeLines"":3044,""blankLines"":344,""language"":""C"",""commentLines"":371},{""codeLines"":280,""blankLines"":15,""language"":""C#"",""commentLines"":0},{""codeLines"":2230,""blankLines"":437,""language"":""WGSL"",""commentLines"":217},{""codeLines"":164586,""blankLines"":9,""language"":""JSON"",""commentLines"":0},{""codeLines"":3014,""blankLines"":341,""language"":""YAML"",""commentLines"":174},{""codeLines"":191,""blankLines"":0,""language"":""XML"",""commentLines"":0},{""codeLines"":11057,""blankLines"":3709,""language"":""Markdown"",""commentLines"":16},{""codeLines"":47,""blankLines"":0,""language"":""GLSL"",""commentLines"":3},{""codeLines"":119,""blankLines"":34,""language"":""Dockerfile"",""commentLines"":12},{""codeLines"":2786,""blankLines"":145,""language"":""Diff"",""commentLines"":1073},{""codeLines"":2189,""blankLines"":140,""language"":""HTML"",""commentLines"":0},{""codeLines"":5920,""blankLines"":894,""language"":""CSS"",""commentLines"":117},{""codeLines"":262,""blankLines"":76,""language"":""Text"",""commentLines"":0},{""codeLines"":10,""blankLines"":2,""language"":""INI"",""commentLines"":0},{""codeLines"":2054,""blankLines"":167,""language"":""Swift"",""commentLines"":0},{""codeLines"":3404,""blankLines"":1,""language"":""SVG"",""commentLines"":1},{""codeLines"":527691,""blankLines"":52184,""language"":""Rust"",""commentLines"":29793},{""codeLines"":16,""blankLines"":3,""language"":""JSX"",""commentLines"":0},{""codeLines"":19678,""blankLines"":1146,""language"":""JavaScript"",""commentLines"":232},{""codeLines"":2,""blankLines"":0,""language"":""DOS Batch"",""commentLines"":0},{""codeLines"":2812,""blankLines"":455,""language"":""TOML"",""commentLines"":164}]",2026-10-01T03:15:35,a2a6bd8b1948c48fe92936c265c8402d7fa8ddb3,True,False,False,False,"{""Rust"":19005985,""TypeScript"":14559077,""JavaScript"":570003,""MDX"":296385,""CSS"":143893,""Python"":125897,""WGSL"":95673,""Swift"":64393,""HTML"":45197,""Shell"":28823,""PLpgSQL"":24006,""C#"":14400,""PowerShell"":7426,""C"":6364,""Dockerfile"":5399,""Ruby"":1130,""Batchfile"":201,""RenderScript"":1}",$0;$1;$100;$200;$30;$500;bug;codex;contributor:flagged;contributor:verified;desktop;documentation;duplicate;editor;enhancement;feature;good first issue;help wanted;idea;improvement;in progress;invalid;macos;marketing;needs repro;new;pr:flagged;pr:verified;question;self hosting;symphony:human-review;symphony:in-progress;symphony:rework;symphony:todo;user feedback;web;windows;wontfix;💎 bounty;💰 rewarded;🙋 bounty claim,app;cap;coss;loom;mac;nextjs;nextjs15;open-source;oss;react;record;rust;screen-capture;screen-recorder;screenshot;solidjs;tauri;tauri-app;typescript;vite,cap-v0.1.6,First Release,TypeScript
94709774,shinkuan/Akagi,False,691,9,70,136,Rust,v3,Apache License 2.0,https://akagi.shinkuan.me/,8,1074,17,118362,2024-01-05T11:55:39,2026-09-29T04:50:56,2026-10-03T06:17:55,117,9,162,3,9017.0,95296.0,16096.0,"[{""codeLines"":548,""blankLines"":83,""language"":""YAML"",""commentLines"":98},{""codeLines"":8151,""blankLines"":1129,""language"":""Protocol Buffers"",""commentLines"":0},{""codeLines"":9,""blankLines"":4,""language"":""make"",""commentLines"":7},{""codeLines"":155,""blankLines"":45,""language"":""PowerShell"",""commentLines"":48},{""codeLines"":5170,""blankLines"":1318,""language"":""Markdown"",""commentLines"":4},{""codeLines"":21,""blankLines"":16,""language"":""reStructuredText"",""commentLines"":23},{""codeLines"":209,""blankLines"":34,""language"":""Bourne Shell"",""commentLines"":69},{""codeLines"":15305,""blankLines"":5,""language"":""JSON"",""commentLines"":0},{""codeLines"":50,""blankLines"":10,""language"":""Dockerfile"",""commentLines"":0},{""codeLines"":9,""blankLines"":0,""language"":""XML"",""commentLines"":0},{""codeLines"":17001,""blankLines"":1468,""language"":""TypeScript"",""commentLines"":2118},{""codeLines"":1436,""blankLines"":261,""language"":""Python"",""commentLines"":217},{""codeLines"":471,""blankLines"":24,""language"":""CSS"",""commentLines"":103},{""codeLines"":56,""blankLines"":0,""language"":""HTML"",""commentLines"":0},{""codeLines"":114,""blankLines"":15,""language"":""TOML"",""commentLines"":40},{""codeLines"":103,""blankLines"":38,""language"":""Bourne Again Shell"",""commentLines"":30},{""codeLines"":45398,""blankLines"":4450,""language"":""Rust"",""commentLines"":12804},{""codeLines"":393,""blankLines"":6,""language"":""SVG"",""commentLines"":16},{""codeLines"":6,""blankLines"":0,""language"":""DOS Batch"",""commentLines"":0},{""codeLines"":15,""blankLines"":1,""language"":""JavaScript"",""commentLines"":16},{""codeLines"":8,""blankLines"":1,""language"":""INI"",""commentLines"":0},{""codeLines"":508,""blankLines"":79,""language"":""Lua"",""commentLines"":503},{""codeLines"":160,""blankLines"":30,""language"":""Text"",""commentLines"":0}]",2026-09-29T04:50:56,cd68865f9e93eddcda6451cd18874a6f68c5fb49,False,False,False,False,"{""Rust"":2394231,""TypeScript"":722470,""Python"":70294,""Lua"":47616,""CSS"":21751,""Shell"":9491,""PowerShell"":9371,""Dockerfile"":2168,""HTML"":2028,""JavaScript"":1001,""Makefile"":634,""Batchfile"":136}",automation;bug;documentation;duplicate;enhancement;good first issue;help wanted;invalid;majsoul;question;wontfix,game-ai;japanese-mahjong;mahjong;mahjong-ai;mahjong-bot;majsoul;majsoul-ai;majsoul-plus;riichi-mahjong,v1.0.0,First Release,Python
94721419,microsoft/aici,False,1617,10,12,80,Rust,main,MIT License,,24,1992,10,10179,2023-09-26T09:33:16,2025-01-22T09:14:57,2025-01-23T04:21:23,76,34,32,6,8506.0,45774.0,8617.0,"[{""codeLines"":1344,""blankLines"":207,""language"":""C++"",""commentLines"":141},{""codeLines"":763,""blankLines"":8,""language"":""JSON"",""commentLines"":0},{""codeLines"":1069,""blankLines"":234,""language"":""TypeScript"",""commentLines"":556},{""codeLines"":154,""blankLines"":0,""language"":""Jupyter Notebook"",""commentLines"":1062},{""codeLines"":29,""blankLines"":10,""language"":""Dockerfile"",""commentLines"":8},{""codeLines"":288,""blankLines"":45,""language"":""TOML"",""commentLines"":1},{""codeLines"":84,""blankLines"":24,""language"":""Text"",""commentLines"":0},{""codeLines"":15022,""blankLines"":3706,""language"":""Python"",""commentLines"":4935},{""codeLines"":1060,""blankLines"":169,""language"":""C"",""commentLines"":16},{""codeLines"":0,""blankLines"":0,""language"":""INI"",""commentLines"":3},{""codeLines"":368,""blankLines"":73,""language"":""Yacc"",""commentLines"":1},{""codeLines"":597,""blankLines"":98,""language"":""JavaScript"",""commentLines"":30},{""codeLines"":2354,""blankLines"":380,""language"":""C/C++ Header"",""commentLines"":603},{""codeLines"":3210,""blankLines"":508,""language"":""Cuda"",""commentLines"":496},{""codeLines"":167,""blankLines"":39,""language"":""YAML"",""commentLines"":37},{""codeLines"":2047,""blankLines"":568,""language"":""Markdown"",""commentLines"":2},{""codeLines"":16220,""blankLines"":2255,""language"":""Rust"",""commentLines"":698},{""codeLines"":998,""blankLines"":182,""language"":""Bourne Shell"",""commentLines"":28}]",2025-01-22T09:14:56,ecc50362fe2c620c3c8487740267f6fae49397d3,True,False,False,False,"{""Rust"":586831,""Python"":243663,""Jupyter Notebook"":45315,""C"":42174,""Shell"":28027,""TypeScript"":25579,""JavaScript"":19745,""Yacc"":9297,""C++"":8042,""Dockerfile"":1858}",bug;dependencies;documentation;duplicate;enhancement;good first issue;help wanted;invalid;python;question;rLLM;rust;waiting for original poster;wontfix,ai;inference;language-model;llm;llm-framework;llm-inference;llm-serving;llmops;model-serving;rust;transformer;wasm;wasmtime,v0.0.1,First Release,Python
94723992,mlua-rs/rlua,False,898,35,0,115,Rust,master,Other,,27,1694,24,2124,2017-05-21T11:51:43,2024-07-20T09:06:06,2024-07-20T09:05:45,178,5,109,0,22651.0,78060.0,11014.0,"[{""codeLines"":43251,""blankLines"":8100,""language"":""C"",""commentLines"":7073},{""codeLines"":260,""blankLines"":50,""language"":""CSS"",""commentLines"":0},{""codeLines"":24156,""blankLines"":10526,""language"":""HTML"",""commentLines"":34},{""codeLines"":354,""blankLines"":64,""language"":""Markdown"",""commentLines"":0},{""codeLines"":1,""blankLines"":0,""language"":""Lua"",""commentLines"":0},{""codeLines"":6088,""blankLines"":3305,""language"":""C/C++ Header"",""commentLines"":3452},{""codeLines"":185,""blankLines"":4,""language"":""YAML"",""commentLines"":0},{""codeLines"":686,""blankLines"":193,""language"":""make"",""commentLines"":117},{""codeLines"":26,""blankLines"":2,""language"":""DOS Batch"",""commentLines"":0},{""codeLines"":4,""blankLines"":1,""language"":""Bourne Shell"",""commentLines"":0},{""codeLines"":3018,""blankLines"":398,""language"":""Rust"",""commentLines"":334},{""codeLines"":31,""blankLines"":8,""language"":""TOML"",""commentLines"":4}]",2024-07-20T09:05:41,16fa3be9029177b857ad86d7a9b7e8025e9d6f7b,True,False,False,False,"{""C"":2008577,""HTML"":1037964,""Rust"":102902,""Makefile"":31740,""Roff"":18671,""Lua"":11887,""CSS"":7089,""Batchfile"":1070,""C++"":573,""Shell"":150}",blocked;bug;duplicate;enhancement;faq;future work;good first issue;help wanted;invalid;question;unsound :boom:;wontfix,,3deb6df525369f8b298b8ce0649f7b1dce6d13df,10% Commit (89/898),C
94728049,awslabs/llrt,False,1591,51,30,397,Rust,main,Apache License 2.0,,48,8805,63,8909,2023-09-20T12:57:50,2026-10-02T02:53:04,2026-10-03T02:45:46,305,39,1492,6,13659.0,106987.0,14254.0,"[{""codeLines"":18,""blankLines"":0,""language"":""HTML"",""commentLines"":0},{""codeLines"":268,""blankLines"":60,""language"":""C"",""commentLines"":12},{""codeLines"":83,""blankLines"":23,""language"":""Text"",""commentLines"":0},{""codeLines"":89,""blankLines"":18,""language"":""CSS"",""commentLines"":0},{""codeLines"":1580,""blankLines"":220,""language"":""TOML"",""commentLines"":28},{""codeLines"":7,""blankLines"":1,""language"":""Diff"",""commentLines"":7},{""codeLines"":72,""blankLines"":30,""language"":""Bourne Again Shell"",""commentLines"":7},{""codeLines"":7,""blankLines"":2,""language"":""Dockerfile"",""commentLines"":0},{""codeLines"":20351,""blankLines"":2869,""language"":""TypeScript"",""commentLines"":7364},{""codeLines"":5901,""blankLines"":0,""language"":""JSON"",""commentLines"":0},{""codeLines"":11,""blankLines"":6,""language"":""Bourne Shell"",""commentLines"":6},{""codeLines"":1,""blankLines"":0,""language"":""SVG"",""commentLines"":0},{""codeLines"":59736,""blankLines"":8204,""language"":""Rust"",""commentLines"":4699},{""codeLines"":324,""blankLines"":57,""language"":""make"",""commentLines"":6},{""codeLines"":1742,""blankLines"":837,""language"":""Markdown"",""commentLines"":3},{""codeLines"":15895,""blankLines"":1311,""language"":""JavaScript"",""commentLines"":2093},{""codeLines"":902,""blankLines"":21,""language"":""YAML"",""commentLines"":29}]",2026-10-02T02:51:37,27827a9a8505e142ea56dc845d90670d03c3b32a,True,False,False,False,"{""Rust"":2457877,""TypeScript"":629969,""JavaScript"":575627,""Makefile"":14120,""C"":7552,""Shell"":3676,""CSS"":1334,""HTML"":611,""Dockerfile"":238}",blocked;bug;dependencies;documentation;duplicate;enhancement;github_actions;good first issue;help wanted;invalid;javascript;performance;question;rust;wontfix,,v0.1.0-beta,First Release,JavaScript
94728467,glzr-io/zebar,False,508,6,33,139,Rust,main,GNU General Public License v3.0,,11,3079,31,4180,2023-06-30T11:37:12,2026-09-26T08:18:12,2026-10-03T03:43:44,158,46,150,13,4206.0,22695.0,2179.0,"[{""codeLines"":672,""blankLines"":67,""language"":""HTML"",""commentLines"":9},{""codeLines"":12,""blankLines"":3,""language"":""INI"",""commentLines"":0},{""codeLines"":331,""blankLines"":98,""language"":""CSS"",""commentLines"":82},{""codeLines"":154,""blankLines"":14,""language"":""TOML"",""commentLines"":5},{""codeLines"":1,""blankLines"":0,""language"":""SVG"",""commentLines"":0},{""codeLines"":5,""blankLines"":0,""language"":""DOS Batch"",""commentLines"":0},{""codeLines"":163,""blankLines"":77,""language"":""SCSS"",""commentLines"":137},{""codeLines"":5317,""blankLines"":702,""language"":""TypeScript"",""commentLines"":751},{""codeLines"":695,""blankLines"":0,""language"":""JSON"",""commentLines"":0},{""codeLines"":1074,""blankLines"":356,""language"":""Markdown"",""commentLines"":0},{""codeLines"":4037,""blankLines"":1140,""language"":""YAML"",""commentLines"":9},{""codeLines"":2,""blankLines"":0,""language"":""Bourne Shell"",""commentLines"":1},{""codeLines"":33,""blankLines"":5,""language"":""PowerShell"",""commentLines"":1},{""codeLines"":364,""blankLines"":65,""language"":""WiX source"",""commentLines"":17},{""codeLines"":9647,""blankLines"":1652,""language"":""Rust"",""commentLines"":1127},{""codeLines"":188,""blankLines"":27,""language"":""JavaScript"",""commentLines"":40}]",2026-09-26T08:18:12,5f90d341867122175cb4a57af594a44752885056,False,False,False,False,"{""Rust"":336925,""TypeScript"":186887,""HTML"":26573,""JavaScript"":6614,""CSS"":4850,""PowerShell"":852,""SCSS"":320,""Batchfile"":315,""Shell"":151}",duplicate;good first issue;has pr;help wanted;in progress;invalid;needs triage;released;type: bug;type: chore;type: docs;type: feature;type: question;wontfix,bar;desktop;dock;linux;macos;ricing;statusbar;taskbar;unixporn;widget;windows,v1.1.0,First Release,TypeScript
94729652,LibNyanpasu/clash-nyanpasu,False,7882,315,13,807,Rust,main,GNU General Public License v3.0,https://nyanpasu.org,46,13209,60,55627,2023-11-10T01:25:55,2026-10-04T12:22:11,2026-10-04T02:55:42,689,86,4777,1,31624.0,228464.0,14455.0,"[{""codeLines"":84,""blankLines"":1,""language"":""HTML"",""commentLines"":0},{""codeLines"":65,""blankLines"":16,""language"":""Python"",""commentLines"":333},{""codeLines"":318,""blankLines"":52,""language"":""CSS"",""commentLines"":24},{""codeLines"":225,""blankLines"":16,""language"":""SVG"",""commentLines"":21},{""codeLines"":771,""blankLines"":88,""language"":""TOML"",""commentLines"":193},{""codeLines"":111518,""blankLines"":10523,""language"":""Rust"",""commentLines"":9427},{""codeLines"":146,""blankLines"":14,""language"":""SCSS"",""commentLines"":5},{""codeLines"":6741,""blankLines"":0,""language"":""JSON"",""commentLines"":0},{""codeLines"":50,""blankLines"":0,""language"":""XML"",""commentLines"":6},{""codeLines"":57252,""blankLines"":6590,""language"":""TypeScript"",""commentLines"":3382},{""codeLines"":14085,""blankLines"":3015,""language"":""YAML"",""commentLines"":1014},{""codeLines"":36626,""blankLines"":11239,""language"":""Markdown"",""commentLines"":0},{""codeLines"":7,""blankLines"":3,""language"":""Bourne Shell"",""commentLines"":1},{""codeLines"":282,""blankLines"":36,""language"":""WiX source"",""commentLines"":12},{""codeLines"":18,""blankLines"":4,""language"":""Lua"",""commentLines"":3},{""codeLines"":14,""blankLines"":3,""language"":""INI"",""commentLines"":0},{""codeLines"":262,""blankLines"":24,""language"":""JavaScript"",""commentLines"":34}]",2026-10-04T12:19:20,057803422dc934d5dbed0332c953d352d60dcfb7,False,False,False,False,"{""Rust"":5133238,""TypeScript"":2572040,""NSIS"":40573,""Python"":21428,""CSS"":10748,""JavaScript"":8537,""SCSS"":4746,""HTML"":2393,""Lua"":736,""Shell"":313,""RenderScript"":1}",1.6.x;c: backend;c: ui;good first issue;help wanted;p: linux;p: macos;p: windows;pr welcome;s: blocked;s: duplicate;s: feedback;s: stale;s: untriaged;stale;t: bug;t: doc;t: feature;t: invalid;t: question;wontfix,clash;clash-meta;clash-nyanpasu;clash-rs;material-you;mihomo;react;rust;tauri;tauri-app,v1.4.0,First Release,TypeScript
94745225,mcthesw/game-save-manager,False,727,31,15,42,Rust,dev,GNU Affero General Public License v3.0,https://help.sworld.club,5,1143,10,18952,2022-01-26T11:30:25,2026-10-04T04:17:46,2026-10-03T03:10:58,230,56,338,3,13255.0,957101.0,2775.0,"[{""codeLines"":12,""blankLines"":0,""language"":""HTML"",""commentLines"":0},{""codeLines"":40,""blankLines"":10,""language"":""INI"",""commentLines"":0},{""codeLines"":15539,""blankLines"":1422,""language"":""Vuejs Component"",""commentLines"":403},{""codeLines"":2,""blankLines"":0,""language"":""Text"",""commentLines"":0},{""codeLines"":407,""blankLines"":106,""language"":""Python"",""commentLines"":9},{""codeLines"":394,""blankLines"":75,""language"":""CSS"",""commentLines"":42},{""codeLines"":196,""blankLines"":22,""language"":""TOML"",""commentLines"":1},{""codeLines"":382,""blankLines"":0,""language"":""SVG"",""commentLines"":0},{""codeLines"":53373,""blankLines"":5179,""language"":""Rust"",""commentLines"":1364},{""codeLines"":3292,""blankLines"":1273,""language"":""Markdown"",""commentLines"":0},{""codeLines"":2354,""blankLines"":221,""language"":""JavaScript"",""commentLines"":31},{""codeLines"":856333,""blankLines"":3050,""language"":""YAML"",""commentLines"":4},{""codeLines"":19913,""blankLines"":1896,""language"":""TypeScript"",""commentLines"":921},{""codeLines"":4864,""blankLines"":1,""language"":""JSON"",""commentLines"":0}]",2026-10-02T03:19:31,203738cc3602cef26589b77f4606def5052a0cdf,True,False,False,False,"{""Rust"":2070277,""Vue"":551332,""TypeScript"":543291,""MDX"":92463,""JavaScript"":84093,""Python"":17130,""CSS"":15065,""HTML"":302}",bug;codex;dependencies;documentation;duplicate;enhancement;epic;frontend;good first issue;help wanted;invalid;javascript;need discussion;question;rust;wontfix,element-plus;game;rust;tauri;typescript;vue;vuejs,0.1.1,First Release,Vue
94747267,headwaymaps/headway,False,1338,28,0,78,Rust,main,Apache License 2.0,https://about.maps.earth,15,3005,13,6927,2020-11-15T07:44:51,2026-10-03T12:09:40,2026-10-03T12:09:43,95,24,345,3,5077.0,69998.0,5835.0,"[{""codeLines"":20,""blankLines"":9,""language"":""SCSS"",""commentLines"":12},{""codeLines"":28447,""blankLines"":0,""language"":""JSON"",""commentLines"":0},{""codeLines"":2851,""blankLines"":375,""language"":""GraphQL"",""commentLines"":2384},{""codeLines"":1152,""blankLines"":244,""language"":""Go"",""commentLines"":240},{""codeLines"":4833,""blankLines"":708,""language"":""TypeScript"",""commentLines"":668},{""codeLines"":3848,""blankLines"":8,""language"":""YAML"",""commentLines"":55},{""codeLines"":284,""blankLines"":91,""language"":""Python"",""commentLines"":66},{""codeLines"":1050,""blankLines"":355,""language"":""Markdown"",""commentLines"":0},{""codeLines"":1576,""blankLines"":346,""language"":""Bourne Shell"",""commentLines"":343},{""codeLines"":73,""blankLines"":10,""language"":""HTML"",""commentLines"":1},{""codeLines"":2390,""blankLines"":0,""language"":""SVG"",""commentLines"":3},{""codeLines"":15154,""blankLines"":2218,""language"":""Rust"",""commentLines"":1599},{""codeLines"":1417,""blankLines"":311,""language"":""Bourne Again Shell"",""commentLines"":170},{""codeLines"":62,""blankLines"":5,""language"":""JavaScript"",""commentLines"":17},{""codeLines"":1279,""blankLines"":34,""language"":""Text"",""commentLines"":0},{""codeLines"":8,""blankLines"":1,""language"":""INI"",""commentLines"":0},{""codeLines"":238,""blankLines"":0,""language"":""CSV"",""commentLines"":0},{""codeLines"":5244,""blankLines"":354,""language"":""Vuejs Component"",""commentLines"":274},{""codeLines"":72,""blankLines"":8,""language"":""TOML"",""commentLines"":3}]",2026-10-02T11:48:19,c64bb98bbdaa9cdd9f24b760c5a9ef9a37f64ee6,True,False,False,False,"{""Rust"":671588,""TypeScript"":204800,""Vue"":167149,""Shell"":126693,""Go"":61010,""Earthly"":30728,""Smarty"":19939,""Python"":15886,""HTML"":3276,""Go Template"":2312,""JavaScript"":2299,""SCSS"":996}",bug;dependencies;documentation;duplicate;enhancement;good first issue;help wanted;maps.earth;needs more info;question;wontfix,directions;geocoding;geospatial;maps;navigation;openstreetmap;routing,bfc6f6d64538b1aee3f20405b996b73fb0ff940d,10% Commit (133/1338),Vue
94750403,rolldown-rs/rolldown,False,515,20,0,148,Rust,main,MIT License,https://rolldown.rs,27,3741,34,7949,2023-09-18T02:20:28,2024-03-10T07:42:14,2024-03-10T10:24:16,101,29,430,14,2813.0,26651.0,1955.0,"[{""codeLines"":199,""blankLines"":26,""language"":""Vuejs Component"",""commentLines"":22},{""codeLines"":2414,""blankLines"":280,""language"":""TypeScript"",""commentLines"":148},{""codeLines"":3122,""blankLines"":24,""language"":""JSON"",""commentLines"":0},{""codeLines"":83,""blankLines"":0,""language"":""SVG"",""commentLines"":0},{""codeLines"":15,""blankLines"":0,""language"":""HTML"",""commentLines"":0},{""codeLines"":63,""blankLines"":7,""language"":""CSS"",""commentLines"":0},{""codeLines"":9590,""blankLines"":750,""language"":""JavaScript"",""commentLines"":767},{""codeLines"":9514,""blankLines"":1275,""language"":""Rust"",""commentLines"":777},{""codeLines"":468,""blankLines"":93,""language"":""YAML"",""commentLines"":9},{""codeLines"":628,""blankLines"":248,""language"":""Markdown"",""commentLines"":3},{""codeLines"":55,""blankLines"":0,""language"":""Text"",""commentLines"":0},{""codeLines"":10,""blankLines"":2,""language"":""INI"",""commentLines"":0},{""codeLines"":490,""blankLines"":108,""language"":""TOML"",""commentLines"":229}]",2024-03-10T05:20:11,c46b61d72bdccaac0e10f37fb3df96625af664fe,False,False,False,False,"{""Rust"":364515,""JavaScript"":227997,""TypeScript"":39159,""Vue"":5469,""Just"":1619,""CSS"":1209,""HTML"":358}",ast-based integration;bug;bug:upstream;dependencies;documentation;duplicate;enhancement;good first issue;has-workaround;help wanted;invalid;need-discuss;on-hold;priority: high;question;scope: npm package;tracking;wontfix,,0b89054c681377f625451fcc340ea20e195bedfb,10% Commit (51/515),JavaScript
94754750,abenz1267/walker,False,1761,5,309,103,Rust,master,GNU General Public License v3.0,,9,3061,53,17629,2024-03-07T03:11:41,2026-09-25T03:05:17,2026-10-02T06:45:37,504,20,131,4,1852.0,16016.0,113.0,"[{""codeLines"":162,""blankLines"":45,""language"":""CSS"",""commentLines"":2},{""codeLines"":728,""blankLines"":0,""language"":""JSON"",""commentLines"":0},{""codeLines"":1068,""blankLines"":269,""language"":""Go"",""commentLines"":19},{""codeLines"":1108,""blankLines"":23,""language"":""XML"",""commentLines"":11},{""codeLines"":6630,""blankLines"":1252,""language"":""Rust"",""commentLines"":46},{""codeLines"":5035,""blankLines"":0,""language"":""CSV"",""commentLines"":0},{""codeLines"":295,""blankLines"":45,""language"":""TOML"",""commentLines"":2},{""codeLines"":203,""blankLines"":82,""language"":""Markdown"",""commentLines"":0},{""codeLines"":1,""blankLines"":0,""language"":""Text"",""commentLines"":0},{""codeLines"":35,""blankLines"":8,""language"":""JavaScript"",""commentLines"":0},{""codeLines"":48,""blankLines"":9,""language"":""make"",""commentLines"":0},{""codeLines"":159,""blankLines"":32,""language"":""YAML"",""commentLines"":3},{""codeLines"":473,""blankLines"":68,""language"":""Nix"",""commentLines"":30},{""codeLines"":71,""blankLines"":19,""language"":""Protocol Buffers"",""commentLines"":0}]",2026-09-25T03:05:17,d8854375f9eb6a8026d440afe175f34e0d8b3c10,False,False,False,False,"{""Rust"":234072,""Go"":16172,""Nix"":15086,""CSS"":2841,""Makefile"":2102,""JavaScript"":731,""Shell"":10}",2.0;bug;documentation;duplicate;enhancement;good first issue;help wanted;invalid;not planned;question;stale;wontfix,runner;rust;wayland,v0.0.81,First Release,Go
94756315,getgrit/gritql,False,354,207,181,96,Rust,main,MIT License,https://docs.grit.io/,10,3692,26,56807,2024-03-08T11:18:51,2025-04-14T07:54:24,2025-04-16T09:40:55,201,99,424,19,24578.0,4510671.0,19610.0,"[{""codeLines"":40,""blankLines"":5,""language"":""Java"",""commentLines"":17},{""codeLines"":142,""blankLines"":31,""language"":""Kotlin"",""commentLines"":1},{""codeLines"":56,""blankLines"":16,""language"":""CMake"",""commentLines"":4},{""codeLines"":785,""blankLines"":259,""language"":""C++"",""commentLines"":9},{""codeLines"":0,""blankLines"":1,""language"":""CoffeeScript"",""commentLines"":0},{""codeLines"":1346,""blankLines"":36,""language"":""Diff"",""commentLines"":244},{""codeLines"":317390,""blankLines"":19,""language"":""JSON"",""commentLines"":0},{""codeLines"":38,""blankLines"":6,""language"":""Vuejs Component"",""commentLines"":0},{""codeLines"":477,""blankLines"":1,""language"":""Jupyter Notebook"",""commentLines"":1938},{""codeLines"":367,""blankLines"":89,""language"":""C#"",""commentLines"":917},{""codeLines"":4027389,""blankLines"":1638,""language"":""C"",""commentLines"":475},{""codeLines"":7030,""blankLines"":973,""language"":""Python"",""commentLines"":945},{""codeLines"":184,""blankLines"":124,""language"":""Elixir"",""commentLines"":911},{""codeLines"":87,""blankLines"":26,""language"":""PHP"",""commentLines"":92},{""codeLines"":4068,""blankLines"":1312,""language"":""Markdown"",""commentLines"":8},{""codeLines"":948,""blankLines"":65,""language"":""YAML"",""commentLines"":38},{""codeLines"":6,""blankLines"":0,""language"":""MSBuild script"",""commentLines"":0},{""codeLines"":370,""blankLines"":70,""language"":""Handlebars"",""commentLines"":0},{""codeLines"":1641,""blankLines"":393,""language"":""make"",""commentLines"":326},{""codeLines"":36,""blankLines"":2,""language"":""HCL"",""commentLines"":0},{""codeLines"":2904,""blankLines"":579,""language"":""Scheme"",""commentLines"":204},{""codeLines"":5060,""blankLines"":700,""language"":""Go"",""commentLines"":1706},{""codeLines"":6407,""blankLines"":1088,""language"":""TypeScript"",""commentLines"":1297},{""codeLines"":693,""blankLines"":29,""language"":""Swift"",""commentLines"":20},{""codeLines"":1526,""blankLines"":214,""language"":""TOML"",""commentLines"":36},{""codeLines"":299,""blankLines"":90,""language"":""Bourne Again Shell"",""commentLines"":15},{""codeLines"":16335,""blankLines"":2808,""language"":""Text"",""commentLines"":0},{""codeLines"":13307,""blankLines"":2,""language"":""CSS"",""commentLines"":15},{""codeLines"":107,""blankLines"":32,""language"":""INI"",""commentLines"":0},{""codeLines"":470,""blankLines"":63,""language"":""HTML"",""commentLines"":5},{""codeLines"":15,""blankLines"":4,""language"":""Solidity"",""commentLines"":2},{""codeLines"":177,""blankLines"":51,""language"":""Bourne Shell"",""commentLines"":16},{""codeLines"":2,""blankLines"":0,""language"":""D"",""commentLines"":0},{""codeLines"":30779,""blankLines"":5522,""language"":""JavaScript"",""commentLines"":5937},{""codeLines"":2943,""blankLines"":530,""language"":""C/C++ Header"",""commentLines"":132},{""codeLines"":20,""blankLines"":4,""language"":""Maven"",""commentLines"":0},{""codeLines"":13,""blankLines"":1,""language"":""Nix"",""commentLines"":0},{""codeLines"":31,""blankLines"":0,""language"":""SQL"",""commentLines"":0},{""codeLines"":67183,""blankLines"":7795,""language"":""Rust"",""commentLines"":4300}]",2025-04-14T07:49:22,dce415566e7e82140e421881257c9c23a8ad8c8a,True,False,False,False,"{""C"":126689874,""Rust"":2322432,""CSS"":294903,""Go"":205487,""C++"":137999,""Makefile"":95379,""Jupyter Notebook"":76764,""Scheme"":49016,""TypeScript"":46957,""JavaScript"":26854,""Swift"":14746,""Python"":8231,""C#"":6230,""Shell"":5073,""RenderScript"":4123,""Vue"":1500,""HCL"":720,""Java"":718,""HTML"":711,""CMake"":443,""Solidity"":350,""PLSQL"":306,""Kotlin"":232,""Nix"":169,""Ruby"":149}",AST surprise;Tusk;Tusk Investigator;bug;documentation;duplicate;enhancement;eval;fine;go;good first issue;help wanted;invalid;language;needs reproduction;python;question;rewrite heuristics;ruby;rust;small;wontfix;workflows;💎 bounty;💰 rewarded;🙋 bounty claim,ast;codemod;javascript;linter;refactoring;rust;search;tree-sitter,v0.1.0-alpha.1715733897,First Release,C
94760533,sweetpad-dev/sweetpad,False,1014,68,46,97,Rust,main,MIT License,https://marketplace.visualstudio.com/items?itemName=sweetpad.sweetpad,12,1884,32,102837,2024-01-16T08:53:59,2026-09-28T10:04:12,2026-10-03T07:25:49,178,3,145,1,20589.0,1468790.0,28952.0,"[{""codeLines"":1147,""blankLines"":92,""language"":""YAML"",""commentLines"":175},{""codeLines"":13656,""blankLines"":3437,""language"":""Markdown"",""commentLines"":3},{""codeLines"":39,""blankLines"":9,""language"":""C/C++ Header"",""commentLines"":0},{""codeLines"":3,""blankLines"":0,""language"":""C++"",""commentLines"":4},{""codeLines"":1065,""blankLines"":176,""language"":""Bourne Shell"",""commentLines"":386},{""codeLines"":108,""blankLines"":19,""language"":""JavaScript"",""commentLines"":36},{""codeLines"":178279,""blankLines"":3043,""language"":""Text"",""commentLines"":0},{""codeLines"":3,""blankLines"":0,""language"":""C"",""commentLines"":4},{""codeLines"":3,""blankLines"":0,""language"":""Objective-C++"",""commentLines"":5},{""codeLines"":5188,""blankLines"":1202,""language"":""Python"",""commentLines"":2151},{""codeLines"":510,""blankLines"":101,""language"":""CSS"",""commentLines"":35},{""codeLines"":2299,""blankLines"":338,""language"":""Swift"",""commentLines"":385},{""codeLines"":121,""blankLines"":15,""language"":""TOML"",""commentLines"":26},{""codeLines"":12,""blankLines"":0,""language"":""SVG"",""commentLines"":0},{""codeLines"":98442,""blankLines"":8223,""language"":""Rust"",""commentLines"":21576},{""codeLines"":1130942,""blankLines"":0,""language"":""JSON"",""commentLines"":0},{""codeLines"":25418,""blankLines"":3911,""language"":""TypeScript"",""commentLines"":4161},{""codeLines"":1,""blankLines"":0,""language"":""Linker Script"",""commentLines"":0},{""codeLines"":11517,""blankLines"":17,""language"":""XML"",""commentLines"":0},{""codeLines"":37,""blankLines"":6,""language"":""Objective-C"",""commentLines"":5}]",2026-09-28T10:04:10,59dbd3939ad87c2e0fd643a1fd425d8b5adfee62,False,False,False,False,"{""Rust"":4919466,""TypeScript"":1197874,""Python"":332144,""Shell"":64331,""Swift"":55259,""CSS"":13038,""JavaScript"":6452,""Objective-C"":1383,""C"":391,""Objective-C++"":383,""C++"":362,""Ruby"":88}",bug 🐛;dependencies;javascript;next 👋;top priority 🔥,ios-development;ios-swift;vscode-extension,v0.1.76,First Release,TypeScript
94882152,kika/fixedsys,False,84,3,11,55,Rust,master,,,25,1219,5,1166,2016-05-05T11:13:45,2026-04-23T02:40:44,2026-04-23T06:21:10,34,4,12,1,6585.0,261304.0,343.0,"[{""codeLines"":258780,""blankLines"":6242,""language"":""XML"",""commentLines"":154},{""codeLines"":36,""blankLines"":1,""language"":""Text"",""commentLines"":0},{""codeLines"":2255,""blankLines"":277,""language"":""Rust"",""commentLines"":189},{""codeLines"":10,""blankLines"":1,""language"":""TOML"",""commentLines"":0},{""codeLines"":15,""blankLines"":5,""language"":""make"",""commentLines"":0},{""codeLines"":208,""blankLines"":59,""language"":""Markdown"",""commentLines"":0}]",2026-02-20T03:37:51,3f37fa8855bdbc542c817947ede82bef7c4049eb,True,False,False,False,"{""Rust"":83940,""Makefile"":374}",bug;dependencies;duplicate;enhancement;help wanted;invalid;question;rust;wontfix,,v3.02.0,First Release,Makefile
94899822,Splode/pomotroid,False,848,17,31,468,Rust,main,MIT License,https://pomotroid.app,39,5508,21,9829,2018-01-26T04:47:51,2026-09-07T11:38:41,2026-09-20T12:52:28,235,112,248,18,4880.0,22718.0,1343.0,"[{""codeLines"":9,""blankLines"":0,""language"":""XML"",""commentLines"":0},{""codeLines"":76,""blankLines"":40,""language"":""Bourne Shell"",""commentLines"":46},{""codeLines"":48,""blankLines"":5,""language"":""JavaScript"",""commentLines"":11},{""codeLines"":5150,""blankLines"":3021,""language"":""Markdown"",""commentLines"":1},{""codeLines"":5149,""blankLines"":601,""language"":""Svelte"",""commentLines"":77},{""codeLines"":563,""blankLines"":105,""language"":""YAML"",""commentLines"":52},{""codeLines"":21,""blankLines"":1,""language"":""EJS"",""commentLines"":3},{""codeLines"":4476,""blankLines"":679,""language"":""Rust"",""commentLines"":928},{""codeLines"":345,""blankLines"":79,""language"":""TypeScript"",""commentLines"":98},{""codeLines"":200,""blankLines"":29,""language"":""SCSS"",""commentLines"":1},{""codeLines"":4030,""blankLines"":0,""language"":""JSON"",""commentLines"":0},{""codeLines"":139,""blankLines"":47,""language"":""Python"",""commentLines"":30},{""codeLines"":68,""blankLines"":12,""language"":""CSS"",""commentLines"":16},{""codeLines"":12,""blankLines"":0,""language"":""HTML"",""commentLines"":0},{""codeLines"":35,""blankLines"":10,""language"":""TOML"",""commentLines"":4},{""codeLines"":2397,""blankLines"":251,""language"":""Vuejs Component"",""commentLines"":76}]",2026-06-19T08:23:32,f9f0b266f7a04b895599ca660544219c0d0df054,False,False,False,False,"{""Rust"":232075,""Svelte"":164953,""Vue"":66553,""TypeScript"":18375,""Python"":7926,""Shell"":6272,""SCSS"":4244,""CSS"":2676,""JavaScript"":1707,""EJS"":760,""HTML"":291}",bug;dependencies;duplicate;enhancement;good first issue;hacktoberfest;hacktoberfest-accepted;help wanted;invalid;javascript;question;rust;wontfix,pomodoro;pomodoro-technique;pomodoro-timer;productivity;rust;svelte;tauri;time-management,v0.1.0,First Release,JavaScript
94899861,shiyutim/tickets,False,36,8,11,425,Rust,master,MIT License,,12,3323,1,5091,2023-06-04T12:56:13,2026-09-13T06:16:16,2026-09-20T06:53:32,159,85,0,0,511.0,11722.0,37.0,"[{""codeLines"":34,""blankLines"":7,""language"":""TOML"",""commentLines"":4},{""codeLines"":107,""blankLines"":4,""language"":""YAML"",""commentLines"":0},{""codeLines"":317,""blankLines"":1,""language"":""CSS"",""commentLines"":0},{""codeLines"":5123,""blankLines"":246,""language"":""Rust"",""commentLines"":7},{""codeLines"":1222,""blankLines"":39,""language"":""Vuejs Component"",""commentLines"":4},{""codeLines"":9,""blankLines"":0,""language"":""SVG"",""commentLines"":0},{""codeLines"":3195,""blankLines"":0,""language"":""JSON"",""commentLines"":0},{""codeLines"":1605,""blankLines"":163,""language"":""JavaScript"",""commentLines"":22},{""codeLines"":97,""blankLines"":50,""language"":""Markdown"",""commentLines"":0},{""codeLines"":13,""blankLines"":1,""language"":""HTML"",""commentLines"":0}]",2026-09-13T06:11:32,388a86ee48c1daae88a4849a0aea93c3ab1a31b9,True,False,False,False,"{""Rust"":196296,""Vue"":103740,""JavaScript"":98328,""CSS"":30596,""HTML"":370}",bug;documentation;duplicate;enhancement;good first issue;help wanted;invalid;question;wontfix,bilibili;damai;rust;tauri;vue,v0.0.1,First Release,JavaScript
94905438,ccfddl/ccf-deadlines,False,3153,3,0,627,Rust,main,MIT License,https://ccfddl.com,21,9406,332,19503,2021-02-01T06:08:25,2026-10-04T10:22:40,2026-10-04T10:22:43,126,2,3029,0,2812.0,62636.0,1590.0,"[{""codeLines"":12,""blankLines"":1,""language"":""Text"",""commentLines"":0},{""codeLines"":3347,""blankLines"":588,""language"":""Python"",""commentLines"":355},{""codeLines"":3901,""blankLines"":629,""language"":""CSS"",""commentLines"":17},{""codeLines"":358,""blankLines"":16,""language"":""HTML"",""commentLines"":5},{""codeLines"":4641,""blankLines"":0,""language"":""JSON"",""commentLines"":0},{""codeLines"":21,""blankLines"":6,""language"":""Bourne Again Shell"",""commentLines"":0},{""codeLines"":998,""blankLines"":74,""language"":""Vuejs Component"",""commentLines"":85},{""codeLines"":68,""blankLines"":10,""language"":""TOML"",""commentLines"":0},{""codeLines"":1206,""blankLines"":550,""language"":""Markdown"",""commentLines"":5},{""codeLines"":33215,""blankLines"":0,""language"":""YAML"",""commentLines"":1013},{""codeLines"":9,""blankLines"":0,""language"":""XML"",""commentLines"":0},{""codeLines"":5473,""blankLines"":419,""language"":""JavaScript"",""commentLines"":41},{""codeLines"":8907,""blankLines"":490,""language"":""Rust"",""commentLines"":61},{""codeLines"":330,""blankLines"":7,""language"":""SVG"",""commentLines"":1},{""codeLines"":150,""blankLines"":22,""language"":""SQL"",""commentLines"":7}]",2026-10-04T10:22:37,7a1600518dd080b5fb0572c53880a2802ab3dd9a,False,False,False,False,"{""Rust"":438071,""JavaScript"":212833,""Python"":197850,""CSS"":82656,""Vue"":37650,""HTML"":19111,""Shell"":517}",duplicate;invalid;ready-to-merge;status/lgt1;status/lgt2;type/bug;type/call-for-contribution;type/enhancement;type/question;updateconf;wontfix,artificial-intelligence;blockchain-technology;ccf-rankings;computer-systems;conf-deadline;data-management;deadline;networked-systems;security-systems;social-computing;software-engineering,5df783eada9edf8f30927622d55fc9c1688c39d4,10% Commit (315/3153),Vue
94954022,eythaann/Seelen-UI,False,2890,5,196,616,Rust,master,GNU Affero General Public License v3.0,,78,17945,55,91680,2024-02-16T06:03:35,2026-10-04T12:48:49,2026-10-04T01:22:02,1000,41,757,5,13729.0,159249.0,5617.0,"[{""codeLines"":129,""blankLines"":11,""language"":""HTML"",""commentLines"":1},{""codeLines"":2907,""blankLines"":472,""language"":""CSS"",""commentLines"":56},{""codeLines"":2684,""blankLines"":522,""language"":""SCSS"",""commentLines"":36},{""codeLines"":8000,""blankLines"":11,""language"":""JSON"",""commentLines"":0},{""codeLines"":19220,""blankLines"":3062,""language"":""TypeScript"",""commentLines"":1360},{""codeLines"":560,""blankLines"":18,""language"":""SVG"",""commentLines"":6},{""codeLines"":40460,""blankLines"":5878,""language"":""Rust"",""commentLines"":4003},{""codeLines"":7235,""blankLines"":976,""language"":""Svelte"",""commentLines"":5},{""codeLines"":4005,""blankLines"":1753,""language"":""Markdown"",""commentLines"":3},{""codeLines"":72443,""blankLines"":748,""language"":""YAML"",""commentLines"":17},{""codeLines"":216,""blankLines"":60,""language"":""AutoHotkey"",""commentLines"":76},{""codeLines"":140,""blankLines"":13,""language"":""XML"",""commentLines"":4},{""codeLines"":717,""blankLines"":139,""language"":""JavaScript"",""commentLines"":20},{""codeLines"":419,""blankLines"":29,""language"":""TOML"",""commentLines"":8},{""codeLines"":111,""blankLines"":37,""language"":""PowerShell"",""commentLines"":22},{""codeLines"":3,""blankLines"":0,""language"":""DOS Batch"",""commentLines"":0}]",2026-10-04T12:45:13,6c3b9f64ceefa08ddca8329fbfb5ec9638a84d8c,False,False,False,False,"{""Rust"":1776008,""TypeScript"":706028,""Svelte"":248115,""CSS"":73009,""SCSS"":64736,""NSIS"":34361,""JavaScript"":22898,""HTML"":8997,""AutoHotkey"":8116,""PowerShell"":6266,""Batchfile"":36,""RenderScript"":5}",Windows System Issue;approved;beta-channel;bug;deadlock;dependencies;dock/taskbar;documentation;enhancement;feature request;help wanted;invalid;javascript;layer-8;monitors;msix;nightly;question;rust;setup;third-party;toolbar;translations;typo;unreplicable;wallpaper-manager;window-manager;windows-10,app-launcher;desktop-application;dock;finder;multilanguage;seelen;seelen-ui;taskbar;tauri;tauri-app;tiling-window-manager;toolbar;tools;topbar;wallpaper;web;web-technologies;windows;windows-11,v1.0.0-beta.1,First Release,TypeScript
94957534,StarlightSearch/EmbedAnything,False,921,33,39,141,Rust,main,Apache License 2.0,https://embed-anything.com/,12,1310,23,41373,2024-03-31T10:37:47,2026-09-25T02:02:10,2026-10-03T08:50:50,75,20,124,0,5245.0,28059.0,2854.0,"[{""codeLines"":270,""blankLines"":0,""language"":""Jupyter Notebook"",""commentLines"":296},{""codeLines"":20754,""blankLines"":2492,""language"":""Rust"",""commentLines"":1258},{""codeLines"":211,""blankLines"":50,""language"":""TOML"",""commentLines"":21},{""codeLines"":3954,""blankLines"":1661,""language"":""Markdown"",""commentLines"":18},{""codeLines"":7,""blankLines"":3,""language"":""HTML"",""commentLines"":0},{""codeLines"":2435,""blankLines"":950,""language"":""Python"",""commentLines"":1227},{""codeLines"":8,""blankLines"":0,""language"":""Text"",""commentLines"":0},{""codeLines"":279,""blankLines"":33,""language"":""YAML"",""commentLines"":13},{""codeLines"":141,""blankLines"":56,""language"":""Dockerfile"",""commentLines"":21}]",2026-09-25T02:01:48,74a68f2ed00071ef9c88449101aec4c414a9c38d,False,False,False,False,"{""Rust"":835385,""Jupyter Notebook"":144528,""Python"":64688,""JavaScript"":22878,""Dockerfile"":6116,""CSS"":2741,""HTML"":101}",bug;documentation;duplicate;enhancement;good first issue;help wanted;invalid;question;wontfix,ai;cloud;generative-ai;hacktoberfest;high-performance;indexing;inference;information-retrieval;large-language-models;local;machine-learning;onnxruntime;pipeline;production-ready;python;rag;rust;search;server;vector-database,v0.1.20,First Release,Jupyter Notebook
94996576,oven-sh/bun,False,15766,4558,214,4721,Rust,main,Other,https://bun.com,628,93330,452,582730,2021-04-14T12:48:17,2026-06-20T06:27:07,2026-06-20T07:52:44,16999,5099,14331,2104,399470.0,3166802.0,564575.0,"[{""codeLines"":527639,""blankLines"":78573,""language"":""Zig"",""commentLines"":59558},{""codeLines"":432395,""blankLines"":47397,""language"":""JavaScript"",""commentLines"":46538},{""codeLines"":2935,""blankLines"":501,""language"":""Bourne Shell"",""commentLines"":354},{""codeLines"":127,""blankLines"":19,""language"":""Prisma Schema"",""commentLines"":11},{""codeLines"":876,""blankLines"":152,""language"":""zsh"",""commentLines"":11},{""codeLines"":293,""blankLines"":46,""language"":""HCL"",""commentLines"":46},{""codeLines"":6,""blankLines"":0,""language"":""Handlebars"",""commentLines"":0},{""codeLines"":767127,""blankLines"":84784,""language"":""Rust"",""commentLines"":174149},{""codeLines"":640,""blankLines"":96,""language"":""Perl"",""commentLines"":71},{""codeLines"":711,""blankLines"":177,""language"":""make"",""commentLines"":83},{""codeLines"":219,""blankLines"":25,""language"":""Nix"",""commentLines"":35},{""codeLines"":60010,""blankLines"":14280,""language"":""C/C++ Header"",""commentLines"":29473},{""codeLines"":513078,""blankLines"":73008,""language"":""TypeScript"",""commentLines"":139277},{""codeLines"":22,""blankLines"":0,""language"":""DOS Batch"",""commentLines"":0},{""codeLines"":63,""blankLines"":34,""language"":""INI"",""commentLines"":25},{""codeLines"":15495,""blankLines"":191,""language"":""Diff"",""commentLines"":2474},{""codeLines"":1797,""blankLines"":120,""language"":""IDL"",""commentLines"":0},{""codeLines"":65559,""blankLines"":3780,""language"":""Text"",""commentLines"":0},{""codeLines"":3582,""blankLines"":668,""language"":""Python"",""commentLines"":507},{""codeLines"":202183,""blankLines"":21833,""language"":""C"",""commentLines"":84677},{""codeLines"":10547,""blankLines"":89,""language"":""JSX"",""commentLines"":64},{""codeLines"":32,""blankLines"":0,""language"":""JSON5"",""commentLines"":2},{""codeLines"":3151,""blankLines"":413,""language"":""TOML"",""commentLines"":299},{""codeLines"":1218,""blankLines"":227,""language"":""PowerShell"",""commentLines"":194},{""codeLines"":322,""blankLines"":43,""language"":""Ruby"",""commentLines"":27},{""codeLines"":78,""blankLines"":0,""language"":""XML"",""commentLines"":0},{""codeLines"":3419,""blankLines"":478,""language"":""Svelte"",""commentLines"":3},{""codeLines"":220023,""blankLines"":27726,""language"":""C++"",""commentLines"":20506},{""codeLines"":625,""blankLines"":4,""language"":""SVG"",""commentLines"":0},{""codeLines"":146015,""blankLines"":38543,""language"":""Markdown"",""commentLines"":69},{""codeLines"":135,""blankLines"":37,""language"":""Fish Shell"",""commentLines"":24},{""codeLines"":340,""blankLines"":101,""language"":""Protocol Buffers"",""commentLines"":279},{""codeLines"":4099,""blankLines"":651,""language"":""YAML"",""commentLines"":295},{""codeLines"":2483,""blankLines"":144,""language"":""HTML"",""commentLines"":4},{""codeLines"":177,""blankLines"":6,""language"":""SQL"",""commentLines"":8},{""codeLines"":54573,""blankLines"":4383,""language"":""CSS"",""commentLines"":4917},{""codeLines"":35,""blankLines"":3,""language"":""Windows Resource File"",""commentLines"":4},{""codeLines"":660,""blankLines"":0,""language"":""Windows Module Definition"",""commentLines"":7},{""codeLines"":4535,""blankLines"":735,""language"":""CMake"",""commentLines"":465},{""codeLines"":166,""blankLines"":26,""language"":""Bourne Again Shell"",""commentLines"":7},{""codeLines"":33,""blankLines"":2,""language"":""Astro"",""commentLines"":0},{""codeLines"":641,""blankLines"":112,""language"":""Dockerfile"",""commentLines"":112},{""codeLines"":118738,""blankLines"":63,""language"":""JSON"",""commentLines"":0}]",2026-06-20T06:22:20,88417471cb28aab8943eb6227c014ac3f1c50cbc,False,False,False,False,"{""Rust"":38949574,""Zig"":27496695,""C++"":11943639,""TypeScript"":5186695,""C"":1623462,""JavaScript"":757645,""CMake"":162355,""Shell"":147545,""Python"":113632,""PowerShell"":59361,""Objective-C"":43301,""CSS"":39335,""HTML"":29325,""Perl"":27794,""Dockerfile"":25271,""Ruby"":14292,""HCL"":14259,""Linker Script"":12352,""Nix"":7878,""Svelte"":7198,""Makefile"":1169,""MDX"":864,""AMPL"":112,""Batchfile"":38,""RenderScript"":5}",HTMLRewriter;`ws` package;alpine;arm;assertion failed;atw;automation;backlog;bake:dev;bake:prod;breaking;bug;build;bun --hot;bun --watch;bun init;bun install;bun patch;bun upgrade;bun.js;bun:cc;bun:crypto;bun:dns;bun:ffi;bun:fs;bun:glob;bun:http;bun:jsc;bun:semver;bun:serve;bun:spawn;bun:sqlite;bun:tcp;bun:test;bun:udp;bundler;bunx;chore;claude;cli;codex;confirmed bug;console;crash;crash reporter bug;css;cursor;debugger;deploy-firebase;deploy-lambda;docker;docs;duplicate;ecosystem;enhancement;good first issue;idea;infrastructure;jsc;lambda;libuv;linear;linux;macos;macros;memory usage;minifier;musl;napi;needs investigate;needs repro;needs tests;needs triage;neverstale;nice-repro;node.js;node:assert;node:async_hooks;node:child_process;node:cluster;node:crypto;node:dgram;node:dns;node:fs;node:http;node:http2;node:https;node:module;node:net;node:os;node:path;node:process;node:readline;node:stream;node:tls;node:tty;node:url;node:util;node:v8;node:vm;node:zlib;old-version;performance;question;quick fix;redis;regression;release-notes;repl;runtime;s3;shell;single-file-executable;slop;sourcemaps;sql;stale;tech debt;tracking;tracking-pkg;transpiler;types;typescript;upstream;upstream:apple;upstream:zig;vscode;waiting-for-author;wasm;web-api;web:blob;web:crypto;web:encoding;web:fetch;web:js;web:performance;web:stream;web:url;web:websocket;windows;wintercg;worker;x86;yaml,bun;bundler;javascript;javascriptcore;jsx;nodejs;npm;react;transpiler;typescript;zig;ziglang,bun-build-8,First Release,Zig
95046492,facebook/flow,False,21956,300,477,1893,Rust,main,MIT License,https://flow.org/,381,22297,324,182692,2014-10-28T05:17:45,2026-10-04T12:00:01,2026-10-04T12:00:05,6734,509,2637,6,195335.0,1919291.0,139263.0,"[{""codeLines"":1362,""blankLines"":223,""language"":""Python"",""commentLines"":251},{""codeLines"":1988,""blankLines"":254,""language"":""CSS"",""commentLines"":720},{""codeLines"":4,""blankLines"":2,""language"":""Bourne Again Shell"",""commentLines"":2},{""codeLines"":7151,""blankLines"":1343,""language"":""C"",""commentLines"":2116},{""codeLines"":481285,""blankLines"":0,""language"":""JSON"",""commentLines"":0},{""codeLines"":7,""blankLines"":1,""language"":""DOS Batch"",""commentLines"":5},{""codeLines"":208691,""blankLines"":79608,""language"":""Expect"",""commentLines"":0},{""codeLines"":302432,""blankLines"":27993,""language"":""OCaml"",""commentLines"":30395},{""codeLines"":93,""blankLines"":0,""language"":""SVG"",""commentLines"":0},{""codeLines"":577324,""blankLines"":33803,""language"":""Rust"",""commentLines"":30083},{""codeLines"":5,""blankLines"":0,""language"":""JSX"",""commentLines"":0},{""codeLines"":1932,""blankLines"":254,""language"":""TOML"",""commentLines"":112},{""codeLines"":264462,""blankLines"":35694,""language"":""JavaScript"",""commentLines"":37798},{""codeLines"":12195,""blankLines"":7,""language"":""Text"",""commentLines"":0},{""codeLines"":25317,""blankLines"":8555,""language"":""Markdown"",""commentLines"":102},{""codeLines"":159,""blankLines"":56,""language"":""make"",""commentLines"":58},{""codeLines"":627,""blankLines"":17,""language"":""YAML"",""commentLines"":4},{""codeLines"":704,""blankLines"":307,""language"":""C/C++ Header"",""commentLines"":1082},{""codeLines"":684,""blankLines"":110,""language"":""C++"",""commentLines"":74},{""codeLines"":21,""blankLines"":6,""language"":""PowerShell"",""commentLines"":12},{""codeLines"":6846,""blankLines"":1855,""language"":""Bourne Shell"",""commentLines"":2528},{""codeLines"":339,""blankLines"":0,""language"":""Diff"",""commentLines"":1501},{""codeLines"":79,""blankLines"":4,""language"":""Dockerfile"",""commentLines"":8},{""codeLines"":25584,""blankLines"":5243,""language"":""TypeScript"",""commentLines"":32412}]",2026-10-03T11:57:27,a65bcf01c6b94db1a0f3b840bb244fc5008f4cc6,True,False,False,False,"{""Rust"":23058413,""JavaScript"":7451069,""OCaml"":1284672,""Shell"":414297,""TypeScript"":243661,""C"":139427,""CSS"":94690,""Python"":67231,""Makefile"":7790,""MDX"":6607,""C++"":5831,""Dockerfile"":4683,""PowerShell"":1522,""Vim Snippet"":248,""RenderScript"":190,""Dune"":143,""Ruby"":73}",abandoned;accepting prs;autocomplete;autoimports;blocked;bug;build;cla signed;closed: doesn't repro;closed: duplicate;closed: invalid;closed: no repro;closed: not a bug;closed: wontfix;coverage;crash;declarations;dependencies;destructuring;discussion;documentation;effort: easy;effort: hard;enhancement;error messages;es2015+;es2020;exhaustiveness checking;experiment;faq;fb-exported;feature request;flow-remove-types;flow-tool;flow.org;flowconfig;generators;get-def;gh review: accepted;ghi;github_actions;good first issue;has pr;help wanted;immutable.js;import started;incompleteness;interned comments;iterators;javascript;library definitions;linter;lsp;lti;merged;meta issue;meta-exported;method-unbinding;missing annotations;module resolution;needs docs;needs triage;node;nontermination / perf;opt-in vs. opt-out;optional chaining;parsing;pending clarification;question;reachability;react;react-native;regression;remove-types;repro needed;reverted;ruby;saved state;stalled;superseded;support;test262;this-typing;type information api;type-at-pos;typing: async/await;typing: completeness;typing: destructors;typing: functions;typing: interfaces;typing: object model;typing: opaque types;typing: other;typing: polymorphism;typing: property variance;typing: refinements;typing: rest;typing: soundness;typing: spread;typing: tuple;typing: unions/intersections;unsealed objects;website;windows support;wishlist,,v0.1.2,First Release,OCaml
95048593,plotly/plotly.rs,False,414,7,16,128,Rust,main,MIT License,https://docs.rs/plotly,28,1454,53,120330,2020-01-26T10:57:20,2026-09-14T03:05:09,2026-09-16T12:41:25,161,13,277,4,5008.0,43615.0,6670.0,"[{""codeLines"":389,""blankLines"":51,""language"":""YAML"",""commentLines"":19},{""codeLines"":37,""blankLines"":0,""language"":""Jupyter Notebook"",""commentLines"":116},{""codeLines"":2653,""blankLines"":1006,""language"":""Markdown"",""commentLines"":3},{""codeLines"":37,""blankLines"":0,""language"":""JSON"",""commentLines"":0},{""codeLines"":56,""blankLines"":16,""language"":""Bourne Shell"",""commentLines"":14},{""codeLines"":86,""blankLines"":16,""language"":""HTML"",""commentLines"":0},{""codeLines"":30,""blankLines"":3,""language"":""CSS"",""commentLines"":0},{""codeLines"":500,""blankLines"":0,""language"":""SVG"",""commentLines"":8},{""codeLines"":28659,""blankLines"":3275,""language"":""Rust"",""commentLines"":6265},{""codeLines"":3133,""blankLines"":577,""language"":""JavaScript"",""commentLines"":228},{""codeLines"":81,""blankLines"":13,""language"":""PowerShell"",""commentLines"":10},{""codeLines"":7507,""blankLines"":0,""language"":""CSV"",""commentLines"":0},{""codeLines"":446,""blankLines"":51,""language"":""TOML"",""commentLines"":7},{""codeLines"":1,""blankLines"":0,""language"":""Handlebars"",""commentLines"":0}]",2026-07-27T06:48:00,00fe0512e9f924bd0fc2edfc6cc617a1604f4e0d,True,False,False,False,"{""Rust"":1086610,""HTML"":2923}",bug;ci;dependencies;documentation;duplicate;enhancement;good first issue;help wanted;invalid;javascript;kaleido;question;rust;wontfix,barchart;candlestick-chart;chart;data-visualization;data-vizualisation;financial;financial-analysis;plot;plotly;plotlyjs;rust;scatter;scatterplot;statistics,0.8.3,First Release,JavaScript
95058072,taikoxyz/taiko-mono,False,4711,896,54,2285,Rust,main,Other,https://taiko.xyz,134,4557,314,342591,2022-07-28T04:22:58,2026-10-04T09:21:19,2026-10-02T03:00:28,1566,12,8267,19,60952.0,330939.0,49513.0,"[{""codeLines"":407,""blankLines"":0,""language"":""Text"",""commentLines"":0},{""codeLines"":74,""blankLines"":13,""language"":""Python"",""commentLines"":2},{""codeLines"":428,""blankLines"":88,""language"":""CSS"",""commentLines"":39},{""codeLines"":1068,""blankLines"":68,""language"":""HTML"",""commentLines"":31},{""codeLines"":110775,""blankLines"":22498,""language"":""Go"",""commentLines"":24846},{""codeLines"":29157,""blankLines"":4983,""language"":""TypeScript"",""commentLines"":3956},{""codeLines"":21,""blankLines"":5,""language"":""INI"",""commentLines"":0},{""codeLines"":31264,""blankLines"":7063,""language"":""Solidity"",""commentLines"":8880},{""codeLines"":266,""blankLines"":46,""language"":""SQL"",""commentLines"":276},{""codeLines"":91,""blankLines"":0,""language"":""SVG"",""commentLines"":0},{""codeLines"":1062,""blankLines"":244,""language"":""Bourne Shell"",""commentLines"":136},{""codeLines"":74240,""blankLines"":3988,""language"":""Rust"",""commentLines"":10347},{""codeLines"":23925,""blankLines"":5273,""language"":""YAML"",""commentLines"":495},{""codeLines"":45,""blankLines"":13,""language"":""TeX"",""commentLines"":0},{""codeLines"":32,""blankLines"":9,""language"":""make"",""commentLines"":0},{""codeLines"":36517,""blankLines"":14593,""language"":""Markdown"",""commentLines"":0},{""codeLines"":1331,""blankLines"":175,""language"":""JavaScript"",""commentLines"":194},{""codeLines"":11992,""blankLines"":1670,""language"":""Svelte"",""commentLines"":158},{""codeLines"":14,""blankLines"":0,""language"":""CSV"",""commentLines"":0},{""codeLines"":6733,""blankLines"":2,""language"":""JSON"",""commentLines"":0},{""codeLines"":590,""blankLines"":81,""language"":""Astro"",""commentLines"":13},{""codeLines"":67,""blankLines"":38,""language"":""Dockerfile"",""commentLines"":3},{""codeLines"":840,""blankLines"":102,""language"":""TOML"",""commentLines"":137}]",2026-10-02T02:59:32,5e36adb5d57983545e85a8ebf7db19867b5fbb46,False,False,False,False,"{""Rust"":3670908,""Solidity"":1897989,""Go"":1806467,""TypeScript"":1376729,""Svelte"":531958,""MDX"":123840,""HTML"":99415,""JavaScript"":56460,""Shell"":47818,""Astro"":17164,""CSS"":12021,""TeX"":4897,""Python"":2848,""Dockerfile"":2608,""Just"":1949,""Makefile"":1317}",area.blob-storage;area.blobindexer-rs;area.block-explorer;area.bridge;area.client;area.custom-runner;area.developer-experience;area.docs;area.ejector;area.event-indexer;area.guardian-prover-dashboard;area.nfts;area.node;area.ops;area.p2p;area.protocol;area.relayer;area.reorg-monitor;area.repo;area.swap;area.taiko-client-rs;area.tokenomics;area.website;area.zk-evm;autorelease: pending;autorelease: tagged;category.bug;category.ecosystem;category.enhancement;category.feature;category.security;codex;dependencies;github_actions;go;good first issue;javascript;meta.audits;meta.breakingABI;meta.events;option.do-not-merge;option.hive-test;option.pinned;option.review-by-ai;option.workflow_on;privacy.shadow;python;release-please:force-run;respond-to-hack;rust;security;stale;status.blocked;status.discussion;status.duplicate;status.in-progress;status.needs-review;status.stale;status.wont-do;trailblazer,based;ethereum;layer2;rollup;taiko;zk,blobstorage-v0.2.0,First Release,Go
95060159,AkiChase/scrcpy-mask,False,151,3,27,78,Rust,master,Apache License 2.0,,8,1092,4,57257,2024-03-14T03:37:49,2026-09-21T08:05:20,2026-10-02T05:59:29,93,5,46,0,4425.0,47687.0,366.0,"[{""codeLines"":21846,""blankLines"":1825,""language"":""Rust"",""commentLines"":254},{""codeLines"":92,""blankLines"":12,""language"":""WGSL"",""commentLines"":0},{""codeLines"":80,""blankLines"":8,""language"":""TOML"",""commentLines"":2},{""codeLines"":4254,""blankLines"":1090,""language"":""YAML"",""commentLines"":0},{""codeLines"":593,""blankLines"":298,""language"":""Markdown"",""commentLines"":7},{""codeLines"":252,""blankLines"":45,""language"":""Bourne Shell"",""commentLines"":2},{""codeLines"":169,""blankLines"":28,""language"":""JavaScript"",""commentLines"":0},{""codeLines"":81,""blankLines"":14,""language"":""SCSS"",""commentLines"":0},{""codeLines"":4762,""blankLines"":390,""language"":""Vuejs Component"",""commentLines"":66},{""codeLines"":177,""blankLines"":42,""language"":""PowerShell"",""commentLines"":1},{""codeLines"":65,""blankLines"":8,""language"":""CSS"",""commentLines"":0},{""codeLines"":16,""blankLines"":0,""language"":""HTML"",""commentLines"":0},{""codeLines"":50,""blankLines"":13,""language"":""Pest"",""commentLines"":2},{""codeLines"":4332,""blankLines"":6,""language"":""JSON"",""commentLines"":0},{""codeLines"":10918,""blankLines"":646,""language"":""TypeScript"",""commentLines"":32}]",2026-09-21T08:05:07,f490d8bb86ea305b9a3f6762ed050c98d7e4627a,True,False,False,False,"{""Rust"":814912,""TypeScript"":326821,""Vue"":142773,""Shell"":7747,""PowerShell"":6492,""JavaScript"":5174,""WGSL"":2589,""SCSS"":1545,""Just"":1391,""CSS"":1208,""HTML"":539}",bug;documentation;duplicate;enhancement;good first issue;help wanted;invalid;question;wontfix,bevy;react;rust;scrcpy,v0.1.1,First Release,TypeScript
95068983,gauge-sh/tach,False,2304,24,128,69,Rust,main,MIT License,https://docs.gauge.sh/,14,2529,20,23909,2024-01-31T08:12:23,2025-10-20T04:13:14,2025-10-21T05:13:12,129,22,701,14,3367.0,20254.0,622.0,"[{""codeLines"":805,""blankLines"":125,""language"":""TOML"",""commentLines"":7},{""codeLines"":329,""blankLines"":24,""language"":""YAML"",""commentLines"":4},{""codeLines"":10928,""blankLines"":1304,""language"":""Rust"",""commentLines"":270},{""codeLines"":1415,""blankLines"":601,""language"":""Markdown"",""commentLines"":0},{""codeLines"":721,""blankLines"":0,""language"":""JSON"",""commentLines"":0},{""codeLines"":511,""blankLines"":84,""language"":""TypeScript"",""commentLines"":30},{""codeLines"":51,""blankLines"":5,""language"":""JavaScript"",""commentLines"":7},{""codeLines"":63,""blankLines"":33,""language"":""make"",""commentLines"":1},{""codeLines"":7,""blankLines"":0,""language"":""Text"",""commentLines"":0},{""codeLines"":5424,""blankLines"":1191,""language"":""Python"",""commentLines"":303}]",2025-06-04T01:28:54,57c1d372842cd8d31fca9fde2cdf881bbe99a1dd,True,False,False,False,"{""Rust"":424628,""Python"":212463,""TypeScript"":21992,""JavaScript"":2040,""Makefile"":2026}",Tach;bug;dependencies;documentation;duplicate;enhancement;good first issue;help wanted;invalid;python;question;rust;wontfix,ci;cli;code-quality;config;dependency-management;developer-tools;devops;framework;library;monorepo;open-source;package;productivity;programming;python;rust;static-code-analysis;terminal,0.3.1,First Release,Python
95073655,IntQuant/noita_entangled_worlds,False,2632,2,219,90,Rust,master,Apache License 2.0,,11,1278,25,31125,2024-05-14T07:54:20,2026-09-13T01:07:46,2026-09-19T09:42:02,404,72,114,1,5453.0,68326.0,3560.0,"[{""codeLines"":24524,""blankLines"":1490,""language"":""Rust"",""commentLines"":1785},{""codeLines"":345,""blankLines"":29,""language"":""Nix"",""commentLines"":31},{""codeLines"":36,""blankLines"":0,""language"":""CSV"",""commentLines"":0},{""codeLines"":182,""blankLines"":29,""language"":""TOML"",""commentLines"":7},{""codeLines"":410,""blankLines"":130,""language"":""Python"",""commentLines"":13},{""codeLines"":7993,""blankLines"":0,""language"":""JSON"",""commentLines"":0},{""codeLines"":6808,""blankLines"":728,""language"":""XML"",""commentLines"":72},{""codeLines"":205,""blankLines"":83,""language"":""Markdown"",""commentLines"":0},{""codeLines"":31,""blankLines"":6,""language"":""Bourne Shell"",""commentLines"":0},{""codeLines"":5542,""blankLines"":0,""language"":""Text"",""commentLines"":0},{""codeLines"":150,""blankLines"":26,""language"":""YAML"",""commentLines"":1},{""codeLines"":20744,""blankLines"":2640,""language"":""Lua"",""commentLines"":1651},{""codeLines"":1356,""blankLines"":292,""language"":""Freemarker Template"",""commentLines"":0}]",2026-09-13T01:07:44,b2971f297141877189e2a1c26f9ac6d6f1b70e0b,True,False,False,False,"{""Rust"":999193,""Lua"":864532,""Fluent"":83295,""Python"":17114,""Nix"":10143,""Just"":2169,""Shell"":1488,""Dockerfile"":216}",C-ewext;C-game;C-proxy;C-quantew;D-documentation;F-enhancement;I-external;I-modcompat;P-gog;P-itch;S-desync;S-entitysync;S-worldsync;i-bug;i-performance;m-duplicate;m-good first issue;m-help wanted;m-invalid;m-question;m-wontfix;o-linux;o-mac;o-windows;p-steam,mod;multiplayer;noita;noita-mod,v0.1,First Release,Lua
95077574,microsoft/sudo,False,28,4,0,179,Rust,main,MIT License,,40,5860,17,2442,2024-02-01T05:51:00,2026-10-01T11:14:09,2026-10-02T07:57:08,80,48,34,6,670.0,4666.0,1469.0,"[{""codeLines"":27,""blankLines"":3,""language"":""IDL"",""commentLines"":0},{""codeLines"":35,""blankLines"":0,""language"":""Jupyter Notebook"",""commentLines"":568},{""codeLines"":2,""blankLines"":3,""language"":""Windows Resource File"",""commentLines"":19},{""codeLines"":34,""blankLines"":13,""language"":""DOS Batch"",""commentLines"":0},{""codeLines"":426,""blankLines"":62,""language"":""PowerShell"",""commentLines"":106},{""codeLines"":9,""blankLines"":0,""language"":""Text"",""commentLines"":0},{""codeLines"":16,""blankLines"":1,""language"":""Lua"",""commentLines"":0},{""codeLines"":1037,""blankLines"":89,""language"":""YAML"",""commentLines"":140},{""codeLines"":318,""blankLines"":114,""language"":""Markdown"",""commentLines"":2},{""codeLines"":2283,""blankLines"":337,""language"":""Rust"",""commentLines"":524},{""codeLines"":70,""blankLines"":0,""language"":""SVG"",""commentLines"":0},{""codeLines"":114,""blankLines"":23,""language"":""TOML"",""commentLines"":51},{""codeLines"":69,""blankLines"":11,""language"":""C"",""commentLines"":9},{""codeLines"":226,""blankLines"":14,""language"":""XML"",""commentLines"":50}]",2026-08-26T05:17:58,feadab8d32f06d7f6e87e5370b071103b175a595,True,False,False,False,"{""Rust"":112988,""PowerShell"":22691,""Jupyter Notebook"":14041,""Roff"":4072,""C"":2121,""Batchfile"":310}",dependencies;github_actions;good first issue;help wanted;issue-bug;issue-docs;issue-feature;issue-question;issue-scenario;issue-task;needs-attention;needs-author-feedback;needs-discussion;needs-repro;needs-triage;no-recent-activity;resolution-answered;resolution-by-design;resolution-duplicate;resolution-external;resolution-fix-committed;resolution-no-repro;resolution-won't-fix;severity-blocking;severity-crash;tracking-external;⛺ reserved,sudo;windows;windows-11,0ea49397de554204d0b0c06d03402d14bd628b0e,10% Commit (2/28),PowerShell
95087479,servo/servo,False,58474,160,16,3817,Rust,main,Mozilla Public License 2.0,https://servo.org,506,38069,407,2007911,2012-02-08T07:07:25,2026-10-04T02:55:09,2026-10-04T02:15:08,16638,2912,31763,253,1638747.0,10258545.0,1585953.0,"[{""codeLines"":334976,""blankLines"":367,""language"":""XML"",""commentLines"":201},{""codeLines"":19099,""blankLines"":6290,""language"":""Markdown"",""commentLines"":177},{""codeLines"":32843,""blankLines"":2994,""language"":""YAML"",""commentLines"":630},{""codeLines"":285,""blankLines"":40,""language"":""Gradle"",""commentLines"":27},{""codeLines"":433,""blankLines"":150,""language"":""Java"",""commentLines"":18},{""codeLines"":4744,""blankLines"":569,""language"":""TOML"",""commentLines"":301},{""codeLines"":1398,""blankLines"":253,""language"":""Kotlin"",""commentLines"":82},{""codeLines"":2,""blankLines"":0,""language"":""CMake"",""commentLines"":1},{""codeLines"":152,""blankLines"":45,""language"":""Dockerfile"",""commentLines"":30},{""codeLines"":0,""blankLines"":3,""language"":""ProGuard"",""commentLines"":18},{""codeLines"":113,""blankLines"":15,""language"":""XSD"",""commentLines"":19},{""codeLines"":117,""blankLines"":14,""language"":""Mako"",""commentLines"":0},{""codeLines"":27853,""blankLines"":9121,""language"":""GLSL"",""commentLines"":8788},{""codeLines"":127,""blankLines"":20,""language"":""TypeScript"",""commentLines"":103},{""codeLines"":41710,""blankLines"":1781,""language"":""XHTML"",""commentLines"":2158},{""codeLines"":763,""blankLines"":155,""language"":""C"",""commentLines"":67},{""codeLines"":335023,""blankLines"":88671,""language"":""Python"",""commentLines"":86316},{""codeLines"":1009,""blankLines"":60,""language"":""Diff"",""commentLines"":1515},{""codeLines"":6,""blankLines"":3,""language"":""Cucumber"",""commentLines"":0},{""codeLines"":2125,""blankLines"":0,""language"":""DTD"",""commentLines"":0},{""codeLines"":25,""blankLines"":2,""language"":""WiX source"",""commentLines"":0},{""codeLines"":146,""blankLines"":15,""language"":""XSLT"",""commentLines"":8},{""codeLines"":55,""blankLines"":1,""language"":""WebAssembly"",""commentLines"":0},{""codeLines"":2050,""blankLines"":406,""language"":""Bourne Shell"",""commentLines"":583},{""codeLines"":189,""blankLines"":19,""language"":""ArkTs"",""commentLines"":26},{""codeLines"":2337492,""blankLines"":617751,""language"":""JavaScript"",""commentLines"":1292581},{""codeLines"":1,""blankLines"":0,""language"":""CSV"",""commentLines"":0},{""codeLines"":11,""blankLines"":0,""language"":""Properties"",""commentLines"":12},{""codeLines"":1179,""blankLines"":241,""language"":""make"",""commentLines"":82},{""codeLines"":21,""blankLines"":7,""language"":""Jinja Template"",""commentLines"":0},{""codeLines"":150,""blankLines"":1,""language"":""Visual Basic"",""commentLines"":0},{""codeLines"":61,""blankLines"":9,""language"":""PowerShell"",""commentLines"":6},{""codeLines"":203,""blankLines"":1,""language"":""JSON5"",""commentLines"":7},{""codeLines"":78,""blankLines"":5,""language"":""Handlebars"",""commentLines"":0},{""codeLines"":89,""blankLines"":22,""language"":""SCSS"",""commentLines"":13},{""codeLines"":876,""blankLines"":140,""language"":""DOS Batch"",""commentLines"":8},{""codeLines"":27949,""blankLines"":23153,""language"":""reStructuredText"",""commentLines"":22110},{""codeLines"":23637,""blankLines"":4488,""language"":""IDL"",""commentLines"":0},{""codeLines"":1806211,""blankLines"":351,""language"":""JSON"",""commentLines"":0},{""codeLines"":15,""blankLines"":3,""language"":""Bourne Again Shell"",""commentLines"":5},{""codeLines"":37564,""blankLines"":7675,""language"":""Text"",""commentLines"":0},{""codeLines"":15747,""blankLines"":2679,""language"":""CSS"",""commentLines"":905},{""codeLines"":3922053,""blankLines"":398959,""language"":""HTML"",""commentLines"":84165},{""codeLines"":714835,""blankLines"":411657,""language"":""INI"",""commentLines"":0},{""codeLines"":130,""blankLines"":23,""language"":""Nix"",""commentLines"":66},{""codeLines"":1326,""blankLines"":140,""language"":""Perl"",""commentLines"":116},{""codeLines"":143398,""blankLines"":3960,""language"":""SVG"",""commentLines"":9568},{""codeLines"":420276,""blankLines"":56488,""language"":""Rust"",""commentLines"":75241}]",2026-10-04T05:28:51,c699de3d02656331ed1d6e861ccda2344c718ade,True,False,False,False,"{""Rust"":21331624,""HTML"":9034755,""Python"":1359390,""WebIDL"":698823,""JavaScript"":122055,""Kotlin"":60440,""CSS"":44457,""C"":19427,""Java"":17966,""Shell"":12099,""TypeScript"":10200,""Handlebars"":9549,""Nix"":8350,""Mako"":4417,""Dockerfile"":3099,""PowerShell"":1028,""Makefile"":1022,""IDL"":356,""Batchfile"":256,""CMake"":91,""Common Lisp"":86,""Ruby"":31,""RenderScript"":29,""PostScript"":11}",Monthly Update;a-accessibility;a-api;a-build;a-constellation;a-content/bindings;a-content/bluetooth;a-content/canvas;a-content/css;a-content/dom;a-content/editing;a-content/images;a-content/indexeddb;a-content/media;a-content/parsers;a-content/script;a-content/svg;a-content/uncategorized;a-content/webaudio;a-content/webgl;a-content/webgpu;a-content/webrtc;a-crown;a-dependencies;a-devtools;a-documentation;a-embedding;a-forms;a-frontend;a-gfx/compositing;a-gfx/displaylist;a-gfx/rendering;a-gfx/uncategorized;a-infrastructure;a-input;a-layout/2020;a-layout/animations;a-layout/block;a-layout/columns;a-layout/flex;a-layout/floats;a-layout/grid;a-layout/incremental;a-layout/inline;a-layout/lists;a-layout/query;a-layout/table;a-layout/text;a-layout/tree-builder;a-layout/uncategorized;a-mach;a-multiprocess;a-network;a-perf-measurement;a-platform/fonts;a-platform/shaping;a-platform/utils;a-plugins;a-printing;a-profiling;a-security;a-servoshell;a-storage;a-stylo;a-testing;a-user agent;a-webcompat;a-webdriver;a-webrender;a-webvr;a-webxr;a-xr-spec-complete;a-xr-zomg;b-feature-tracking;b-high-value;b-interesting-project;b-meta;b-newcomer-not-yet;b-rfc;b-roadmap;backport-candidate;c-assigned;c-clarifying;c-disabled;c-duplicate;c-has-manual-testcase;c-has-open-pr;c-has-patch;c-is-this-done;c-looking for assistance;c-needs minimized testcase;c-needs-bisection;c-needs-investigation;c-needs-regression-range;c-needs-test;c-not-a-bug;c-reproduced;c-spam;c-triggered-by-web-page;c-untriaged;c-upstream;c-wontfix;dependencies;e-candidate-for-mentoring;e-less-complex;e-more-complex;e-very-complex;good first issue;i-bustage;i-cleanup;i-crash;i-enhancement;i-intermittent;i-memory-leak;i-panic;i-papercut;i-perf-bloat;i-perf-power;i-perf-slow;i-race;i-refactor;i-safety;i-spec-unclear;i-spec-update;i-wrong;javascript;l-css;l-java;l-javascript;l-python;l-rust;p-android;p-embedded;p-ios;p-linux;p-mac;p-ohos;p-windows;python;python:uv;rust;s-awaiting-answer;s-awaiting-merge;s-awaiting-review;s-blocked-on-closed-tree;s-blocked-on-external;s-fails-tidy;s-needs-code-changes;s-needs-decision;s-needs-new-owner;s-needs-rebase;s-needs-squash;s-needs-tests;s-tests-failed;s-work-in-progress;t-android;t-coverage;t-full;t-linux-bencher;t-linux-build-libservo;t-linux-devtools;t-linux-wpt;t-macos;t-ohos;t-webdriver;t-webgpu;t-windows,browser;rust;servo;web;webbrowser;webengine;webplatform,v0.0.1,First Release,Ecmarkup
95087852,microsoft/prompty,False,1420,33,11,128,Rust,main,MIT License,https://prompty.ai,15,1276,31,34257,2024-04-22T04:55:53,2026-09-28T06:53:33,2026-09-30T04:02:29,140,9,409,8,60487.0,479201.0,62046.0,"[{""codeLines"":100,""blankLines"":14,""language"":""CSS"",""commentLines"":3},{""codeLines"":13,""blankLines"":0,""language"":""HTML"",""commentLines"":0},{""codeLines"":66161,""blankLines"":6239,""language"":""Rust"",""commentLines"":5995},{""codeLines"":28943,""blankLines"":4050,""language"":""Swift"",""commentLines"":4004},{""codeLines"":113,""blankLines"":33,""language"":""Bourne Shell"",""commentLines"":120},{""codeLines"":4006,""blankLines"":544,""language"":""Nunjucks"",""commentLines"":605},{""codeLines"":868,""blankLines"":93,""language"":""JavaScript"",""commentLines"":175},{""codeLines"":42258,""blankLines"":6492,""language"":""Java"",""commentLines"":4973},{""codeLines"":90156,""blankLines"":5,""language"":""JSON"",""commentLines"":0},{""codeLines"":254,""blankLines"":27,""language"":""Astro"",""commentLines"":0},{""codeLines"":16,""blankLines"":7,""language"":""Dockerfile"",""commentLines"":2},{""codeLines"":329,""blankLines"":49,""language"":""SVG"",""commentLines"":34},{""codeLines"":2,""blankLines"":0,""language"":""Text"",""commentLines"":0},{""codeLines"":33337,""blankLines"":9911,""language"":""Python"",""commentLines"":25728},{""codeLines"":59308,""blankLines"":11446,""language"":""C#"",""commentLines"":11281},{""codeLines"":260,""blankLines"":31,""language"":""TOML"",""commentLines"":21},{""codeLines"":130,""blankLines"":1,""language"":""Visual Studio Solution"",""commentLines"":1},{""codeLines"":262,""blankLines"":49,""language"":""MSBuild script"",""commentLines"":3},{""codeLines"":15,""blankLines"":4,""language"":""INI"",""commentLines"":0},{""codeLines"":40682,""blankLines"":9689,""language"":""Markdown"",""commentLines"":180},{""codeLines"":6117,""blankLines"":254,""language"":""YAML"",""commentLines"":197},{""codeLines"":112,""blankLines"":50,""language"":""PowerShell"",""commentLines"":344},{""codeLines"":9,""blankLines"":0,""language"":""Properties"",""commentLines"":0},{""codeLines"":104,""blankLines"":33,""language"":""DOS Batch"",""commentLines"":1},{""codeLines"":992,""blankLines"":221,""language"":""SCSS"",""commentLines"":12},{""codeLines"":86,""blankLines"":18,""language"":""Gradle"",""commentLines"":18},{""codeLines"":25,""blankLines"":0,""language"":""XML"",""commentLines"":18},{""codeLines"":58379,""blankLines"":4700,""language"":""Go"",""commentLines"":3364},{""codeLines"":46164,""blankLines"":6527,""language"":""TypeScript"",""commentLines"":4967}]",2026-09-18T05:47:54,290c80064da9029918b93c3ec42128edd222955b,True,False,False,False,"{""Rust"":2752505,""C#"":2548183,""Java"":2329503,""Python"":2279947,""TypeScript"":2081460,""Swift"":1589934,""MDX"":911260,""Go"":488686,""TypeSpec"":461742,""Nunjucks"":189794,""JavaScript"":38074,""PowerShell"":25816,""SCSS"":19869,""Astro"":5084,""CSS"":3277,""Batchfile"":1430,""Dockerfile"":681,""Shell"":416,""HTML"":411}",autorelease: pending;autorelease: tagged;bug;csharp;dependencies;documentation;duplicate;enhancement;extension;github_actions;good first issue;help wanted;invalid;javascript;python;python:uv;question;release: rust;rust;specification;wontfix,generative-ai;llm-evaluation;llms;promptengineering;prompty,csharp/0.1.0-beta,First Release,Python
95092890,afadil/wealthfolio,False,2237,15,55,481,Rust,main,GNU Affero General Public License v3.0,https://wealthfolio.app,33,7356,38,137319,2024-05-27T02:44:18,2026-05-04T02:08:41,2026-05-04T05:15:40,471,205,408,22,41104.0,325185.0,26150.0,"[{""codeLines"":11383,""blankLines"":2563,""language"":""YAML"",""commentLines"":53},{""codeLines"":6,""blankLines"":2,""language"":""C/C++ Header"",""commentLines"":0},{""codeLines"":4489,""blankLines"":31,""language"":""JSON"",""commentLines"":0},{""codeLines"":150767,""blankLines"":15398,""language"":""TypeScript"",""commentLines"":10088},{""codeLines"":54,""blankLines"":15,""language"":""Dockerfile"",""commentLines"":26},{""codeLines"":127,""blankLines"":0,""language"":""CSV"",""commentLines"":0},{""codeLines"":396,""blankLines"":0,""language"":""XML"",""commentLines"":1},{""codeLines"":4,""blankLines"":1,""language"":""Bourne Again Shell"",""commentLines"":0},{""codeLines"":352,""blankLines"":67,""language"":""TOML"",""commentLines"":47},{""codeLines"":62,""blankLines"":3,""language"":""HTML"",""commentLines"":0},{""codeLines"":5,""blankLines"":1,""language"":""Objective-C++"",""commentLines"":0},{""codeLines"":907,""blankLines"":107,""language"":""CSS"",""commentLines"":78},{""codeLines"":166,""blankLines"":24,""language"":""Text"",""commentLines"":0},{""codeLines"":1360,""blankLines"":253,""language"":""JavaScript"",""commentLines"":327},{""codeLines"":8817,""blankLines"":2653,""language"":""Markdown"",""commentLines"":1},{""codeLines"":3025,""blankLines"":502,""language"":""SQL"",""commentLines"":555},{""codeLines"":206,""blankLines"":37,""language"":""Bourne Shell"",""commentLines"":10},{""codeLines"":21,""blankLines"":0,""language"":""SVG"",""commentLines"":0},{""codeLines"":143038,""blankLines"":19447,""language"":""Rust"",""commentLines"":14964}]",2026-05-04T02:06:44,0c2f0bd91a003da91feed6caa5d02fad13b2f730,False,False,False,False,"{""Rust"":6168267,""TypeScript"":6014470,""JavaScript"":55111,""CSS"":31100,""Shell"":6320,""Dockerfile"":3235,""HTML"":2116,""Ruby"":613,""Objective-C++"":100,""C++"":82}",architecture;bug;codex;csv-import;dependencies;documentation;duplicate;feature;good first issue;help wanted;integration;invalid;javascript;jules;question;rust;ux;wontfix,macos-app;portfolio-tracker;tauri-app,v1.0.0,First Release,TypeScript
95094141,maestro-os/maestro,False,3708,24,0,111,Rust,master,GNU Affero General Public License v3.0,https://blog.lenot.re,26,3336,5,8996,2020-11-29T07:32:39,2026-10-04T02:01:05,2026-10-04T02:01:11,19,8,76,2,5608.0,41228.0,15281.0,"[{""codeLines"":38756,""blankLines"":4879,""language"":""Rust"",""commentLines"":14989},{""codeLines"":203,""blankLines"":53,""language"":""TOML"",""commentLines"":19},{""codeLines"":87,""blankLines"":27,""language"":""Linker Script"",""commentLines"":77},{""codeLines"":17,""blankLines"":1,""language"":""Text"",""commentLines"":0},{""codeLines"":646,""blankLines"":129,""language"":""Assembly"",""commentLines"":131},{""codeLines"":23,""blankLines"":6,""language"":""C"",""commentLines"":21},{""codeLines"":7,""blankLines"":6,""language"":""C/C++ Header"",""commentLines"":26},{""codeLines"":34,""blankLines"":0,""language"":""JSON"",""commentLines"":0},{""codeLines"":149,""blankLines"":38,""language"":""Bourne Shell"",""commentLines"":18},{""codeLines"":487,""blankLines"":20,""language"":""YAML"",""commentLines"":0},{""codeLines"":819,""blankLines"":449,""language"":""Markdown"",""commentLines"":0}]",2026-10-04T02:01:04,f924975b58612dc104858e836e7909ec7f01f32a,False,False,False,False,"{""Rust"":1646457,""Assembly"":14867,""Shell"":5353,""Linker Script"":4410,""C"":1536,""C++"":90}",bug;documentation;duplicate;enhancement;good first issue;help wanted;invalid;question;wontfix,kernel;lightweight;operating-system;os;posix;rust;unix;x86-64,9eafd87e8879f1e7e8834f002769dc4272620750,10% Commit (370/3708),C
95095209,appsinacup/godot-rapier-physics,False,411,1,104,75,Rust,main,MIT License,https://godot.rapier.rs,15,1016,21,53465,2023-10-26T08:39:19,2026-10-02T01:02:57,2026-10-03T02:13:25,350,22,285,2,5576.0,44286.0,1927.0,"[{""codeLines"":17,""blankLines"":5,""language"":""Godot Shaders"",""commentLines"":0},{""codeLines"":234,""blankLines"":2,""language"":""SVG"",""commentLines"":2},{""codeLines"":117,""blankLines"":21,""language"":""TOML"",""commentLines"":15},{""codeLines"":510,""blankLines"":120,""language"":""Text"",""commentLines"":0},{""codeLines"":69,""blankLines"":18,""language"":""Python"",""commentLines"":8},{""codeLines"":1880,""blankLines"":710,""language"":""Godot Scene"",""commentLines"":0},{""codeLines"":100,""blankLines"":4,""language"":""Bourne Shell"",""commentLines"":4},{""codeLines"":44,""blankLines"":10,""language"":""Godot Resource"",""commentLines"":0},{""codeLines"":28063,""blankLines"":1806,""language"":""Rust"",""commentLines"":1053},{""codeLines"":74,""blankLines"":29,""language"":""PowerShell"",""commentLines"":4},{""codeLines"":80,""blankLines"":17,""language"":""C++"",""commentLines"":0},{""codeLines"":1083,""blankLines"":96,""language"":""YAML"",""commentLines"":25},{""codeLines"":11047,""blankLines"":2411,""language"":""GDScript"",""commentLines"":804},{""codeLines"":710,""blankLines"":314,""language"":""Markdown"",""commentLines"":0},{""codeLines"":37,""blankLines"":13,""language"":""C/C++ Header"",""commentLines"":0},{""codeLines"":9,""blankLines"":0,""language"":""JSON"",""commentLines"":0},{""codeLines"":212,""blankLines"":0,""language"":""XML"",""commentLines"":12}]",2026-10-02T07:46:34,ea14c11668ded37953610c1e48cbda135785a9c9,True,False,False,False,"{""Rust"":1158958,""GDScript"":582343,""Shell"":7102,""C++"":6380,""PowerShell"":3055,""Python"":2793,""GDShader"":631,""C"":586}",bug;crash;documentation;duplicate;enhancement;godot-quirk;good first issue;help wanted;invalid;need-repro-zip;needs retesting;question;upstream_issue;wontfix,2d;3d;godot;godot-engine;godot4;godotengine;physics-engine;physics-simulation;rapier,v0.3.0,First Release,C++
95099766,frectonz/sql-studio,False,448,1,51,130,Rust,main,MIT License,https://sql-studio-docs.frectonz.et,18,3684,10,6547,2024-06-11T06:32:36,2026-08-26T02:32:48,2026-09-01T05:36:29,55,1,22,0,2487.0,21434.0,184.0,"[{""codeLines"":4533,""blankLines"":989,""language"":""YAML"",""commentLines"":75},{""codeLines"":55,""blankLines"":5,""language"":""TOML"",""commentLines"":10},{""codeLines"":4908,""blankLines"":704,""language"":""Rust"",""commentLines"":53},{""codeLines"":875,""blankLines"":315,""language"":""Markdown"",""commentLines"":0},{""codeLines"":12,""blankLines"":0,""language"":""SVG"",""commentLines"":0},{""codeLines"":5965,""blankLines"":3,""language"":""JSON"",""commentLines"":0},{""codeLines"":116,""blankLines"":13,""language"":""Nix"",""commentLines"":2},{""codeLines"":4489,""blankLines"":370,""language"":""TypeScript"",""commentLines"":24},{""codeLines"":184,""blankLines"":18,""language"":""JavaScript"",""commentLines"":0},{""codeLines"":274,""blankLines"":67,""language"":""CSS"",""commentLines"":19},{""codeLines"":23,""blankLines"":3,""language"":""HTML"",""commentLines"":1}]",2026-08-26T02:05:14,df09c6cc30cc5da2c0193182d41fe0fc86f9f5db,False,False,False,False,"{""Rust"":194126,""TypeScript"":122346,""CSS"":5354,""Nix"":3596,""JavaScript"":2283,""HTML"":777,""Shell"":10}",bug;documentation;duplicate;enhancement;good first issue;help wanted;invalid;question;unfulfilled-build-target;wontfix,clickhouse;duckdb;libsql;mariadb;microsoft-sql-server;mssql;mysql;postgresql;rust;sqlite;sqlite-browser,0.1.0,First Release,TypeScript
95130891,yym68686/uni-api,False,2056,2,261,159,Rust,main,Apache License 2.0,https://0-0.pro/r/uniapi,7,1267,11,5014,2024-07-04T10:47:18,2026-10-03T02:52:23,2026-10-04T03:14:05,149,11,31,5,2161.0,31717.0,7804.0,"[{""codeLines"":26170,""blankLines"":1315,""language"":""Rust"",""commentLines"":7735},{""codeLines"":38,""blankLines"":2,""language"":""TOML"",""commentLines"":2},{""codeLines"":23,""blankLines"":0,""language"":""Dockerfile"",""commentLines"":0},{""codeLines"":16,""blankLines"":0,""language"":""Text"",""commentLines"":0},{""codeLines"":51,""blankLines"":11,""language"":""Go"",""commentLines"":10},{""codeLines"":66,""blankLines"":6,""language"":""Bourne Shell"",""commentLines"":6},{""codeLines"":2008,""blankLines"":112,""language"":""Python"",""commentLines"":42},{""codeLines"":276,""blankLines"":36,""language"":""YAML"",""commentLines"":7},{""codeLines"":3016,""blankLines"":678,""language"":""Markdown"",""commentLines"":2},{""codeLines"":53,""blankLines"":1,""language"":""JSON"",""commentLines"":0}]",2026-10-03T02:52:22,920e8d3d98cbf76fc3e4da5f5fb51aae0955101e,False,False,False,False,"{""Rust"":1443699,""Python"":271895,""Go"":5927,""Shell"":1728,""Dockerfile"":1062}",bug;documentation;duplicate;enhancement;good first issue;help wanted;invalid;question;wontfix,aws;azure;claude;gemini;grok;openai;uni-api;vertex,v0.0.99,First Release,Python
95134183,typedb/typedb,False,7416,20,186,378,Rust,master,Mozilla Public License 2.0,https://typedb.com,112,4476,54,113226,2016-07-11T11:59:57,2026-10-03T05:14:36,2026-10-03T05:11:49,2589,294,5268,23,35798.0,234014.0,12324.0,"[{""codeLines"":3967,""blankLines"":563,""language"":""Bazel"",""commentLines"":266},{""codeLines"":71291,""blankLines"":14238,""language"":""Java"",""commentLines"":4878},{""codeLines"":3800,""blankLines"":1579,""language"":""Markdown"",""commentLines"":81},{""codeLines"":34,""blankLines"":6,""language"":""Protocol Buffers"",""commentLines"":3},{""codeLines"":1000,""blankLines"":129,""language"":""YAML"",""commentLines"":44},{""codeLines"":25,""blankLines"":7,""language"":""Bourne Shell"",""commentLines"":9},{""codeLines"":44,""blankLines"":12,""language"":""Ruby"",""commentLines"":8},{""codeLines"":107,""blankLines"":41,""language"":""DOS Batch"",""commentLines"":33},{""codeLines"":10,""blankLines"":1,""language"":""Text"",""commentLines"":0},{""codeLines"":2103,""blankLines"":976,""language"":""TOML"",""commentLines"":105},{""codeLines"":183,""blankLines"":0,""language"":""SVG"",""commentLines"":1},{""codeLines"":55,""blankLines"":13,""language"":""Bourne Again Shell"",""commentLines"":13},{""codeLines"":151170,""blankLines"":18186,""language"":""Rust"",""commentLines"":6803},{""codeLines"":154,""blankLines"":30,""language"":""Starlark"",""commentLines"":40},{""codeLines"":9,""blankLines"":3,""language"":""XML"",""commentLines"":8},{""codeLines"":27,""blankLines"":3,""language"":""Diff"",""commentLines"":20},{""codeLines"":7,""blankLines"":3,""language"":""Cucumber"",""commentLines"":8},{""codeLines"":28,""blankLines"":8,""language"":""Python"",""commentLines"":4}]",2026-10-03T05:11:44,f48fc4ca34ab4aba3d8d7b70492336afd1687f08,True,False,False,False,"{""Rust"":6939259,""Java"":3903692,""Starlark"":132476,""Batchfile"":6489,""Shell"":4206,""Ruby"":2392,""Python"":1287,""Gherkin"":768,""RenderScript"":420}",domain: build;domain: documentation;domain: executor;domain: language;domain: reasoner;domain: server;domain: storage;domain: tests;priority: blocker;priority: high;priority: low;priority: medium;status: blocked;status: duplicate;status: invalid;status: not reproducible;status: solved;type: bug;type: feature;type: refactor;x: do not merge;x: do not squash;x: good first issue,database;inference;knowledge-base;knowledge-representation;logic;polymorphic;polymorphism;reasoning;strongly-typed;type-system;typedb;typeql,0.1.1,First Release,Java
95153647,unionlabs/union,False,16378,365,113,3888,Rust,main,Apache License 2.0,https://union.build,1591,73854,34,485234,2023-05-16T10:33:39,2026-07-25T06:20:02,2026-08-02T04:06:22,1841,127,3524,63,99574.0,1140444.0,84003.0,"[{""codeLines"":12628,""blankLines"":968,""language"":""Cairo"",""commentLines"":2159},{""codeLines"":1752,""blankLines"":194,""language"":""Starlark"",""commentLines"":64},{""codeLines"":10547,""blankLines"":855,""language"":""Nix"",""commentLines"":1539},{""codeLines"":17862,""blankLines"":2319,""language"":""Perl"",""commentLines"":1294},{""codeLines"":240,""blankLines"":16,""language"":""zsh"",""commentLines"":3},{""codeLines"":425123,""blankLines"":27047,""language"":""Rust"",""commentLines"":28149},{""codeLines"":211,""blankLines"":35,""language"":""Bourne Shell"",""commentLines"":4},{""codeLines"":901,""blankLines"":96,""language"":""JavaScript"",""commentLines"":43},{""codeLines"":27181,""blankLines"":4802,""language"":""C/C++ Header"",""commentLines"":11206},{""codeLines"":111,""blankLines"":30,""language"":""Properties"",""commentLines"":0},{""codeLines"":1844,""blankLines"":503,""language"":""make"",""commentLines"":376},{""codeLines"":25,""blankLines"":0,""language"":""TeX"",""commentLines"":0},{""codeLines"":50,""blankLines"":13,""language"":""Java"",""commentLines"":4},{""codeLines"":219,""blankLines"":2,""language"":""Windows Module Definition"",""commentLines"":0},{""codeLines"":5050,""blankLines"":552,""language"":""Astro"",""commentLines"":224},{""codeLines"":56,""blankLines"":30,""language"":""Dockerfile"",""commentLines"":9},{""codeLines"":726,""blankLines"":109,""language"":""SQL"",""commentLines"":96},{""codeLines"":233759,""blankLines"":15,""language"":""JSON"",""commentLines"":0},{""codeLines"":407,""blankLines"":46,""language"":""Bourne Again Shell"",""commentLines"":57},{""codeLines"":1136,""blankLines"":151,""language"":""CSS"",""commentLines"":85},{""codeLines"":93,""blankLines"":5,""language"":""HTML"",""commentLines"":2},{""codeLines"":26348,""blankLines"":3002,""language"":""Solidity"",""commentLines"":1379},{""codeLines"":5653,""blankLines"":8,""language"":""SVG"",""commentLines"":6},{""codeLines"":933,""blankLines"":126,""language"":""C#"",""commentLines"":16},{""codeLines"":10080,""blankLines"":1539,""language"":""TOML"",""commentLines"":765},{""codeLines"":20,""blankLines"":9,""language"":""WebAssembly"",""commentLines"":17},{""codeLines"":6,""blankLines"":2,""language"":""MSBuild script"",""commentLines"":0},{""codeLines"":37849,""blankLines"":3447,""language"":""Svelte"",""commentLines"":609},{""codeLines"":9036,""blankLines"":2646,""language"":""Markdown"",""commentLines"":3},{""codeLines"":163,""blankLines"":44,""language"":""Protocol Buffers"",""commentLines"":9},{""codeLines"":3721,""blankLines"":0,""language"":""Text"",""commentLines"":0},{""codeLines"":138440,""blankLines"":26757,""language"":""Assembly"",""commentLines"":10576},{""codeLines"":119,""blankLines"":33,""language"":""INI"",""commentLines"":1},{""codeLines"":90,""blankLines"":33,""language"":""PEG"",""commentLines"":8},{""codeLines"":7672,""blankLines"":2683,""language"":""GraphQL"",""commentLines"":4158},{""codeLines"":32025,""blankLines"":4502,""language"":""YAML"",""commentLines"":33},{""codeLines"":27,""blankLines"":1,""language"":""DOS Batch"",""commentLines"":5},{""codeLines"":16566,""blankLines"":2382,""language"":""Go"",""commentLines"":1187},{""codeLines"":60386,""blankLines"":5369,""language"":""TypeScript"",""commentLines"":6875},{""codeLines"":50270,""blankLines"":8964,""language"":""C"",""commentLines"":11095},{""codeLines"":768,""blankLines"":230,""language"":""Python"",""commentLines"":1674},{""codeLines"":351,""blankLines"":9,""language"":""Diff"",""commentLines"":273}]",2026-07-25T06:20:01,031785bb6dc6b957c624e62bc64c184409c97d7b,True,False,False,False,"{""Rust"":23240190,""TypeScript"":1865746,""Svelte"":1293130,""Move"":1135009,""Solidity"":1069929,""Cairo"":533084,""Nix"":423891,""Go"":366100,""Astro"":137443,""MDX"":77849,""PLpgSQL"":30002,""JavaScript"":24959,""CSS"":10053,""Shell"":7230,""HTML"":2873,""WebAssembly"":2181,""RenderScript"":3}",A-berachain;A-cometbft-rpc;A-cosmwasm;A-drip;A-galois;A-hubble;A-ibc-union;A-keplr;A-lightclients;A-near;A-nix;A-quasar;A-sentinel;A-ssz;A-stride;A-typescript-sdk;A-uniond;A-unionlabs;A-unionvisor;A-voyager;C-dead-link;C-dead-links;C-nightly;S-shelved;S-todo-comment;a-app;a-ci;a-docs;a-evm;a-monitoring;a-movement;a-security;a-site;bug;c-bug;c-cleanup;c-dx;c-enhancement;c-feature-accepted;c-feature-request;c-optimization;c-tracking-issue;dead-links;documentation;e-easy;e-hard;e-help-wanted;e-medium;e-tedious;nightly;p-critical;p-high;p-low;p-medium;s-blocked;s-duplicate;s-wontfix,astro;blockchain;cosmos;cosmwasm;ethereum;evm;golang;indexer;interoperability;move;nix;prover;relayer;rust;solidity;svelte;typescipt;typescript;zero-knowledge,v0.5.0-rc1,First Release,Solidity
95162532,Xinrea/bili-shadowreplay,False,863,4,117,77,Rust,main,MIT License,http://bsr.xinrea.cn/,3,1121,8,104235,2023-04-08T07:32:34,2026-09-27T10:09:07,2026-10-02T03:14:19,177,12,186,0,8536.0,99171.0,10012.0,"[{""codeLines"":5,""blankLines"":1,""language"":""INI"",""commentLines"":0},{""codeLines"":95,""blankLines"":17,""language"":""Bourne Again Shell"",""commentLines"":48},{""codeLines"":2047,""blankLines"":246,""language"":""TypeScript"",""commentLines"":79},{""codeLines"":11372,""blankLines"":1,""language"":""JSON"",""commentLines"":0},{""codeLines"":84,""blankLines"":32,""language"":""Dockerfile"",""commentLines"":23},{""codeLines"":42681,""blankLines"":4664,""language"":""Rust"",""commentLines"":3342},{""codeLines"":101,""blankLines"":0,""language"":""SVG"",""commentLines"":3},{""codeLines"":337,""blankLines"":36,""language"":""Python"",""commentLines"":17},{""codeLines"":1472,""blankLines"":56,""language"":""CSS"",""commentLines"":44},{""codeLines"":84,""blankLines"":8,""language"":""HTML"",""commentLines"":0},{""codeLines"":4196,""blankLines"":1224,""language"":""Markdown"",""commentLines"":2},{""codeLines"":18247,""blankLines"":1554,""language"":""Svelte"",""commentLines"":208},{""codeLines"":17479,""blankLines"":549,""language"":""JavaScript"",""commentLines"":6143},{""codeLines"":501,""blankLines"":63,""language"":""YAML"",""commentLines"":38},{""codeLines"":56,""blankLines"":18,""language"":""Bourne Shell"",""commentLines"":9},{""codeLines"":320,""blankLines"":45,""language"":""TOML"",""commentLines"":43},{""codeLines"":51,""blankLines"":10,""language"":""PowerShell"",""commentLines"":13},{""codeLines"":34,""blankLines"":12,""language"":""C++"",""commentLines"":0},{""codeLines"":9,""blankLines"":0,""language"":""Text"",""commentLines"":0}]",2026-09-27T10:08:23,05ec5121f46a7657ce6b6371ebba26ce02bb1727,True,False,False,False,"{""Rust"":1724133,""JavaScript"":987873,""Svelte"":658948,""TypeScript"":59103,""CSS"":38628,""Python"":12070,""Shell"":6900,""Dockerfile"":3315,""PowerShell"":3072,""HTML"":2357,""C++"":1451}",bug;dependencies;documentation;duplicate;enhancement;good first issue;help wanted;invalid;javascript;plane;question;rust;wontfix,bilibili;rust;svelte;tauri,v1.0.2,First Release,JavaScript
95163844,EcoPasteHub/EcoPaste,False,813,3,42,367,Rust,master,Apache License 2.0,https://ecopaste.cn,22,7311,22,18417,2024-05-31T07:52:50,2026-08-13T12:29:50,2026-08-18T02:37:29,686,93,703,2,13631.0,63143.0,6081.0,"[{""codeLines"":9953,""blankLines"":4096,""language"":""Markdown"",""commentLines"":70},{""codeLines"":6450,""blankLines"":1688,""language"":""YAML"",""commentLines"":92},{""codeLines"":10,""blankLines"":0,""language"":""XML"",""commentLines"":0},{""codeLines"":16434,""blankLines"":2483,""language"":""TypeScript"",""commentLines"":1895},{""codeLines"":1331,""blankLines"":244,""language"":""JavaScript"",""commentLines"":180},{""codeLines"":3516,""blankLines"":3,""language"":""JSON"",""commentLines"":0},{""codeLines"":20,""blankLines"":5,""language"":""SCSS"",""commentLines"":0},{""codeLines"":18152,""blankLines"":2819,""language"":""Rust"",""commentLines"":1609},{""codeLines"":72,""blankLines"":8,""language"":""SQL"",""commentLines"":0},{""codeLines"":301,""blankLines"":114,""language"":""TOML"",""commentLines"":73},{""codeLines"":6891,""blankLines"":2170,""language"":""Python"",""commentLines"":2162},{""codeLines"":13,""blankLines"":1,""language"":""HTML"",""commentLines"":0}]",2026-08-12T04:05:51,5139d30b0f4c1309356a9b308c05092f1038bc9b,False,False,False,False,"{""Rust"":756311,""TypeScript"":581451,""Python"":533594,""JavaScript"":52161,""Shell"":4307,""SCSS"":436,""HTML"":361}",documentation;duplicate;good first issue;help wanted;platform: linux;platform: macos;platform: windows;pr welcome;priority: high;priority: low;question;status: backlog;status: in progress;status: invalid;status: needs more info;status: needs review;status: needs triage;type: bug;type: feature request;wontfix,application;clipboard;clipboard-manager;cross-platform;desktop-app;desktop-application;linux;macos;rust;tauri;tauri-app;windows,v0.0.1,First Release,TypeScript
95174703,nix-community/nix-ld,False,548,12,16,27,Rust,main,MIT License,,14,1719,19,783,2020-11-15T09:46:18,2026-09-28T08:49:18,2026-10-01T06:54:49,41,11,213,3,1085.0,5881.0,1028.0,"[{""codeLines"":225,""blankLines"":55,""language"":""Markdown"",""commentLines"":0},{""codeLines"":3148,""blankLines"":623,""language"":""C/C++ Header"",""commentLines"":742},{""codeLines"":59,""blankLines"":9,""language"":""Bourne Shell"",""commentLines"":4},{""codeLines"":24,""blankLines"":0,""language"":""YAML"",""commentLines"":0},{""codeLines"":72,""blankLines"":15,""language"":""C"",""commentLines"":4},{""codeLines"":8,""blankLines"":0,""language"":""JSON"",""commentLines"":0},{""codeLines"":76,""blankLines"":7,""language"":""Diff"",""commentLines"":92},{""codeLines"":1809,""blankLines"":321,""language"":""Rust"",""commentLines"":167},{""codeLines"":417,""blankLines"":45,""language"":""Nix"",""commentLines"":18},{""codeLines"":43,""blankLines"":10,""language"":""TOML"",""commentLines"":1}]",2026-09-28T08:48:20,72f51b002bb77d0baecea81f584cdc3e7c524696,True,False,False,False,"{""Rust"":68376,""Nix"":9489,""Shell"":2172,""C"":2115,""Just"":137}",bug;dependencies;documentation;duplicate;enhancement;good first issue;help wanted;invalid;merge-queue;question;rust;security;wontfix,build-with-buildbot;managed-by-renovate,1.0.0,First Release,C
95179673,g1mv/density,False,690,4,25,49,Rust,main,Apache License 2.0,,30,1031,6,35944,2013-10-05T03:35:37,2025-08-27T10:31:33,2025-08-28T02:41:52,58,2,38,1,35387.0,170469.0,1470.0,"[{""codeLines"":369,""blankLines"":0,""language"":""XML"",""commentLines"":0},{""codeLines"":19,""blankLines"":1,""language"":""Visual Studio Solution"",""commentLines"":1},{""codeLines"":1235,""blankLines"":218,""language"":""Rust"",""commentLines"":9},{""codeLines"":31,""blankLines"":5,""language"":""TOML"",""commentLines"":0},{""codeLines"":166172,""blankLines"":34612,""language"":""Text"",""commentLines"":0},{""codeLines"":84,""blankLines"":2,""language"":""YAML"",""commentLines"":0},{""codeLines"":1674,""blankLines"":258,""language"":""C"",""commentLines"":507},{""codeLines"":98,""blankLines"":43,""language"":""Markdown"",""commentLines"":0},{""codeLines"":594,""blankLines"":200,""language"":""C/C++ Header"",""commentLines"":887},{""codeLines"":193,""blankLines"":48,""language"":""make"",""commentLines"":66}]",2025-08-27T10:28:27,58938943bb0dfd85b186551a3d1d36cc286f9c1d,False,False,False,False,"{""C"":194303,""Rust"":52411,""Makefile"":9463}",bug;duplicate;enhancement;invalid;question;wontfix,,libssc-0.9.11-beta,First Release,C
95190525,a2x/cs2-dumper,False,584,2,4,365,Rust,main,MIT License,,74,2394,46,42715,2023-09-02T04:00:53,2026-10-01T06:57:45,2026-10-04T03:55:23,0,0,203,0,728.0,177426.0,57293.0,"[{""codeLines"":29,""blankLines"":5,""language"":""TOML"",""commentLines"":0},{""codeLines"":29552,""blankLines"":21,""language"":""C#"",""commentLines"":14320},{""codeLines"":32433,""blankLines"":593,""language"":""Rust"",""commentLines"":14333},{""codeLines"":29550,""blankLines"":21,""language"":""Zig"",""commentLines"":14320},{""codeLines"":29655,""blankLines"":63,""language"":""C/C++ Header"",""commentLines"":14320},{""codeLines"":10,""blankLines"":2,""language"":""INI"",""commentLines"":0},{""codeLines"":29,""blankLines"":7,""language"":""YAML"",""commentLines"":0},{""codeLines"":37,""blankLines"":16,""language"":""Markdown"",""commentLines"":0},{""codeLines"":56131,""blankLines"":0,""language"":""JSON"",""commentLines"":0}]",2026-10-01T06:57:45,2d204b1400eb08accfb4098ad954602448dacb07,False,False,False,False,"{""Rust"":2228474,""Zig"":2171252}",bug;documentation;duplicate;enhancement;good first issue;help wanted;invalid;question;todo;wontfix,,0.1.0,First Release,C++
95191579,Mooncake-Labs/pg_mooncake,False,122,4,3,63,Rust,main,MIT License,https://mooncake.dev/,19,1948,14,633,2024-09-05T04:45:58,2026-03-31T05:53:29,2026-04-08T03:35:04,96,14,70,0,8175.0,43222.0,12491.0,"[{""codeLines"":36,""blankLines"":5,""language"":""TOML"",""commentLines"":0},{""codeLines"":33168,""blankLines"":6208,""language"":""C"",""commentLines"":10959},{""codeLines"":20,""blankLines"":1,""language"":""SQL"",""commentLines"":0},{""codeLines"":119,""blankLines"":24,""language"":""Markdown"",""commentLines"":0},{""codeLines"":1391,""blankLines"":430,""language"":""C/C++ Header"",""commentLines"":372},{""codeLines"":851,""blankLines"":83,""language"":""Rust"",""commentLines"":3},{""codeLines"":12,""blankLines"":2,""language"":""Bourne Shell"",""commentLines"":0},{""codeLines"":80,""blankLines"":13,""language"":""NAnt script"",""commentLines"":0},{""codeLines"":83,""blankLines"":5,""language"":""YAML"",""commentLines"":0},{""codeLines"":7,""blankLines"":0,""language"":""CMake"",""commentLines"":0},{""codeLines"":7331,""blankLines"":1376,""language"":""C++"",""commentLines"":1157},{""codeLines"":35,""blankLines"":10,""language"":""make"",""commentLines"":0},{""codeLines"":42,""blankLines"":0,""language"":""JSON"",""commentLines"":0},{""codeLines"":47,""blankLines"":18,""language"":""Dockerfile"",""commentLines"":0}]",2025-10-26T07:31:13,b7c67e0a08c11c45c4ac5cb5ec5ef231779c1db4,False,False,False,False,"{""C++"":385297,""Rust"":29869,""PLpgSQL"":18808,""C"":3163,""Dockerfile"":1444,""Makefile"":1093,""Shell"":333}",bug;documentation;duplicate;enhancement;epic;feature;good first issue;help wanted;invalid;pg_duckdb bug;pg_duckdb feature;question;wontfix,analytics;columnstore;delta-lake;iceberg;lakehouse;parquet;postgresql,v0.1.0,First Release,C++
95203338,Onelevenvy/flock,False,111,3,16,140,Rust,main,Apache License 2.0,,14,1090,2,13436,2024-09-04T01:21:01,2026-07-07T07:21:42,2026-07-11T11:48:33,14,0,332,1,8128.0,74392.0,4981.0,"[{""codeLines"":18,""blankLines"":7,""language"":""Mako"",""commentLines"":0},{""codeLines"":29831,""blankLines"":2420,""language"":""TypeScript"",""commentLines"":675},{""codeLines"":1,""blankLines"":0,""language"":""Jinja Template"",""commentLines"":0},{""codeLines"":742,""blankLines"":38,""language"":""YAML"",""commentLines"":2},{""codeLines"":89,""blankLines"":42,""language"":""Dockerfile"",""commentLines"":1},{""codeLines"":8393,""blankLines"":2,""language"":""JSON"",""commentLines"":0},{""codeLines"":169,""blankLines"":33,""language"":""Text"",""commentLines"":0},{""codeLines"":55,""blankLines"":16,""language"":""INI"",""commentLines"":0},{""codeLines"":289,""blankLines"":81,""language"":""TOML"",""commentLines"":45},{""codeLines"":94,""blankLines"":34,""language"":""PowerShell"",""commentLines"":34},{""codeLines"":137,""blankLines"":8,""language"":""SVG"",""commentLines"":0},{""codeLines"":27707,""blankLines"":3914,""language"":""Rust"",""commentLines"":3389},{""codeLines"":9,""blankLines"":0,""language"":""XML"",""commentLines"":0},{""codeLines"":18,""blankLines"":0,""language"":""JavaScript"",""commentLines"":0},{""codeLines"":2712,""blankLines"":813,""language"":""Markdown"",""commentLines"":215},{""codeLines"":1379,""blankLines"":132,""language"":""HTML"",""commentLines"":10},{""codeLines"":1932,""blankLines"":433,""language"":""Python"",""commentLines"":500},{""codeLines"":721,""blankLines"":121,""language"":""CSS"",""commentLines"":76},{""codeLines"":96,""blankLines"":34,""language"":""Bourne Shell"",""commentLines"":34}]",2026-07-06T07:26:51,2eac827aa803ae2ee8578e401a864e116cd994d3,True,False,False,False,"{""Rust"":1306019,""TypeScript"":1098606,""Python"":109157,""HTML"":54331,""CSS"":24260,""PowerShell"":3623,""Dockerfile"":3556,""Shell"":3414,""Mako"":523,""JavaScript"":436,""Jinja"":31}",bug;chore;documentation;duplicate;enhancement;feat;fix;good first issue;help wanted;invalid;lgtm;question;wontfix;📖 documentation,agent;ai;chatbot;deekseek;harness;langchain;langgraph;langgraph-rust;llm;mcp;muti-agent;openai;react-flow;rust;workflow,v0.0.4.2,First Release,TypeScript
95207395,block/goose,False,4031,1158,124,3133,Rust,main,Apache License 2.0,https://block.github.io/goose/,175,33677,402,1116093,2024-08-23T07:03:36,2026-03-28T05:43:03,2026-03-28T04:52:46,1914,173,6005,65,51542.0,579018.0,16292.0,"[{""codeLines"":179,""blankLines"":59,""language"":""Jinja Template"",""commentLines"":0},{""codeLines"":227,""blankLines"":35,""language"":""PowerShell"",""commentLines"":66},{""codeLines"":3,""blankLines"":1,""language"":""HCL"",""commentLines"":0},{""codeLines"":4209,""blankLines"":659,""language"":""JavaScript"",""commentLines"":399},{""codeLines"":117969,""blankLines"":16077,""language"":""Rust"",""commentLines"":6938},{""codeLines"":4231,""blankLines"":806,""language"":""Bourne Shell"",""commentLines"":457},{""codeLines"":29,""blankLines"":41,""language"":""C/C++ Header"",""commentLines"":75},{""codeLines"":115,""blankLines"":17,""language"":""Nix"",""commentLines"":7},{""codeLines"":843,""blankLines"":672,""language"":""Text"",""commentLines"":0},{""codeLines"":781,""blankLines"":82,""language"":""TOML"",""commentLines"":29},{""codeLines"":3219,""blankLines"":864,""language"":""Python"",""commentLines"":889},{""codeLines"":125,""blankLines"":16,""language"":""DOS Batch"",""commentLines"":9},{""codeLines"":1684,""blankLines"":370,""language"":""Go"",""commentLines"":269},{""codeLines"":79933,""blankLines"":9238,""language"":""TypeScript"",""commentLines"":4961},{""codeLines"":34,""blankLines"":0,""language"":""XML"",""commentLines"":0},{""codeLines"":2619,""blankLines"":410,""language"":""Kotlin"",""commentLines"":410},{""codeLines"":186,""blankLines"":67,""language"":""Diff"",""commentLines"":220},{""codeLines"":11,""blankLines"":5,""language"":""Fish Shell"",""commentLines"":8},{""codeLines"":27285,""blankLines"":6050,""language"":""YAML"",""commentLines"":925},{""codeLines"":43305,""blankLines"":15060,""language"":""Markdown"",""commentLines"":133},{""codeLines"":206,""blankLines"":67,""language"":""Bourne Again Shell"",""commentLines"":62},{""codeLines"":493,""blankLines"":1,""language"":""SVG"",""commentLines"":2},{""codeLines"":2679,""blankLines"":315,""language"":""HTML"",""commentLines"":16},{""codeLines"":3210,""blankLines"":527,""language"":""CSS"",""commentLines"":237},{""codeLines"":1,""blankLines"":0,""language"":""CSV"",""commentLines"":0},{""codeLines"":285203,""blankLines"":48,""language"":""JSON"",""commentLines"":0},{""codeLines"":23,""blankLines"":0,""language"":""Jupyter Notebook"",""commentLines"":106},{""codeLines"":216,""blankLines"":55,""language"":""Dockerfile"",""commentLines"":74}]",2026-03-27T09:12:11,dfa93fe9482ec5f46d062671c0013339b595fb5d,True,False,False,False,"{""Rust"":4732933,""TypeScript"":2760080,""Shell"":155054,""JavaScript"":148008,""Python"":123325,""Kotlin"":112032,""HTML"":106850,""Go"":73436,""CSS"":33230,""Just"":18560,""PowerShell"":12396,""Jinja"":10848,""Dockerfile"":6623,""Nix"":5170,""Batchfile"":5050,""C"":3451,""HCL"":42}",Newsletter: Goose Flight Log;automated;clarification;cli;community request;community-spotlight;compaction;core;could-not-reproduce;dependencies;docs-review;documentation;enhancement;evals;feature;feature-review;go;good first issue;goose-generated;hacktoberfest;hacktoberfest-accepted;help wanted;javascript;large;linux;local-models;mcp;mcp-apps-compliance;medium;monitoring;needs verification;needs_human;onboarding;p0;p1;p2;p3;performance;protocols;provider;python:uv;ready;recipe submission;release blocker;roadmap;rust;security;small;stale;subagent;test;ui;waiting;windows;wontfix,mcp,v0.9.0,First Release,Python
95210690,adysec/tracker,False,2158,1,0,156,Rust,main,GNU General Public License v3.0,https://tracker.adysec.com/,112,1667,5,40806,2024-08-14T01:35:37,2026-10-04T01:59:21,2026-10-04T01:59:25,10,1,9,0,230.0,9132.0,22.0,"[{""codeLines"":126,""blankLines"":19,""language"":""YAML"",""commentLines"":0},{""codeLines"":10,""blankLines"":1,""language"":""TOML"",""commentLines"":0},{""codeLines"":3660,""blankLines"":3,""language"":""HTML"",""commentLines"":0},{""codeLines"":4124,""blankLines"":0,""language"":""Text"",""commentLines"":0},{""codeLines"":137,""blankLines"":64,""language"":""Markdown"",""commentLines"":0},{""codeLines"":105,""blankLines"":13,""language"":""Bourne Shell"",""commentLines"":12},{""codeLines"":970,""blankLines"":130,""language"":""Rust"",""commentLines"":10}]",2026-10-04T01:59:20,f7d5850dd4ed4c8607c662f78c2e82336e7bee35,True,False,False,False,"{""Rust"":36225,""Shell"":3804}",bug;documentation;duplicate;enhancement;good first issue;help wanted;invalid;question;size:l;size:m;size:s;size:xl;size:xs;size:xxl;wontfix,bt;daily;tracker;tracker-server;trackerlist;trackers;trackerslist,bae76dbbfc938fa99073bb0d8047e45b8e5489d1,10% Commit (215/2158),Shell
95237675,Sjj1024/PakePlus,False,4,3,1,4080,Rust,main,MIT License,,11,5838,1,134648,2024-09-10T01:12:25,2025-09-24T11:24:42,2025-09-25T11:20:55,10586,767,42,0,2874.0,22964.0,718.0,"[{""codeLines"":946,""blankLines"":50,""language"":""Rust"",""commentLines"":28},{""codeLines"":556,""blankLines"":26,""language"":""XML"",""commentLines"":35},{""codeLines"":495,""blankLines"":48,""language"":""JavaScript"",""commentLines"":104},{""codeLines"":71,""blankLines"":7,""language"":""Gradle"",""commentLines"":1},{""codeLines"":7168,""blankLines"":1740,""language"":""YAML"",""commentLines"":92},{""codeLines"":35,""blankLines"":8,""language"":""Python"",""commentLines"":0},{""codeLines"":70,""blankLines"":9,""language"":""CSS"",""commentLines"":1},{""codeLines"":2337,""blankLines"":639,""language"":""Markdown"",""commentLines"":4},{""codeLines"":126,""blankLines"":23,""language"":""Bourne Shell"",""commentLines"":36},{""codeLines"":1865,""blankLines"":104,""language"":""HTML"",""commentLines"":2},{""codeLines"":5778,""blankLines"":0,""language"":""SVG"",""commentLines"":0},{""codeLines"":79,""blankLines"":18,""language"":""SCSS"",""commentLines"":5},{""codeLines"":721,""blankLines"":2,""language"":""JSON"",""commentLines"":0},{""codeLines"":492,""blankLines"":4,""language"":""TypeScript"",""commentLines"":54},{""codeLines"":32,""blankLines"":2,""language"":""Text"",""commentLines"":0},{""codeLines"":9,""blankLines"":0,""language"":""Properties"",""commentLines"":20},{""codeLines"":66,""blankLines"":21,""language"":""DOS Batch"",""commentLines"":2},{""codeLines"":0,""blankLines"":3,""language"":""ProGuard"",""commentLines"":18},{""codeLines"":1889,""blankLines"":117,""language"":""Vuejs Component"",""commentLines"":292},{""codeLines"":37,""blankLines"":4,""language"":""TOML"",""commentLines"":4},{""codeLines"":192,""blankLines"":49,""language"":""Kotlin"",""commentLines"":20}]",2025-09-24T11:24:32,992de3b4f6e154446056043aba3265e198e463db,True,False,False,False,"{""Vue"":403395,""Rust"":44540,""HTML"":38007,""CSS"":12244,""JavaScript"":9825,""Kotlin"":8018,""Shell"":4104,""TypeScript"":2502,""SCSS"":1628,""Python"":1147,""RenderScript"":1}",bug;cancelled;documentation;duplicate;enhancement;failure;good first issue;help wanted;invalid;question;success;wontfix,pake;pakeplus;rust;tauri;tauri2;vue3;webapp,PakePlus-v1.0.6,First Release,JavaScript
95240474,tuono-labs/tuono,False,797,14,104,62,Rust,main,MIT License,https://tuono.dev,8,1142,19,3048,2024-04-28T08:52:07,2026-10-01T06:35:47,2026-10-02T07:14:14,193,32,649,17,3599.0,16676.0,753.0,"[{""codeLines"":19,""blankLines"":21,""language"":""Dockerfile"",""commentLines"":11},{""codeLines"":4012,""blankLines"":814,""language"":""TypeScript"",""commentLines"":410},{""codeLines"":510,""blankLines"":14,""language"":""JSON"",""commentLines"":0},{""codeLines"":5746,""blankLines"":1447,""language"":""YAML"",""commentLines"":52},{""codeLines"":9,""blankLines"":1,""language"":""INI"",""commentLines"":0},{""codeLines"":197,""blankLines"":28,""language"":""TOML"",""commentLines"":1},{""codeLines"":227,""blankLines"":26,""language"":""JavaScript"",""commentLines"":63},{""codeLines"":2,""blankLines"":1,""language"":""Bourne Shell"",""commentLines"":0},{""codeLines"":7,""blankLines"":2,""language"":""SVG"",""commentLines"":0},{""codeLines"":5394,""blankLines"":1077,""language"":""Rust"",""commentLines"":206},{""codeLines"":208,""blankLines"":107,""language"":""Markdown"",""commentLines"":10},{""codeLines"":17,""blankLines"":2,""language"":""HTML"",""commentLines"":0},{""codeLines"":328,""blankLines"":59,""language"":""CSS"",""commentLines"":0}]",2025-07-23T06:34:11,32d7d83d79a242f389832030e11e2751af509f25,False,False,False,False,"{""Rust"":199814,""TypeScript"":132475,""Dockerfile"":1436,""JavaScript"":255,""XML"":233}",bug;ci/cd;documentation;duplicate;enhancement;good first issue;help wanted;invalid;out of scope;proof of concept;question;repo maintenance;rust;typescript;wontfix,framework;react;rust;server-side-rendering;web-framework;web-performance,v0.0.1,First Release,TypeScript
95246574,nestrilabs/nestri,False,502,3,15,53,Rust,dev,Apache License 2.0,https://nestri.io,18,1752,8,138278,2024-03-29T05:55:08,2026-10-04T02:30:13,2026-10-04T02:30:15,35,2,314,1,7737.0,91416.0,14856.0,"[{""codeLines"":50,""blankLines"":11,""language"":""make"",""commentLines"":38},{""codeLines"":256,""blankLines"":59,""language"":""Containerfile"",""commentLines"":426},{""codeLines"":753,""blankLines"":136,""language"":""Bourne Shell"",""commentLines"":324},{""codeLines"":60,""blankLines"":7,""language"":""JavaScript"",""commentLines"":10},{""codeLines"":507,""blankLines"":22,""language"":""SQL"",""commentLines"":363},{""codeLines"":19881,""blankLines"":2416,""language"":""Rust"",""commentLines"":5784},{""codeLines"":585,""blankLines"":134,""language"":""CSS"",""commentLines"":6},{""codeLines"":8,""blankLines"":2,""language"":""Bourne Again Shell"",""commentLines"":0},{""codeLines"":41,""blankLines"":2,""language"":""HTML"",""commentLines"":0},{""codeLines"":191,""blankLines"":30,""language"":""Astro"",""commentLines"":7},{""codeLines"":35368,""blankLines"":3,""language"":""JSON"",""commentLines"":0},{""codeLines"":46,""blankLines"":22,""language"":""Dockerfile"",""commentLines"":69},{""codeLines"":69,""blankLines"":12,""language"":""Vuejs Component"",""commentLines"":4},{""codeLines"":136,""blankLines"":42,""language"":""Protocol Buffers"",""commentLines"":29},{""codeLines"":17,""blankLines"":3,""language"":""MSBuild script"",""commentLines"":0},{""codeLines"":163,""blankLines"":31,""language"":""XML"",""commentLines"":0},{""codeLines"":28,""blankLines"":0,""language"":""Visual Studio Solution"",""commentLines"":1},{""codeLines"":445,""blankLines"":52,""language"":""YAML"",""commentLines"":239},{""codeLines"":2831,""blankLines"":784,""language"":""Markdown"",""commentLines"":0},{""codeLines"":209,""blankLines"":35,""language"":""Diff"",""commentLines"":69},{""codeLines"":41,""blankLines"":1,""language"":""SVG"",""commentLines"":1},{""codeLines"":166,""blankLines"":40,""language"":""ASP.NET"",""commentLines"":0},{""codeLines"":431,""blankLines"":81,""language"":""C#"",""commentLines"":65},{""codeLines"":250,""blankLines"":45,""language"":""Text"",""commentLines"":0},{""codeLines"":7131,""blankLines"":1161,""language"":""Go"",""commentLines"":605},{""codeLines"":21512,""blankLines"":2559,""language"":""TypeScript"",""commentLines"":6733},{""codeLines"":174,""blankLines"":34,""language"":""TOML"",""commentLines"":52},{""codeLines"":38,""blankLines"":10,""language"":""PowerShell"",""commentLines"":31},{""codeLines"":29,""blankLines"":3,""language"":""HCL"",""commentLines"":0}]",2026-10-04T02:30:10,8c61cb5cbb79f6cfa511bef2ff6e43e43ef562fe,False,False,False,False,"{""Rust"":2065729,""TypeScript"":1029576,""Go"":151710,""Shell"":74542,""Slang"":68543,""Dockerfile"":42262,""C#"":21743,""CSS"":14309,""MDX"":13929,""Makefile"":9390,""C++"":6935,""Astro"":6070,""PowerShell"":3394,""Vue"":2594,""JavaScript"":2127,""HCL"":1890,""HTML"":1037}",dependencies;go;javascript;mergeable/false;pkg/aws;pkg/lib;pkg/www;priority/high;priority/low;priority/mid;reg/docker;reg/npm;rust;scope/back-end;scope/base;scope/containers;scope/front-end;scope/git;scope/infra;scope/relay;scope/systems;size/l;size/m;size/s;size/xl;size/xs;size/xxl;type/breaking;type/build;type/chore;type/ci;type/docs;type/feat;type/fix;type/perf;type/refactor;type/revert;type/style;type/test;usr/dependabot;usr/unknown;usr/wanjohi,dxvk;geforcenow;linux-gaming;nvidia;proton;stadia;steamdeck;vkd3d;wine,v0.1.0,First Release,Dockerfile
95259521,hydro-project/hydro,False,2654,128,329,94,Rust,main,Apache License 2.0,https://hydro.run/,11,1362,37,760698,2021-08-25T01:05:30,2026-10-04T10:13:43,2026-10-04T02:08:48,883,258,2284,38,25431.0,611374.0,24796.0,"[{""codeLines"":3968,""blankLines"":431,""language"":""JavaScript"",""commentLines"":415},{""codeLines"":58,""blankLines"":0,""language"":""XML"",""commentLines"":0},{""codeLines"":263,""blankLines"":51,""language"":""Bourne Shell"",""commentLines"":107},{""codeLines"":33,""blankLines"":0,""language"":""SVG"",""commentLines"":0},{""codeLines"":115591,""blankLines"":16987,""language"":""Rust"",""commentLines"":23466},{""codeLines"":90,""blankLines"":30,""language"":""make"",""commentLines"":2},{""codeLines"":432967,""blankLines"":0,""language"":""Text"",""commentLines"":0},{""codeLines"":926,""blankLines"":142,""language"":""YAML"",""commentLines"":50},{""codeLines"":1450,""blankLines"":256,""language"":""HCL"",""commentLines"":14},{""codeLines"":27357,""blankLines"":6604,""language"":""Markdown"",""commentLines"":123},{""codeLines"":1171,""blankLines"":206,""language"":""TOML"",""commentLines"":85},{""codeLines"":17,""blankLines"":9,""language"":""Dockerfile"",""commentLines"":2},{""codeLines"":21424,""blankLines"":0,""language"":""JSON"",""commentLines"":0},{""codeLines"":2619,""blankLines"":164,""language"":""TypeScript"",""commentLines"":395},{""codeLines"":214,""blankLines"":36,""language"":""Bourne Again Shell"",""commentLines"":14},{""codeLines"":125,""blankLines"":38,""language"":""Python"",""commentLines"":20},{""codeLines"":1390,""blankLines"":258,""language"":""CSS"",""commentLines"":103},{""codeLines"":1711,""blankLines"":219,""language"":""HTML"",""commentLines"":0}]",2026-09-30T07:31:32,aca1170a363791ebc2a16ad9d255527b65a5c500,False,False,False,False,"{""Rust"":5609358,""HTML"":95847,""HCL"":32107,""Shell"":25590,""CSS"":9817,""TypeScript"":9640,""Makefile"":5260,""Python"":5237,""Dockerfile"":1007,""JavaScript"":449}",Datastores/Gossip-KV;KVS L0;ai;automated;breaking;bug;cleanup;datalog;debugging/observability;dependencies;deploy;dfir_lang syntax;dfir_rs runtime (core api);dfir_rs scheduler;documentation;enhancement;good first issue;help wanted;hydro_lang;infinity;invalid;large;lattices/properties;medium;meta;networking;nightly;p0;p1;p2;performance;production;question;rust;simulator;small;staging;testing;wontfix,distributed-systems;rust,v0.1.0-alpha,First Release,JavaScript
95261107,cabinpkg/cabin,False,7749,1,38,94,Rust,main,Apache License 2.0,https://cabinpkg.com,37,1510,30,44900,2018-01-31T12:33:17,2026-10-02T09:16:03,2026-10-02T09:16:05,144,2,1690,0,18361.0,184226.0,52347.0,"[{""codeLines"":5295,""blankLines"":544,""language"":""TypeScript"",""commentLines"":779},{""codeLines"":9949,""blankLines"":0,""language"":""JSON"",""commentLines"":0},{""codeLines"":140,""blankLines"":8,""language"":""Windows Module Definition"",""commentLines"":0},{""codeLines"":176,""blankLines"":17,""language"":""SQL"",""commentLines"":206},{""codeLines"":2480,""blankLines"":159,""language"":""Astro"",""commentLines"":95},{""codeLines"":23,""blankLines"":13,""language"":""Dockerfile"",""commentLines"":1},{""codeLines"":60,""blankLines"":0,""language"":""SVG"",""commentLines"":0},{""codeLines"":853,""blankLines"":223,""language"":""Lean"",""commentLines"":280},{""codeLines"":333,""blankLines"":51,""language"":""C"",""commentLines"":18},{""codeLines"":214,""blankLines"":30,""language"":""CSS"",""commentLines"":36},{""codeLines"":692,""blankLines"":43,""language"":""JavaScript"",""commentLines"":146},{""codeLines"":87,""blankLines"":36,""language"":""C/C++ Header"",""commentLines"":8},{""codeLines"":15802,""blankLines"":3292,""language"":""Markdown"",""commentLines"":0},{""codeLines"":3118,""blankLines"":222,""language"":""YAML"",""commentLines"":525},{""codeLines"":139734,""blankLines"":13017,""language"":""Rust"",""commentLines"":48878},{""codeLines"":2855,""blankLines"":302,""language"":""Bourne Shell"",""commentLines"":847},{""codeLines"":147,""blankLines"":15,""language"":""Perl"",""commentLines"":91},{""codeLines"":1863,""blankLines"":281,""language"":""TOML"",""commentLines"":404},{""codeLines"":309,""blankLines"":84,""language"":""C++"",""commentLines"":24},{""codeLines"":16,""blankLines"":0,""language"":""GraphQL"",""commentLines"":0},{""codeLines"":80,""blankLines"":24,""language"":""make"",""commentLines"":9}]",2026-10-02T09:08:41,2c2682245999771ecc81be83902d48b8ae2b2332,False,False,False,False,"{""Rust"":7508619,""C++"":405303,""TypeScript"":227933,""Shell"":192006,""Astro"":100355,""JavaScript"":35672,""Perl"":11590,""CSS"":7720,""Tape"":3674,""Makefile"":3125,""Dockerfile"":797}",breaking;bug;dependencies;duplicate;enhancement;feature;feature_request;fix;github_actions;good first issue;help wanted;invalid;javascript;question;rust;rust_toolchain_package_manager;wontfix,build-system;c-plus-plus;package-manager,0.1.0,First Release,C++
95261163,Zackriya-Solutions/meeting-minutes,False,457,65,9,905,Rust,main,MIT License,https://meetily.ai,63,9966,7,31056,2024-12-26T12:52:14,2026-02-23T06:55:39,2026-02-24T07:28:50,172,111,149,23,13664.0,78231.0,9150.0,"[{""codeLines"":8,""blankLines"":4,""language"":""CMake"",""commentLines"":0},{""codeLines"":3131,""blankLines"":511,""language"":""PowerShell"",""commentLines"":372},{""codeLines"":805,""blankLines"":163,""language"":""C++"",""commentLines"":202},{""codeLines"":28,""blankLines"":0,""language"":""XML"",""commentLines"":0},{""codeLines"":22580,""blankLines"":2985,""language"":""TypeScript"",""commentLines"":1975},{""codeLines"":550,""blankLines"":0,""language"":""JSON"",""commentLines"":0},{""codeLines"":1431,""blankLines"":262,""language"":""DOS Batch"",""commentLines"":109},{""codeLines"":195,""blankLines"":70,""language"":""Dockerfile"",""commentLines"":72},{""codeLines"":152,""blankLines"":45,""language"":""TOML"",""commentLines"":61},{""codeLines"":20,""blankLines"":1,""language"":""Swift"",""commentLines"":0},{""codeLines"":5,""blankLines"":0,""language"":""SVG"",""commentLines"":0},{""codeLines"":217,""blankLines"":26,""language"":""HTML"",""commentLines"":0},{""codeLines"":10,""blankLines"":0,""language"":""Text"",""commentLines"":0},{""codeLines"":1699,""blankLines"":388,""language"":""Python"",""commentLines"":520},{""codeLines"":173,""blankLines"":33,""language"":""CSS"",""commentLines"":8},{""codeLines"":474,""blankLines"":69,""language"":""JavaScript"",""commentLines"":79},{""codeLines"":7275,""blankLines"":1472,""language"":""C/C++ Header"",""commentLines"":515},{""codeLines"":114,""blankLines"":22,""language"":""SQL"",""commentLines"":40},{""codeLines"":4298,""blankLines"":1415,""language"":""Markdown"",""commentLines"":0},{""codeLines"":2519,""blankLines"":391,""language"":""YAML"",""commentLines"":247},{""codeLines"":29036,""blankLines"":5129,""language"":""Rust"",""commentLines"":4468},{""codeLines"":3511,""blankLines"":678,""language"":""Bourne Shell"",""commentLines"":482}]",2026-02-11T12:44:30,901fd35dabbe9f41c51d76490d618d8b8cc99f04,True,False,False,False,"{""Rust"":1422558,""TypeScript"":953545,""C++"":352628,""PowerShell"":152786,""Shell"":145574,""Python"":109999,""Batchfile"":57577,""JavaScript"":20061,""HTML"":8717,""CSS"":4002,""Swift"":557,""CMake"":305}",backend;bug;cleanup;documentation;duplicate;enhancement;good first issue;help wanted;invalid;question;refactoring;release;wontfix,ai;ai-meeting-assistant;llm;local-ai;mac;meeting-minutes;meeting-notes;offline-first;ollama;parakeet;privacy-focused;privacy-tools;rust;self-hosted;speech-to-text;transcription;whisper;whisper-cpp;windows,v0.0.1,First Release,TypeScript
95285203,getAsterisk/deepclaude,False,5,1,1,411,Rust,main,MIT License,https://deepclaude.com,44,5139,2,633,2025-01-26T04:25:41,2025-05-21T11:58:16,2025-05-22T05:43:04,51,46,4,3,735.0,12984.0,781.0,"[{""codeLines"":1462,""blankLines"":204,""language"":""Rust"",""commentLines"":678},{""codeLines"":18,""blankLines"":10,""language"":""Dockerfile"",""commentLines"":9},{""codeLines"":7423,""blankLines"":0,""language"":""JSON"",""commentLines"":0},{""codeLines"":3549,""blankLines"":376,""language"":""TypeScript"",""commentLines"":66},{""codeLines"":20,""blankLines"":4,""language"":""JavaScript"",""commentLines"":2},{""codeLines"":238,""blankLines"":86,""language"":""Markdown"",""commentLines"":0},{""codeLines"":14,""blankLines"":1,""language"":""YAML"",""commentLines"":0},{""codeLines"":206,""blankLines"":40,""language"":""CSS"",""commentLines"":14},{""codeLines"":49,""blankLines"":14,""language"":""TOML"",""commentLines"":12},{""codeLines"":5,""blankLines"":0,""language"":""SVG"",""commentLines"":0}]",2025-05-21T11:58:12,17a8fc891056e1c2e0b245ce4b2363f8c4ebdcf7,True,False,False,False,"{""Rust"":79319}",bug;documentation;duplicate;enhancement;good first issue;help wanted;invalid;question;wontfix,ai;anthropic;anthropic-claude;api;chain-of-thought;claude;deepseek;deepseek-r1;llm;rust,0.1.0,First Release,TypeScript
95294278,kyutai-labs/hibiki,False,33,3,0,119,Rust,main,Apache License 2.0,,21,1519,3,839,2025-02-04T07:33:56,2026-09-09T02:19:42,2026-09-17T02:23:52,12,10,7,1,138.0,836.0,13.0,"[{""codeLines"":192,""blankLines"":71,""language"":""Markdown"",""commentLines"":1},{""codeLines"":1,""blankLines"":1,""language"":""Python"",""commentLines"":1},{""codeLines"":114,""blankLines"":3,""language"":""YAML"",""commentLines"":0},{""codeLines"":470,""blankLines"":54,""language"":""Rust"",""commentLines"":11},{""codeLines"":59,""blankLines"":9,""language"":""TOML"",""commentLines"":0}]",2025-04-15T04:29:03,f1cf9293e35c1dceffbe60dd325bdd702bc8305e,False,False,False,False,"{""Rust"":18512,""Python"":77}",bug;documentation;duplicate;enhancement;good first issue;help wanted;invalid;question;wontfix,,587114e53642d2417f9ec9c566a7a32a3a4d6107,10% Commit (3/33),Python
95312446,metacraft-labs/codetracer,False,1946,93,9,28,Rust,main,GNU Affero General Public License v3.0,https://www.codetracer.com/,7,1297,13,26993,2025-01-24T11:48:35,2026-05-08T02:02:08,2026-05-07T08:51:35,145,71,397,14,41067.0,277510.0,41111.0,"[{""codeLines"":190,""blankLines"":22,""language"":""Ada"",""commentLines"":16},{""codeLines"":421,""blankLines"":97,""language"":""HTML"",""commentLines"":26},{""codeLines"":18005,""blankLines"":1508,""language"":""CSS"",""commentLines"":138},{""codeLines"":193,""blankLines"":28,""language"":""Fortran 90"",""commentLines"":14},{""codeLines"":81,""blankLines"":31,""language"":""Solidity"",""commentLines"":76},{""codeLines"":38855,""blankLines"":1,""language"":""JSON"",""commentLines"":0},{""codeLines"":161,""blankLines"":34,""language"":""Bourne Again Shell"",""commentLines"":48},{""codeLines"":24,""blankLines"":13,""language"":""Lisp"",""commentLines"":6},{""codeLines"":10437,""blankLines"":2755,""language"":""Stylus"",""commentLines"":981},{""codeLines"":46,""blankLines"":12,""language"":""CMake"",""commentLines"":0},{""codeLines"":157,""blankLines"":12,""language"":""Crystal"",""commentLines"":18},{""codeLines"":209,""blankLines"":18,""language"":""C++"",""commentLines"":4},{""codeLines"":11626,""blankLines"":4013,""language"":""Markdown"",""commentLines"":7},{""codeLines"":23,""blankLines"":0,""language"":""Visual Studio Solution"",""commentLines"":1},{""codeLines"":26,""blankLines"":4,""language"":""MSBuild script"",""commentLines"":0},{""codeLines"":1923,""blankLines"":276,""language"":""YAML"",""commentLines"":112},{""codeLines"":62,""blankLines"":25,""language"":""XML"",""commentLines"":1},{""codeLines"":79,""blankLines"":26,""language"":""EJS"",""commentLines"":17},{""codeLines"":8042,""blankLines"":1588,""language"":""C#"",""commentLines"":2126},{""codeLines"":14307,""blankLines"":124,""language"":""C"",""commentLines"":166},{""codeLines"":52,""blankLines"":16,""language"":""INI"",""commentLines"":0},{""codeLines"":2503,""blankLines"":964,""language"":""Python"",""commentLines"":951},{""codeLines"":470,""blankLines"":64,""language"":""Text"",""commentLines"":0},{""codeLines"":127,""blankLines"":19,""language"":""Go"",""commentLines"":18},{""codeLines"":17913,""blankLines"":3855,""language"":""TypeScript"",""commentLines"":5410},{""codeLines"":45443,""blankLines"":8658,""language"":""Nim"",""commentLines"":10190},{""codeLines"":2283,""blankLines"":556,""language"":""Ruby"",""commentLines"":351},{""codeLines"":15,""blankLines"":3,""language"":""Circom"",""commentLines"":0},{""codeLines"":4422,""blankLines"":655,""language"":""PowerShell"",""commentLines"":90},{""codeLines"":724,""blankLines"":88,""language"":""TOML"",""commentLines"":31},{""codeLines"":163,""blankLines"":8,""language"":""D"",""commentLines"":17},{""codeLines"":170,""blankLines"":23,""language"":""Pascal"",""commentLines"":18},{""codeLines"":4804,""blankLines"":1068,""language"":""Bourne Shell"",""commentLines"":921},{""codeLines"":16,""blankLines"":2,""language"":""zsh"",""commentLines"":8},{""codeLines"":25849,""blankLines"":5026,""language"":""JavaScript"",""commentLines"":6594},{""codeLines"":70,""blankLines"":18,""language"":""make"",""commentLines"":6},{""codeLines"":1486,""blankLines"":419,""language"":""Nix"",""commentLines"":603},{""codeLines"":950,""blankLines"":204,""language"":""C/C++ Header"",""commentLines"":185},{""codeLines"":171,""blankLines"":15,""language"":""Lean"",""commentLines"":27},{""codeLines"":2813,""blankLines"":6,""language"":""SVG"",""commentLines"":39},{""codeLines"":62143,""blankLines"":8810,""language"":""Rust"",""commentLines"":11893},{""codeLines"":45,""blankLines"":2,""language"":""Swift"",""commentLines"":2},{""codeLines"":11,""blankLines"":1,""language"":""Cairo"",""commentLines"":0}]",2026-05-07T04:34:58,757b0b99371fa29d00885baffe465163c79ef6ab,False,False,False,False,"{""Rust"":3001975,""Nim"":2270927,""TypeScript"":962919,""JavaScript"":462860,""C#"":441886,""Stylus"":329537,""Shell"":232954,""PowerShell"":205630,""Python"":127066,""Nix"":78470,""C"":38964,""Just"":38301,""Noir"":15737,""HTML"":11602,""Ruby"":10784,""Solidity"":7098,""Lean"":6551,""Pascal"":6513,""C++"":5819,""Fortran"":5813,""Ada"":5662,""D"":5206,""EJS"":4652,""Crystal"":4198,""CSS"":3611,""Go"":2986,""Emacs Lisp"":1321,""Move"":837,""Cap'n Proto"":746,""Sway"":567,""Leo"":338,""Circom"":294,""Cadence"":257,""Cairo"":254,""Aiken"":188,""Makefile"":159}",agent-mode;appimage;automatable;backend-manager;backlog;bug;build;calltrace;ci;cla-signed;cli;code review;codex;ct-entrypoint;ct-host;dap protocol;db-backend;dependencies;documentation;duplicate;editor-mode;enhancement;event-log;examples;extension;frontend;github_actions;good first issue;help wanted;invalid;linux;macos;nix;other-os;packaging;question;refactor;research;rr-support;ruby;security;state-panel;test;trace sharing;tracepoint;ux;values;vscode;wasm;windows;wontfix,arbitrum;c;cpp;debugger;linux;macos;nim;nix;noir;ruby;rust;time-travel;time-travel-debugger;tracer;windows,25.03.1,First Release,JavaScript
95319471,nicoburns/blessed-rs,False,315,7,0,112,Rust,main,,https://blessed.rs,20,1593,70,1342,2022-03-13T07:01:17,2026-08-03T05:00:18,2026-08-10T02:20:01,75,31,117,7,283.0,3024.0,182.0,"[{""codeLines"":1,""blankLines"":0,""language"":""SVG"",""commentLines"":0},{""codeLines"":53,""blankLines"":14,""language"":""TOML"",""commentLines"":4},{""codeLines"":6,""blankLines"":3,""language"":""Markdown"",""commentLines"":0},{""codeLines"":840,""blankLines"":79,""language"":""Rust"",""commentLines"":22},{""codeLines"":20,""blankLines"":4,""language"":""NAnt script"",""commentLines"":0},{""codeLines"":43,""blankLines"":3,""language"":""YAML"",""commentLines"":5},{""codeLines"":198,""blankLines"":47,""language"":""SCSS"",""commentLines"":5},{""codeLines"":8,""blankLines"":4,""language"":""Dockerfile"",""commentLines"":0},{""codeLines"":1402,""blankLines"":2,""language"":""JSON"",""commentLines"":0},{""codeLines"":453,""blankLines"":127,""language"":""CSS"",""commentLines"":146}]",2026-08-03T05:00:18,c750a3d44011465b4d4c7a811e7752c4a63f0415,False,False,False,False,"{""Rust"":38224,""CSS"":7069,""SCSS"":3999,""Dockerfile"":222}",bug;crate list;documentation;duplicate;enhancement;good first issue;help wanted;invalid;question;wontfix,,afda6d86caae46d83fa0c03bbe51254a44624f08,10% Commit (31/315),CSS
95326049,facebook/pyrefly,False,16580,12,72,535,Rust,main,MIT License,http://pyrefly.org/,23,7046,300,1993099,2025-02-19T09:09:33,2026-10-04T02:53:46,2026-10-04T06:53:52,3002,540,2043,154,126519.0,1027304.0,99632.0,"[{""codeLines"":3,""blankLines"":3,""language"":""Starlark"",""commentLines"":33},{""codeLines"":190,""blankLines"":33,""language"":""JavaScript"",""commentLines"":120},{""codeLines"":567,""blankLines"":13,""language"":""SVG"",""commentLines"":3},{""codeLines"":410055,""blankLines"":44128,""language"":""Rust"",""commentLines"":43154},{""codeLines"":500,""blankLines"":127,""language"":""Bourne Shell"",""commentLines"":223},{""codeLines"":11545,""blankLines"":160,""language"":""Text"",""commentLines"":0},{""codeLines"":3324,""blankLines"":333,""language"":""YAML"",""commentLines"":185},{""codeLines"":22438,""blankLines"":7836,""language"":""Markdown"",""commentLines"":59},{""codeLines"":941,""blankLines"":152,""language"":""TOML"",""commentLines"":76},{""codeLines"":2,""blankLines"":0,""language"":""Jupyter Notebook"",""commentLines"":33},{""codeLines"":13853,""blankLines"":0,""language"":""Expect"",""commentLines"":0},{""codeLines"":40939,""blankLines"":438,""language"":""JSON"",""commentLines"":0},{""codeLines"":10539,""blankLines"":1023,""language"":""TypeScript"",""commentLines"":1793},{""codeLines"":511877,""blankLines"":72180,""language"":""Python"",""commentLines"":53865},{""codeLines"":321,""blankLines"":61,""language"":""CSS"",""commentLines"":47},{""codeLines"":48,""blankLines"":15,""language"":""Thrift"",""commentLines"":41},{""codeLines"":18,""blankLines"":3,""language"":""Bourne Again Shell"",""commentLines"":0},{""codeLines"":144,""blankLines"":14,""language"":""HTML"",""commentLines"":0}]",2026-10-04T02:50:57,77c09f9194c3609b906506502fad94f4df3c7aad,False,False,False,False,"{""Rust"":17751653,""Python"":3336437,""MDX"":689783,""TypeScript"":439054,""Shell"":30094,""JavaScript"":11975,""CSS"":10992,""Cap'n Proto"":10437,""HTML"":5099,""Thrift"":3036,""Starlark"":2393,""Jupyter Notebook"":518,""Vim Snippet"":248,""Ruby"":73}",Hatch;attrs;baseline;build-fails;cla signed;configuration;conformance;contextual-typing;coverage;crash;dataframe;decorators;dependencies;django;documentation;duplicate;epic;fb-exported;fh:direct-merge-enabled;good first issue;google;hacktoberfest-accepted;helion;help wanted;infer;javascript;language-server;merged;meta;meta-exported;msgspec;narrowing;needs-discussion;needs-triage;notebook;onboarding;overloads;performance;pycharm;pydantic;pyright-parity;pytorch;quansight;question;readability;reverted;rust;sandbox;scoping-control-flow;size/l;size/m;size/s;size/xl;size/xs;sqlalchemy;stale;stubgen;suppress;tensor-shapes;tsp;typechecking;typeshed;typing-spec;ui/ux;usability;wontfix,code-quality;ide;language-server;language-server-protocol;lsp;python;rust;type-annotations;type-check;type-checker;type-hints;typecheck;typechecker;typechecking;types;typing;vscode-extension,0.19.0,First Release,Python
95327405,fastforgedev/fastforge,False,596,1,26,242,Rust,main,MIT License,https://fastforge.dev/,11,1147,34,6321,2021-10-16T08:45:38,2026-10-03T09:01:14,2026-10-03T09:01:19,238,61,125,6,16346.0,122524.0,27874.0,"[{""codeLines"":13,""blankLines"":1,""language"":""SQL"",""commentLines"":10},{""codeLines"":210,""blankLines"":49,""language"":""PowerShell"",""commentLines"":28},{""codeLines"":251,""blankLines"":11,""language"":""JSON5"",""commentLines"":0},{""codeLines"":27,""blankLines"":0,""language"":""Properties"",""commentLines"":4},{""codeLines"":142,""blankLines"":22,""language"":""ArkTs"",""commentLines"":18},{""codeLines"":17,""blankLines"":4,""language"":""Objective-C"",""commentLines"":1},{""codeLines"":8145,""blankLines"":540,""language"":""TypeScript"",""commentLines"":524},{""codeLines"":8856,""blankLines"":1397,""language"":""Dart"",""commentLines"":953},{""codeLines"":709,""blankLines"":190,""language"":""Python"",""commentLines"":73},{""codeLines"":13080,""blankLines"":2797,""language"":""YAML"",""commentLines"":535},{""codeLines"":10553,""blankLines"":3893,""language"":""Markdown"",""commentLines"":14},{""codeLines"":4,""blankLines"":2,""language"":""Java"",""commentLines"":0},{""codeLines"":20,""blankLines"":1,""language"":""Vuejs Component"",""commentLines"":0},{""codeLines"":138,""blankLines"":46,""language"":""Windows Resource File"",""commentLines"":58},{""codeLines"":26,""blankLines"":8,""language"":""Kotlin"",""commentLines"":0},{""codeLines"":724,""blankLines"":172,""language"":""CMake"",""commentLines"":210},{""codeLines"":906,""blankLines"":239,""language"":""C++"",""commentLines"":123},{""codeLines"":730,""blankLines"":86,""language"":""HTML"",""commentLines"":33},{""codeLines"":6,""blankLines"":0,""language"":""Bourne Again Shell"",""commentLines"":2},{""codeLines"":326,""blankLines"":56,""language"":""Gradle"",""commentLines"":19},{""codeLines"":891,""blankLines"":3,""language"":""JSON"",""commentLines"":0},{""codeLines"":1969,""blankLines"":10,""language"":""XML"",""commentLines"":67},{""codeLines"":35,""blankLines"":0,""language"":""SVG"",""commentLines"":0},{""codeLines"":73299,""blankLines"":6558,""language"":""Rust"",""commentLines"":24946},{""codeLines"":5,""blankLines"":0,""language"":""Text"",""commentLines"":0},{""codeLines"":380,""blankLines"":31,""language"":""CSS"",""commentLines"":57},{""codeLines"":98,""blankLines"":27,""language"":""Swift"",""commentLines"":12},{""codeLines"":336,""blankLines"":31,""language"":""TOML"",""commentLines"":11},{""codeLines"":410,""blankLines"":87,""language"":""Bourne Shell"",""commentLines"":57},{""codeLines"":53,""blankLines"":7,""language"":""JavaScript"",""commentLines"":18},{""codeLines"":165,""blankLines"":78,""language"":""C/C++ Header"",""commentLines"":101}]",2026-10-03T09:01:06,c8e207b3fb99a02cd958e534f336361ef4f68d0c,False,False,False,False,"{""Rust"":3603254,""Dart"":327016,""TypeScript"":244490,""Python"":33638,""HTML"":32218,""C++"":25176,""Shell"":20232,""CMake"":19730,""CSS"":17183,""PowerShell"":12447,""MDX"":2761,""Swift"":2384,""JavaScript"":1806,""C"":1488,""Kotlin"":855,""Vue"":459,""Objective-C"":38}",bug;dependencies;documentation;duplicate;enhancement;good first issue;help wanted;invalid;javascript;question;wontfix,flutter;flutter-distributor,v0.1.2,First Release,Dart
95329591,shuakami/qq-chat-exporter,False,786,156,276,312,Rust,master,GNU General Public License v3.0,https://shuakami.github.io/qq-chat-exporter/,12,5474,26,123090,2024-07-10T01:46:05,2026-10-03T06:48:15,2026-10-04T01:04:38,333,48,350,6,31483.0,301801.0,100713.0,"[{""codeLines"":1572,""blankLines"":500,""language"":""Python"",""commentLines"":1401},{""codeLines"":10444,""blankLines"":2257,""language"":""CSS"",""commentLines"":103},{""codeLines"":55,""blankLines"":14,""language"":""INI"",""commentLines"":0},{""codeLines"":165060,""blankLines"":16552,""language"":""C"",""commentLines"":79889},{""codeLines"":277,""blankLines"":84,""language"":""Text"",""commentLines"":0},{""codeLines"":3107,""blankLines"":165,""language"":""HTML"",""commentLines"":34},{""codeLines"":15953,""blankLines"":0,""language"":""JSON"",""commentLines"":0},{""codeLines"":4610,""blankLines"":953,""language"":""Go"",""commentLines"":542},{""codeLines"":36363,""blankLines"":3377,""language"":""TypeScript"",""commentLines"":1828},{""codeLines"":19,""blankLines"":1,""language"":""Nix"",""commentLines"":0},{""codeLines"":42423,""blankLines"":3553,""language"":""Rust"",""commentLines"":3463},{""codeLines"":7,""blankLines"":1,""language"":""Diff"",""commentLines"":7},{""codeLines"":2,""blankLines"":0,""language"":""SVG"",""commentLines"":0},{""codeLines"":3448,""blankLines"":367,""language"":""C/C++ Header"",""commentLines"":11655},{""codeLines"":4901,""blankLines"":821,""language"":""YAML"",""commentLines"":60},{""codeLines"":1369,""blankLines"":607,""language"":""Markdown"",""commentLines"":1},{""codeLines"":474,""blankLines"":79,""language"":""Bourne Shell"",""commentLines"":260},{""codeLines"":35,""blankLines"":17,""language"":""make"",""commentLines"":4},{""codeLines"":10825,""blankLines"":2028,""language"":""JavaScript"",""commentLines"":1269},{""codeLines"":35,""blankLines"":14,""language"":""Dockerfile"",""commentLines"":23},{""codeLines"":181,""blankLines"":22,""language"":""TOML"",""commentLines"":9},{""codeLines"":54,""blankLines"":9,""language"":""DOS Batch"",""commentLines"":7},{""codeLines"":389,""blankLines"":53,""language"":""C++"",""commentLines"":113},{""codeLines"":198,""blankLines"":9,""language"":""PowerShell"",""commentLines"":45}]",2026-10-03T06:32:43,7d154b847a0cb3f9cffbdb126598c4d1434995ba,True,False,False,False,"{""Rust"":1780257,""TypeScript"":1600688,""CSS"":375209,""HTML"":238470,""Go"":174370,""JavaScript"":148793,""Python"":134960,""Shell"":36294,""C++"":18155,""Dockerfile"":3044,""Batchfile"":1486}",automation;bug;codex;dependencies;documentation;duplicate;enhancement;feature-request;github_actions;good first issue;help wanted;invalid;javascript;needs-info;pinned;question;sensitive-area;stale;test;waiting-for-developer;waiting-for-user;wontfix,chat-exports;electron;export;exporter;javascript;qq;qq-expoter;qq-nt;qqnt,v1.0.0,First Release,Python
95339612,ayangweb/BongoCat,False,1321,2,21,1172,Rust,master,Apache License 2.0,https://github.com/ayangweb/Awesome-BongoCat,83,23785,18,20951,2025-03-28T04:50:22,2026-10-04T10:18:59,2026-10-04T03:05:28,753,21,335,2,14258.0,158500.0,17023.0,"[{""codeLines"":2,""blankLines"":0,""language"":""CSV"",""commentLines"":0},{""codeLines"":245,""blankLines"":37,""language"":""Bourne Shell"",""commentLines"":1},{""codeLines"":12753,""blankLines"":3138,""language"":""Markdown"",""commentLines"":0},{""codeLines"":265,""blankLines"":112,""language"":""C/C++ Header"",""commentLines"":497},{""codeLines"":72,""blankLines"":2,""language"":""XML"",""commentLines"":23},{""codeLines"":2,""blankLines"":1,""language"":""JavaScript"",""commentLines"":8},{""codeLines"":2336,""blankLines"":94,""language"":""YAML"",""commentLines"":227},{""codeLines"":3497,""blankLines"":628,""language"":""Python"",""commentLines"":420},{""codeLines"":14,""blankLines"":4,""language"":""CSS"",""commentLines"":0},{""codeLines"":15,""blankLines"":1,""language"":""HTML"",""commentLines"":0},{""codeLines"":123083,""blankLines"":9371,""language"":""Rust"",""commentLines"":15800},{""codeLines"":12150,""blankLines"":0,""language"":""JSON"",""commentLines"":0},{""codeLines"":16,""blankLines"":5,""language"":""SCSS"",""commentLines"":0},{""codeLines"":17,""blankLines"":0,""language"":""Diff"",""commentLines"":8},{""codeLines"":1625,""blankLines"":421,""language"":""TypeScript"",""commentLines"":29},{""codeLines"":7,""blankLines"":0,""language"":""Text"",""commentLines"":0},{""codeLines"":810,""blankLines"":122,""language"":""TOML"",""commentLines"":0},{""codeLines"":1560,""blankLines"":320,""language"":""Vuejs Component"",""commentLines"":5},{""codeLines"":31,""blankLines"":2,""language"":""Windows Resource File"",""commentLines"":5}]",2026-10-04T10:18:56,702ff37a349f7cc6d248f98fe3007fc0b7d3166c,True,False,False,False,"{""Rust"":5628603,""Python"":188946,""Vue"":52569,""TypeScript"":48868,""Shell"":9607,""C"":4877,""Just"":4156,""HTML"":440,""SCSS"":269,""CSS"":258}",bug;dependencies;documentation;duplicate;enhancement;feature request;good first issue;help wanted;invalid;linux;macos;question;rust;windows;wontfix,bongo-cat;bongocat;cross-platform;desktop-app;desktop-pet;linux;macos;pet;pet-project;rust;tauri;tauri-app;windows,v0.1.0,First Release,JavaScript
95346625,Karben233/bili-hardcore,False,233,2,26,142,Rust,main,MIT License,,7,2332,11,22641,2025-04-04T02:37:14,2026-09-26T07:40:53,2026-10-03T04:09:59,42,4,21,0,875.0,6569.0,254.0,"[{""codeLines"":6,""blankLines"":0,""language"":""Text"",""commentLines"":0},{""codeLines"":29,""blankLines"":9,""language"":""PowerShell"",""commentLines"":6},{""codeLines"":38,""blankLines"":2,""language"":""TOML"",""commentLines"":0},{""codeLines"":435,""blankLines"":87,""language"":""Python"",""commentLines"":57},{""codeLines"":418,""blankLines"":84,""language"":""YAML"",""commentLines"":42},{""codeLines"":488,""blankLines"":232,""language"":""Markdown"",""commentLines"":0},{""codeLines"":50,""blankLines"":0,""language"":""JSON"",""commentLines"":0},{""codeLines"":5034,""blankLines"":443,""language"":""Rust"",""commentLines"":137},{""codeLines"":71,""blankLines"":18,""language"":""Bourne Shell"",""commentLines"":12}]",2026-09-26T07:37:07,9ed451b565613ecaef1513d33778a199209ac6e7,True,False,False,False,"{""Rust"":191961,""Python"":19012,""Shell"":2652,""PowerShell"":1932}",bug;documentation;duplicate;enhancement;good first issue;help wanted;invalid;question;wontfix,bilibili;bilibili-api;bilibili-hardcore;bilibili-senior,v0.0.1,First Release,Python
95349612,zhongbai2333/Tomato-Novel-Downloader,False,575,4,95,365,Rust,main,MIT License,,10,3804,6,1507,2025-03-30T03:28:31,2026-09-02T04:44:27,2026-09-20T03:07:45,338,0,31,0,4631.0,36968.0,1977.0,"[{""codeLines"":2,""blankLines"":1,""language"":""DOS Batch"",""commentLines"":0},{""codeLines"":9,""blankLines"":0,""language"":""JSON"",""commentLines"":0},{""codeLines"":62,""blankLines"":34,""language"":""Dockerfile"",""commentLines"":6},{""codeLines"":120,""blankLines"":24,""language"":""TOML"",""commentLines"":30},{""codeLines"":47,""blankLines"":15,""language"":""PowerShell"",""commentLines"":10},{""codeLines"":23,""blankLines"":0,""language"":""Text"",""commentLines"":0},{""codeLines"":328,""blankLines"":166,""language"":""Markdown"",""commentLines"":8},{""codeLines"":3640,""blankLines"":486,""language"":""YAML"",""commentLines"":1},{""codeLines"":1558,""blankLines"":202,""language"":""JavaScript"",""commentLines"":51},{""codeLines"":312,""blankLines"":47,""language"":""Bourne Shell"",""commentLines"":28},{""codeLines"":23704,""blankLines"":2733,""language"":""Rust"",""commentLines"":804},{""codeLines"":5974,""blankLines"":774,""language"":""Python"",""commentLines"":997},{""codeLines"":776,""blankLines"":119,""language"":""CSS"",""commentLines"":27},{""codeLines"":413,""blankLines"":30,""language"":""HTML"",""commentLines"":15}]",2026-09-02T04:44:15,e2197970c366180bb566b8acfbda67cc1331a1ef,True,False,False,False,"{""Rust"":918250,""Python"":308446,""JavaScript"":67883,""HTML"":21714,""CSS"":17441,""Shell"":11438,""PowerShell"":1589,""Batchfile"":66}",AI-Rerun;bug;codex;confirm;documentation;duplicate;enhancement;invalid;needs-info;new;question;run-build;wontfix;🎇medium;🐌low;🔥critical;🚀high,,v1.0.0,First Release,Python
95350141,SlimeBoyOwO/LingChat,False,5518,6,19,138,Rust,main,GNU Affero General Public License v3.0,https://lingchat.wiki/,19,2309,46,144610,2025-04-06T12:06:42,2026-10-02T01:54:26,2026-10-04T07:53:00,294,76,474,20,17519.0,154309.0,15729.0,"[{""codeLines"":7426,""blankLines"":1727,""language"":""YAML"",""commentLines"":101},{""codeLines"":6280,""blankLines"":2137,""language"":""Markdown"",""commentLines"":10},{""codeLines"":8,""blankLines"":7,""language"":""C++"",""commentLines"":618},{""codeLines"":105,""blankLines"":14,""language"":""Gradle"",""commentLines"":0},{""codeLines"":296,""blankLines"":9,""language"":""XML"",""commentLines"":28},{""codeLines"":15,""blankLines"":12,""language"":""Dockerfile"",""commentLines"":9},{""codeLines"":2373,""blankLines"":267,""language"":""HTML"",""commentLines"":152},{""codeLines"":474,""blankLines"":123,""language"":""Python"",""commentLines"":119},{""codeLines"":407,""blankLines"":9,""language"":""JSON"",""commentLines"":0},{""codeLines"":0,""blankLines"":3,""language"":""ProGuard"",""commentLines"":18},{""codeLines"":38052,""blankLines"":3909,""language"":""Vuejs Component"",""commentLines"":3566},{""codeLines"":185,""blankLines"":28,""language"":""Kotlin"",""commentLines"":9},{""codeLines"":362,""blankLines"":34,""language"":""C/C++ Header"",""commentLines"":107},{""codeLines"":12,""blankLines"":0,""language"":""Properties"",""commentLines"":19},{""codeLines"":182,""blankLines"":51,""language"":""Bourne Shell"",""commentLines"":190},{""codeLines"":2763,""blankLines"":514,""language"":""Go"",""commentLines"":341},{""codeLines"":24474,""blankLines"":1736,""language"":""TypeScript"",""commentLines"":2465},{""codeLines"":3286,""blankLines"":454,""language"":""CSS"",""commentLines"":252},{""codeLines"":22,""blankLines"":5,""language"":""INI"",""commentLines"":0},{""codeLines"":598,""blankLines"":78,""language"":""TNSDL"",""commentLines"":0},{""codeLines"":313,""blankLines"":2,""language"":""SVG"",""commentLines"":2},{""codeLines"":52037,""blankLines"":6183,""language"":""Rust"",""commentLines"":7517},{""codeLines"":71,""blankLines"":21,""language"":""DOS Batch"",""commentLines"":2},{""codeLines"":14231,""blankLines"":145,""language"":""JavaScript"",""commentLines"":165},{""codeLines"":245,""blankLines"":40,""language"":""TOML"",""commentLines"":39},{""codeLines"":92,""blankLines"":11,""language"":""Text"",""commentLines"":0}]",2026-09-13T04:56:00,848fd3448c20ca32e0436a498d20e85f63393e7f,True,False,False,False,"{""Rust"":2412900,""Vue"":1614292,""TypeScript"":1062370,""Go"":91017,""CSS"":78769,""C++"":39836,""JavaScript"":35486,""Python"":28730,""HTML"":10987,""Shell"":8993,""Kotlin"":8144,""Batchfile"":4475,""Dockerfile"":528}",ai-slop;platform: android;platform: linux;platform: macos;platform: windows;priority: 1 high;priority: 2 medium;priority: 3 low;priority: 4 furture;spam;status: in progress;status: invalid;status: needs more info;status: needs review;status: waiting;type: bug;type: documentation;type: feature request;type: guide;type: question;type: security;type: wontfix,,v0.1.0-alpha,First Release,Python
95352811,idootop/open-xiaoai,False,169,2,8,283,Rust,main,MIT License,,18,2389,9,3396,2025-04-07T12:28:45,2026-04-04T07:58:12,2026-04-08T12:35:57,110,6,18,0,2168.0,10214.0,867.0,"[{""codeLines"":242,""blankLines"":0,""language"":""Text"",""commentLines"":0},{""codeLines"":2360,""blankLines"":589,""language"":""Python"",""commentLines"":379},{""codeLines"":126,""blankLines"":17,""language"":""TOML"",""commentLines"":4},{""codeLines"":3287,""blankLines"":555,""language"":""Rust"",""commentLines"":168},{""codeLines"":32,""blankLines"":7,""language"":""make"",""commentLines"":8},{""codeLines"":786,""blankLines"":384,""language"":""Markdown"",""commentLines"":0},{""codeLines"":550,""blankLines"":212,""language"":""Bourne Shell"",""commentLines"":40},{""codeLines"":930,""blankLines"":246,""language"":""YAML"",""commentLines"":0},{""codeLines"":146,""blankLines"":17,""language"":""Diff"",""commentLines"":88},{""codeLines"":159,""blankLines"":54,""language"":""Dockerfile"",""commentLines"":48},{""codeLines"":1021,""blankLines"":0,""language"":""JSON"",""commentLines"":0},{""codeLines"":458,""blankLines"":64,""language"":""TypeScript"",""commentLines"":123},{""codeLines"":117,""blankLines"":23,""language"":""Bourne Again Shell"",""commentLines"":9}]",2026-04-04T07:58:07,bc3396c64e2a435f354eb5cb12a203981f1fe422,True,True,False,False,"{""Rust"":55772,""Shell"":11706,""TypeScript"":7225,""Python"":5573,""Dockerfile"":5192,""Makefile"":1247}",bug;documentation;duplicate;enhancement;good first issue;help wanted;invalid;question;wontfix,,LX06_1.88.206,First Release,Python
95354284,openai/codex,False,11832,4694,1000,20011,Rust,main,Apache License 2.0,,651,127818,477,662847,2025-04-13T05:37:54,2026-10-04T07:12:21,2026-10-04T02:37:36,32202,20372,17315,165,157005.0,2100262.0,70202.0,"[{""codeLines"":6,""blankLines"":4,""language"":""Bourne Again Shell"",""commentLines"":0},{""codeLines"":757,""blankLines"":105,""language"":""CSS"",""commentLines"":5},{""codeLines"":784,""blankLines"":24,""language"":""HTML"",""commentLines"":1},{""codeLines"":1817486,""blankLines"":137599,""language"":""Rust"",""commentLines"":60783},{""codeLines"":274,""blankLines"":37,""language"":""Meson"",""commentLines"":6},{""codeLines"":1,""blankLines"":0,""language"":""Lisp"",""commentLines"":0},{""codeLines"":214,""blankLines"":0,""language"":""CSV"",""commentLines"":0},{""codeLines"":4923,""blankLines"":594,""language"":""Starlark"",""commentLines"":517},{""codeLines"":124,""blankLines"":8,""language"":""Nix"",""commentLines"":10},{""codeLines"":1074,""blankLines"":159,""language"":""JavaScript"",""commentLines"":42},{""codeLines"":201,""blankLines"":38,""language"":""C/C++ Header"",""commentLines"":56},{""codeLines"":9,""blankLines"":1,""language"":""C++"",""commentLines"":1},{""codeLines"":4210,""blankLines"":670,""language"":""Bourne Shell"",""commentLines"":307},{""codeLines"":11,""blankLines"":0,""language"":""CMake"",""commentLines"":3},{""codeLines"":790,""blankLines"":80,""language"":""SQL"",""commentLines"":13},{""codeLines"":311,""blankLines"":0,""language"":""Jupyter Notebook"",""commentLines"":228},{""codeLines"":170352,""blankLines"":1,""language"":""JSON"",""commentLines"":0},{""codeLines"":86,""blankLines"":17,""language"":""Dockerfile"",""commentLines"":6},{""codeLines"":1823,""blankLines"":251,""language"":""Text"",""commentLines"":0},{""codeLines"":52368,""blankLines"":8043,""language"":""Python"",""commentLines"":1840},{""codeLines"":4362,""blankLines"":959,""language"":""C"",""commentLines"":649},{""codeLines"":14,""blankLines"":0,""language"":""SVG"",""commentLines"":0},{""codeLines"":6172,""blankLines"":785,""language"":""TOML"",""commentLines"":296},{""codeLines"":16,""blankLines"":4,""language"":""DOS Batch"",""commentLines"":0},{""codeLines"":5,""blankLines"":0,""language"":""INI"",""commentLines"":0},{""codeLines"":12665,""blankLines"":2142,""language"":""YAML"",""commentLines"":351},{""codeLines"":292,""blankLines"":77,""language"":""Protocol Buffers"",""commentLines"":29},{""codeLines"":10515,""blankLines"":3084,""language"":""Markdown"",""commentLines"":1},{""codeLines"":2010,""blankLines"":305,""language"":""PowerShell"",""commentLines"":140},{""codeLines"":1616,""blankLines"":126,""language"":""Diff"",""commentLines"":944},{""codeLines"":1004,""blankLines"":13,""language"":""XML"",""commentLines"":0},{""codeLines"":5787,""blankLines"":1879,""language"":""TypeScript"",""commentLines"":3974}]",2026-10-04T07:12:06,afb436df8b70bb5bc57b86d9a3e829968988cd21,False,False,False,False,"{""Rust"":72846082,""Python"":1652962,""Starlark"":133016,""TypeScript"":102523,""PowerShell"":77662,""Shell"":66334,""JavaScript"":32423,""HTML"":26838,""Jupyter Notebook"":20546,""CSS"":20134,""Smarty"":7627,""Just"":7519,""Nix"":4349,""Dockerfile"":883,""Batchfile"":389,""C"":52,""RenderScript"":1}",Browser Use;Chat thread UX;Context Mgmt;Customer Blocked;TCC / Permissions;aardvark;accessibility;affected: instructure;affected: reddit;affected: stripe;agent;android;app;app-server;artifacts-in-codex;auth;automation;automations;aws-bedrock;azure;broken flow;browser;bug;bug / regression;cli;cloud;code finalized;code-review;code-reviewed;codex;codex core;codex-automation;codex-core;codex-imagegen;codex-web;composer;computer-use;config;confusing copy;confusing interaction;connectivity;connectors;context;core app;custom-model;dell;dependencies;diffs;do not merge;documentation;dogfooding;dots;enhancement;enterprise;exec;extension;feature;feature request / enhancement;fix-it-friel;flake;git;github-action;github_actions;gtms-sev4;high impact;hooks;house of pain;imagen;ios;jetbrains;keyboard;linear;linux;macos;markdown;mcp;mcp-server;memory;mobile;model-behavior;moderate;needs-response;next weekly review;nexus:polish;normal queue;oai;owner/voice-dictation;papercuts 2026;papercuts: source - house of pain;papercuts: source - support;papercuts: source - tibos tweet;papercuts: source - truffle pig;papercuts: type - broken flow;papercuts: type - confusing;performance;pets;plan;plugins;product area: chatgpt;productivity;prototype;rate-limits;ready;regression;reliability & trust;remote;rust;rust_toolchain_package_manager;safety-check;sandbox;sandbox & security;sdk;selection;session;settings;sev3;sidebar;skills;slow interaction;source - slack;source: support issues;stability & performance;subagent;support impact;terminal;tibo tweet;tool-calls;top 100 customer;truffle pig feedback;tui;ui polish;user request;windows;windows-os;worktrees;wsl & terminal,,codex-rs-72a4c38e41bc64f5a7c8c73d52f45784cb6b7137-1-rust-v0.0.2504301219,First Release,TypeScript
95359744,rust-av/Av1an,False,2565,37,27,190,Rust,master,GNU General Public License v3.0,,38,1995,73,30547,2020-01-07T10:49:55,2026-09-28T10:05:14,2026-10-03T02:14:57,464,144,806,20,2428.0,17381.0,1221.0,"[{""codeLines"":2,""blankLines"":0,""language"":""Windows Resource File"",""commentLines"":0},{""codeLines"":33,""blankLines"":22,""language"":""Dockerfile"",""commentLines"":6},{""codeLines"":23,""blankLines"":9,""language"":""JSON"",""commentLines"":0},{""codeLines"":402,""blankLines"":25,""language"":""TOML"",""commentLines"":20},{""codeLines"":12602,""blankLines"":1446,""language"":""Rust"",""commentLines"":1179},{""codeLines"":1643,""blankLines"":742,""language"":""Markdown"",""commentLines"":0},{""codeLines"":2350,""blankLines"":135,""language"":""Text"",""commentLines"":0},{""codeLines"":311,""blankLines"":49,""language"":""YAML"",""commentLines"":16},{""codeLines"":15,""blankLines"":0,""language"":""XML"",""commentLines"":0}]",2026-09-14T01:59:27,6487fa55d2744b35d7746735b158e26fa4598da5,True,False,False,False,"{""Rust"":519098,""Dockerfile"":1436,""Just"":175}",bug;conflicts;dependencies;documentation;duplicate;encoder;enhancement;github_actions;good first issue;help wanted;invalid;question;rust;unstable;wontfix,aomenc;av1;av1-encoders;docker;docker-container;encoder;ffmpeg;hevc;quality;rav1e;rust;scenes;svt-av1;target-quality;video;vp9;x265,1.0,First Release,Python
95377688,luccahuguet/yazelix,False,389,5,9,50,Rust,main,Apache License 2.0,,4,1139,1,196842,2024-01-20T09:15:45,2026-08-03T01:49:16,2026-08-03T05:44:34,631,26,36,0,2336.0,23054.0,2700.0,"[{""codeLines"":259,""blankLines"":13,""language"":""Diff"",""commentLines"":38},{""codeLines"":1327,""blankLines"":354,""language"":""GLSL"",""commentLines"":362},{""codeLines"":136,""blankLines"":0,""language"":""JSON"",""commentLines"":0},{""codeLines"":41,""blankLines"":0,""language"":""Text"",""commentLines"":0},{""codeLines"":4,""blankLines"":2,""language"":""Scheme"",""commentLines"":0},{""codeLines"":38,""blankLines"":9,""language"":""Fish Shell"",""commentLines"":13},{""codeLines"":407,""blankLines"":47,""language"":""YAML"",""commentLines"":6},{""codeLines"":2509,""blankLines"":475,""language"":""Markdown"",""commentLines"":2},{""codeLines"":21,""blankLines"":4,""language"":""INI"",""commentLines"":0},{""codeLines"":219,""blankLines"":26,""language"":""Lua"",""commentLines"":0},{""codeLines"":1347,""blankLines"":55,""language"":""Nix"",""commentLines"":204},{""codeLines"":45,""blankLines"":14,""language"":""zsh"",""commentLines"":21},{""codeLines"":381,""blankLines"":44,""language"":""TOML"",""commentLines"":43},{""codeLines"":76,""blankLines"":8,""language"":""Bourne Shell"",""commentLines"":0},{""codeLines"":16244,""blankLines"":1285,""language"":""Rust"",""commentLines"":2011}]",2026-08-03T01:49:11,d8e10c6974296f27c1acaaadfc0a6b4dd3ee7f08,True,False,False,False,"{""Rust"":690435,""GLSL"":81222,""Nix"":71191,""Scheme"":17337,""Tree-sitter Query"":8689,""Lua"":5891,""Nushell"":4224,""Shell"":2740,""Nu"":554}",bug;documentation;duplicate;enhancement;good first issue;help wanted;invalid;question;v4;v6;v7;v8;wontfix,editor;file-manager;helix;home-manager;ide;lua;multiplexer;nix;nix-flake;nushell;plugins;rust;shell;terminal;terminal-editor;terminal-emulator;yazi;zellij,v11,First Release,Nu
95381837,honeycombio/gritql,False,365,217,181,112,Rust,main,MIT License,https://docs.grit.io/,9,4239,29,60150,2024-03-08T11:18:51,2025-12-01T11:03:53,2025-12-01T10:59:28,221,111,437,19,25377.0,4518567.0,20065.0,"[{""codeLines"":2943,""blankLines"":530,""language"":""C/C++ Header"",""commentLines"":132},{""codeLines"":2904,""blankLines"":579,""language"":""Scheme"",""commentLines"":204},{""codeLines"":1641,""blankLines"":393,""language"":""make"",""commentLines"":326},{""codeLines"":2,""blankLines"":0,""language"":""D"",""commentLines"":0},{""codeLines"":32616,""blankLines"":5666,""language"":""JavaScript"",""commentLines"":6024},{""codeLines"":177,""blankLines"":51,""language"":""Bourne Shell"",""commentLines"":16},{""codeLines"":13,""blankLines"":1,""language"":""Nix"",""commentLines"":0},{""codeLines"":67330,""blankLines"":7797,""language"":""Rust"",""commentLines"":4328},{""codeLines"":20,""blankLines"":4,""language"":""Maven"",""commentLines"":0},{""codeLines"":31,""blankLines"":0,""language"":""SQL"",""commentLines"":0},{""codeLines"":693,""blankLines"":29,""language"":""Swift"",""commentLines"":20},{""codeLines"":13607,""blankLines"":66,""language"":""CSS"",""commentLines"":27},{""codeLines"":470,""blankLines"":63,""language"":""HTML"",""commentLines"":5},{""codeLines"":15,""blankLines"":4,""language"":""Solidity"",""commentLines"":2},{""codeLines"":299,""blankLines"":90,""language"":""Bourne Again Shell"",""commentLines"":15},{""codeLines"":317553,""blankLines"":19,""language"":""JSON"",""commentLines"":0},{""codeLines"":477,""blankLines"":1,""language"":""Jupyter Notebook"",""commentLines"":1938},{""codeLines"":38,""blankLines"":6,""language"":""Vuejs Component"",""commentLines"":0},{""codeLines"":40,""blankLines"":5,""language"":""Java"",""commentLines"":17},{""codeLines"":785,""blankLines"":259,""language"":""C++"",""commentLines"":9},{""codeLines"":142,""blankLines"":31,""language"":""Kotlin"",""commentLines"":1},{""codeLines"":56,""blankLines"":16,""language"":""CMake"",""commentLines"":4},{""codeLines"":4184,""blankLines"":1350,""language"":""Markdown"",""commentLines"":8},{""codeLines"":87,""blankLines"":26,""language"":""PHP"",""commentLines"":92},{""codeLines"":184,""blankLines"":124,""language"":""Elixir"",""commentLines"":911},{""codeLines"":6,""blankLines"":0,""language"":""MSBuild script"",""commentLines"":0},{""codeLines"":995,""blankLines"":78,""language"":""YAML"",""commentLines"":43},{""codeLines"":1346,""blankLines"":36,""language"":""Diff"",""commentLines"":244},{""codeLines"":50,""blankLines"":0,""language"":""SVG"",""commentLines"":0},{""codeLines"":367,""blankLines"":89,""language"":""C#"",""commentLines"":917},{""codeLines"":4027389,""blankLines"":1638,""language"":""C"",""commentLines"":475},{""codeLines"":7032,""blankLines"":978,""language"":""Python"",""commentLines"":945},{""codeLines"":105,""blankLines"":32,""language"":""INI"",""commentLines"":0},{""codeLines"":5060,""blankLines"":700,""language"":""Go"",""commentLines"":1706},{""codeLines"":12005,""blankLines"":1692,""language"":""TypeScript"",""commentLines"":1620},{""codeLines"":1534,""blankLines"":214,""language"":""TOML"",""commentLines"":36},{""codeLines"":16335,""blankLines"":2808,""language"":""Text"",""commentLines"":0},{""codeLines"":36,""blankLines"":2,""language"":""HCL"",""commentLines"":0}]",2025-12-01T10:59:23,f279bb1d6d9968304dcec9fd7db44e93986e581e,True,False,False,False,"{""Rust"":2328819,""Jupyter Notebook"":76764,""TypeScript"":46957,""JavaScript"":26854,""Python"":7529,""Shell"":5073,""RenderScript"":4123,""Vue"":1500,""HCL"":720,""HTML"":711,""PLSQL"":306,""Kotlin"":232}",AST surprise;Tusk;Tusk Investigator;bug;documentation;duplicate;enhancement;eval;fine;go;good first issue;help wanted;invalid;language;needs reproduction;python;question;rewrite heuristics;ruby;rust;small;wontfix;workflows;💎 bounty;💰 rewarded;🙋 bounty claim,ast;codemod;javascript;linter;refactoring;rust;search;tree-sitter,v0.1.0-alpha.1715733897,First Release,C
95390524,ryoppippi/ccusage,False,1376,51,123,635,Rust,main,Other,https://ccusage.com/,24,15878,70,14838,2025-05-29T04:56:50,2026-06-10T01:15:57,2026-06-10T07:25:32,302,7,886,2,6512.0,62665.0,555.0,"[{""codeLines"":4868,""blankLines"":1119,""language"":""YAML"",""commentLines"":102},{""codeLines"":547,""blankLines"":14,""language"":""Text"",""commentLines"":0},{""codeLines"":29019,""blankLines"":2360,""language"":""Rust"",""commentLines"":143},{""codeLines"":29,""blankLines"":0,""language"":""SVG"",""commentLines"":0},{""codeLines"":165,""blankLines"":19,""language"":""TOML"",""commentLines"":0},{""codeLines"":16116,""blankLines"":0,""language"":""JSON"",""commentLines"":0},{""codeLines"":930,""blankLines"":16,""language"":""Nix"",""commentLines"":148},{""codeLines"":2,""blankLines"":1,""language"":""Bourne Shell"",""commentLines"":1},{""codeLines"":7004,""blankLines"":2632,""language"":""Markdown"",""commentLines"":21},{""codeLines"":3738,""blankLines"":309,""language"":""TypeScript"",""commentLines"":132},{""codeLines"":247,""blankLines"":42,""language"":""JavaScript"",""commentLines"":8}]",2026-06-09T11:12:06,707105cd1d93f8cdcefe4f3479275012c1790dbb,False,False,False,False,"{""Rust"":1026050,""TypeScript"":98078,""Nix"":24917,""JavaScript"":13626,""Just"":3349,""jq"":1057,""Shell"":503}",bug;dependencies;documentation;duplicate;enhancement;good first issue;help wanted;info;invalid;question;renovate;wontfix,,v0.1.2,First Release,TypeScript
95407031,cjpais/Handy,False,875,168,66,3036,Rust,main,MIT License,https://handy.computer,98,32810,173,15063,2025-02-13T02:42:29,2026-10-04T01:32:47,2026-10-04T03:03:03,771,87,866,97,5315.0,63356.0,5496.0,"[{""codeLines"":7,""blankLines"":0,""language"":""SVG"",""commentLines"":0},{""codeLines"":132,""blankLines"":16,""language"":""TOML"",""commentLines"":56},{""codeLines"":147,""blankLines"":33,""language"":""Swift"",""commentLines"":9},{""codeLines"":1961,""blankLines"":33,""language"":""Nix"",""commentLines"":67},{""codeLines"":22847,""blankLines"":3057,""language"":""Rust"",""commentLines"":3783},{""codeLines"":21166,""blankLines"":3,""language"":""JSON"",""commentLines"":0},{""codeLines"":35,""blankLines"":0,""language"":""XML"",""commentLines"":0},{""codeLines"":13463,""blankLines"":1419,""language"":""TypeScript"",""commentLines"":1110},{""codeLines"":407,""blankLines"":59,""language"":""Python"",""commentLines"":116},{""codeLines"":500,""blankLines"":36,""language"":""CSS"",""commentLines"":119},{""codeLines"":39,""blankLines"":1,""language"":""HTML"",""commentLines"":0},{""codeLines"":1151,""blankLines"":114,""language"":""YAML"",""commentLines"":176},{""codeLines"":1168,""blankLines"":529,""language"":""Markdown"",""commentLines"":30},{""codeLines"":23,""blankLines"":6,""language"":""Bourne Shell"",""commentLines"":25},{""codeLines"":17,""blankLines"":8,""language"":""C/C++ Header"",""commentLines"":4},{""codeLines"":36,""blankLines"":1,""language"":""JavaScript"",""commentLines"":1},{""codeLines"":257,""blankLines"":0,""language"":""Text"",""commentLines"":0}]",2026-10-04T12:47:50,73ab851c2b6242283759a4c101b60f0ece132f08,True,False,False,False,"{""Rust"":1119266,""TypeScript"":569093,""Nix"":115284,""NSIS"":35880,""Python"":27516,""CSS"":20672,""Swift"":5917,""Shell"":2458,""HTML"":838,""C"":829,""JavaScript"":820}",bug;code quality;critical;discussion;documentation;duplicate;feature;good first issue;help wanted;invalid;platform: linux;platform: macos;platform: windows;question;tauri global shortcuts bug;wontfix,accessibility;cross-platform;speech-to-text;tauri-v2,0.1.0,First Release,TypeScript
95429013,amir20/dtop,False,619,6,99,36,Rust,master,MIT License,https://dtop.dev/,4,1442,10,10754,2025-06-20T09:52:23,2026-10-03T01:21:23,2026-10-03T09:55:47,80,1,285,0,2798.0,15237.0,2020.0,"[{""codeLines"":160,""blankLines"":39,""language"":""Bourne Shell"",""commentLines"":32},{""codeLines"":1027,""blankLines"":122,""language"":""Svelte"",""commentLines"":0},{""codeLines"":693,""blankLines"":101,""language"":""YAML"",""commentLines"":166},{""codeLines"":94,""blankLines"":20,""language"":""Nix"",""commentLines"":12},{""codeLines"":1618,""blankLines"":570,""language"":""Markdown"",""commentLines"":1},{""codeLines"":61,""blankLines"":13,""language"":""JavaScript"",""commentLines"":15},{""codeLines"":122,""blankLines"":12,""language"":""TOML"",""commentLines"":50},{""codeLines"":33,""blankLines"":10,""language"":""INI"",""commentLines"":0},{""codeLines"":69,""blankLines"":2,""language"":""HTML"",""commentLines"":2},{""codeLines"":29,""blankLines"":7,""language"":""Dockerfile"",""commentLines"":5},{""codeLines"":210,""blankLines"":0,""language"":""JSON"",""commentLines"":0},{""codeLines"":1505,""blankLines"":284,""language"":""Go"",""commentLines"":86},{""codeLines"":7,""blankLines"":1,""language"":""TypeScript"",""commentLines"":0},{""codeLines"":16,""blankLines"":4,""language"":""SVG"",""commentLines"":4},{""codeLines"":9471,""blankLines"":1586,""language"":""Rust"",""commentLines"":1642},{""codeLines"":122,""blankLines"":27,""language"":""CSS"",""commentLines"":5}]",2026-10-03T01:21:22,9654f69f4c2d9998915dd445afc11f40225a62e4,False,False,False,False,"{""Rust"":452055,""Go"":46868,""Shell"":6916,""Nix"":3802,""Dockerfile"":1838,""Tape"":279}",bug;documentation;duplicate;enhancement;good first issue;help wanted;invalid;question;wontfix,,v0.0.1,First Release,Go
95439339,biliup/biliup-app,False,71,3,19,71,Rust,master,,https://biliup.github.io/biliup-app,4,1434,8,22990,2019-06-19T03:54:26,2025-08-21T12:52:00,2025-08-22T08:52:56,126,0,21,0,730.0,10760.0,407.0,"[{""codeLines"":4500,""blankLines"":463,""language"":""Rust"",""commentLines"":308},{""codeLines"":3666,""blankLines"":0,""language"":""JSON"",""commentLines"":0},{""codeLines"":1824,""blankLines"":176,""language"":""Svelte"",""commentLines"":37},{""codeLines"":382,""blankLines"":34,""language"":""TypeScript"",""commentLines"":35},{""codeLines"":24,""blankLines"":1,""language"":""JavaScript"",""commentLines"":4},{""codeLines"":24,""blankLines"":5,""language"":""CSS"",""commentLines"":5},{""codeLines"":104,""blankLines"":6,""language"":""YAML"",""commentLines"":6},{""codeLines"":48,""blankLines"":16,""language"":""Markdown"",""commentLines"":0},{""codeLines"":72,""blankLines"":16,""language"":""Bourne Shell"",""commentLines"":9},{""codeLines"":27,""blankLines"":4,""language"":""HTML"",""commentLines"":0},{""codeLines"":81,""blankLines"":9,""language"":""TOML"",""commentLines"":3},{""codeLines"":8,""blankLines"":0,""language"":""SVG"",""commentLines"":0}]",2025-08-21T12:51:14,a7f0c5cd5de43f76b276de67baeecfdc94cd0832,True,True,False,False,"{""Rust"":165519,""Svelte"":93076,""TypeScript"":12055,""Shell"":2899,""HTML"":759,""JavaScript"":639,""CSS"":521}",bug;dependencies;documentation;duplicate;enhancement;good first issue;help wanted;invalid;question;wontfix,bilibili;bilibili-helper;upload,app-v0.1.0,First Release,Svelte
95439404,intentee/paddler,False,1193,19,26,99,Rust,main,Apache License 2.0,https://paddler.intentee.com,13,1676,12,11225,2024-04-27T06:07:47,2026-10-01T12:01:57,2026-09-30T06:55:55,80,26,182,4,11465.0,72086.0,133.0,"[{""codeLines"":536,""blankLines"":58,""language"":""Nix"",""commentLines"":0},{""codeLines"":189,""blankLines"":15,""language"":""Cucumber"",""commentLines"":1},{""codeLines"":360,""blankLines"":56,""language"":""JavaScript"",""commentLines"":2},{""codeLines"":106,""blankLines"":33,""language"":""make"",""commentLines"":6},{""codeLines"":284,""blankLines"":56,""language"":""YAML"",""commentLines"":0},{""codeLines"":596,""blankLines"":220,""language"":""Markdown"",""commentLines"":0},{""codeLines"":24,""blankLines"":3,""language"":""HTML"",""commentLines"":0},{""codeLines"":3423,""blankLines"":1033,""language"":""Python"",""commentLines"":0},{""codeLines"":1353,""blankLines"":187,""language"":""CSS"",""commentLines"":4},{""codeLines"":23,""blankLines"":5,""language"":""Bourne Shell"",""commentLines"":0},{""codeLines"":40,""blankLines"":1,""language"":""SVG"",""commentLines"":0},{""codeLines"":51271,""blankLines"":8984,""language"":""Rust"",""commentLines"":113},{""codeLines"":20,""blankLines"":8,""language"":""Dockerfile"",""commentLines"":0},{""codeLines"":7041,""blankLines"":0,""language"":""JSON"",""commentLines"":0},{""codeLines"":18,""blankLines"":6,""language"":""INI"",""commentLines"":0},{""codeLines"":5781,""blankLines"":698,""language"":""TypeScript"",""commentLines"":0},{""codeLines"":235,""blankLines"":14,""language"":""HCL"",""commentLines"":1},{""codeLines"":786,""blankLines"":88,""language"":""TOML"",""commentLines"":6}]",2026-07-19T07:36:18,0dde2afd5bfa35c8d3e813bd513da2fccdd811fc,False,False,False,False,"{""Rust"":2073164,""TypeScript"":187778,""Python"":133545,""CSS"":32840,""Nix"":21213,""JavaScript"":9870,""Gherkin"":7667,""HCL"":7264,""Makefile"":4996,""HTML"":914,""Dockerfile"":557}",bug;compatibility;dependencies;documentation;duplicate;good first issue;help wanted;idea;javascript;openai;question;security;support-paddler,ai;llamacpp;llm;llmops;load-balancer,v0.1.0,First Release,Go
95445592,dmtrKovalenko/fff.nvim,False,241,125,485,245,Rust,main,MIT License,https://fff.dmtrkovalenko.dev/,9,5369,56,4972,2025-07-31T10:01:49,2026-04-23T02:38:59,2026-04-23T09:12:24,199,49,219,9,7039.0,46118.0,7931.0,"[{""codeLines"":5103,""blankLines"":0,""language"":""JSON"",""commentLines"":0},{""codeLines"":271,""blankLines"":92,""language"":""C/C++ Header"",""commentLines"":847},{""codeLines"":103,""blankLines"":25,""language"":""make"",""commentLines"":5},{""codeLines"":461,""blankLines"":174,""language"":""Text"",""commentLines"":0},{""codeLines"":778,""blankLines"":144,""language"":""YAML"",""commentLines"":32},{""codeLines"":748,""blankLines"":259,""language"":""Markdown"",""commentLines"":0},{""codeLines"":250,""blankLines"":41,""language"":""JavaScript"",""commentLines"":21},{""codeLines"":6313,""blankLines"":1305,""language"":""Lua"",""commentLines"":1191},{""codeLines"":99,""blankLines"":19,""language"":""Nix"",""commentLines"":15},{""codeLines"":343,""blankLines"":54,""language"":""TOML"",""commentLines"":21},{""codeLines"":911,""blankLines"":195,""language"":""Bourne Shell"",""commentLines"":112},{""codeLines"":25182,""blankLines"":3854,""language"":""Rust"",""commentLines"":3807},{""codeLines"":139,""blankLines"":20,""language"":""Python"",""commentLines"":7},{""codeLines"":5417,""blankLines"":857,""language"":""TypeScript"",""commentLines"":1873}]",2026-04-23T02:22:01,bca71efb32e208d0498369197303954b15e91b63,True,False,False,False,"{""Rust"":1127669,""Lua"":313129,""TypeScript"":239018,""Shell"":45962,""C"":40343,""JavaScript"":11188,""Python"":6255,""Makefile"":4341,""Nix"":4078}",bug;build;documentation;duplicate;enhancement;good first issue;help wanted;invalid;question;wontfix,filesearch;lua;neovim;neovim-plugin;rust,1acb57f,First Release,Lua
95463206,codemod/codemod,False,2111,177,174,81,Rust,main,Apache License 2.0,https://go.codemod.com/docs,2,1099,50,221370,2024-01-26T11:30:00,2026-10-02T06:08:53,2026-10-04T08:25:22,126,12,2298,15,21332.0,136315.0,22750.0,"[{""codeLines"":13099,""blankLines"":4534,""language"":""Markdown"",""commentLines"":97},{""codeLines"":52,""blankLines"":12,""language"":""Elixir"",""commentLines"":6},{""codeLines"":8046,""blankLines"":1921,""language"":""YAML"",""commentLines"":70},{""codeLines"":10,""blankLines"":0,""language"":""XML"",""commentLines"":0},{""codeLines"":50,""blankLines"":12,""language"":""PHP"",""commentLines"":10},{""codeLines"":79,""blankLines"":20,""language"":""Java"",""commentLines"":10},{""codeLines"":46,""blankLines"":16,""language"":""C++"",""commentLines"":18},{""codeLines"":808,""blankLines"":71,""language"":""TOML"",""commentLines"":53},{""codeLines"":103,""blankLines"":28,""language"":""Kotlin"",""commentLines"":6},{""codeLines"":351,""blankLines"":19,""language"":""CSS"",""commentLines"":4},{""codeLines"":2107,""blankLines"":26,""language"":""Text"",""commentLines"":0},{""codeLines"":106,""blankLines"":16,""language"":""HTML"",""commentLines"":14},{""codeLines"":2906,""blankLines"":2,""language"":""JSON"",""commentLines"":0},{""codeLines"":132,""blankLines"":74,""language"":""Dockerfile"",""commentLines"":10},{""codeLines"":92721,""blankLines"":12705,""language"":""Rust"",""commentLines"":14267},{""codeLines"":2322,""blankLines"":0,""language"":""SVG"",""commentLines"":0},{""codeLines"":163,""blankLines"":44,""language"":""SQL"",""commentLines"":89},{""codeLines"":78,""blankLines"":14,""language"":""Bourne Shell"",""commentLines"":9},{""codeLines"":869,""blankLines"":177,""language"":""JavaScript"",""commentLines"":94},{""codeLines"":42,""blankLines"":16,""language"":""Ruby"",""commentLines"":8},{""codeLines"":134,""blankLines"":61,""language"":""Python"",""commentLines"":7},{""codeLines"":48,""blankLines"":14,""language"":""Go"",""commentLines"":6},{""codeLines"":11868,""blankLines"":1519,""language"":""TypeScript"",""commentLines"":7957},{""codeLines"":95,""blankLines"":15,""language"":""Prisma Schema"",""commentLines"":5},{""codeLines"":30,""blankLines"":6,""language"":""C"",""commentLines"":4},{""codeLines"":50,""blankLines"":10,""language"":""C#"",""commentLines"":6}]",2026-10-01T10:53:20,4764afb5f2df51214df3a12dfa6cc10676e7ceb8,False,False,False,False,"{""Rust"":4102069,""MDX"":296731,""TypeScript"":240324,""JavaScript"":39850,""CSS"":11925,""Dockerfile"":5797,""Python"":3554,""Shell"":2236,""Smarty"":1634,""HTML"":501}",React 19;adonisjs;angular;aurelia;backend;bug;ci-cd;cli;codemod improvement;codemod-issue;codemod-request;dependencies;documentation;duplicate;elastic;electron.js;enhancement;ether.js;false negative;false positive;fastify;good first issue;help wanted;intern;ionic;jasminejs;javascript;kp;langchain;linear;low-pri;meteor;mid-pri;msw;new-codemod;nextauthjs;nuxt;platform;polymerjs;prisma;question;react;react-native;sails.js;sentry;socket.io;stenciljs;studio;svelte;three.js;types-react;vue;web registry;web3.js;website;wishlist;wontfix;www;❤️ community contribution;💎 bounty;💰 rewarded;🙋 bounty claim,ast-grep;cleanup;codemod;jscodeshift;migration;refactoring;ts-morph;upgrade,v1.0.0,First Release,TypeScript
95463210,farion1231/cc-switch,False,2447,127,54,9235,Rust,main,MIT License,https://ccswitch.io,254,133824,241,75568,2025-08-04T02:16:16,2026-09-20T02:27:20,2026-09-20T08:02:15,5196,1847,2019,951,53458.0,379412.0,25125.0,"[{""codeLines"":6322,""blankLines"":1311,""language"":""YAML"",""commentLines"":119},{""codeLines"":13816,""blankLines"":1,""language"":""JSON"",""commentLines"":0},{""codeLines"":52,""blankLines"":4,""language"":""XML"",""commentLines"":1},{""codeLines"":123564,""blankLines"":9656,""language"":""TypeScript"",""commentLines"":5363},{""codeLines"":143,""blankLines"":24,""language"":""TOML"",""commentLines"":4},{""codeLines"":233,""blankLines"":52,""language"":""CSS"",""commentLines"":13},{""codeLines"":198,""blankLines"":17,""language"":""Text"",""commentLines"":0},{""codeLines"":1904,""blankLines"":257,""language"":""HTML"",""commentLines"":30},{""codeLines"":311,""blankLines"":41,""language"":""WiX source"",""commentLines"":15},{""codeLines"":261,""blankLines"":19,""language"":""JavaScript"",""commentLines"":22},{""codeLines"":194022,""blankLines"":21255,""language"":""Rust"",""commentLines"":19524},{""codeLines"":38152,""blankLines"":20807,""language"":""Markdown"",""commentLines"":4},{""codeLines"":434,""blankLines"":14,""language"":""SVG"",""commentLines"":30}]",2026-09-20T02:27:20,fdbe3a85b269ed40695ded5981b6ba8288d30ac3,True,False,False,False,"{""Rust"":8361879,""TypeScript"":4376370,""HTML"":105500,""JavaScript"":9792,""CSS"":6237}",actions;backend;blocked;bug;contribution-approved;dependencies;documentation;duplicate;enhancement;frontend;good first issue;help wanted;i18n;mcp;need-info;needs review;needs-design;new-tool;performance;proxy;question;security;skills;stale,ai-tools;claude-code;codex;desktop-app;grok;grokbuild;hermes;hermes-agent;mcp;open-source;openclaw;openclaw-ui;opencode;pi;provider-management;rust;skills;skills-management;tauri;wsl-support,v2.0.3,First Release,TypeScript
95472947,rivet-gg/engine,False,3490,468,31,113,Rust,main,Apache License 2.0,https://rivet.gg,19,4371,16,188723,2023-06-16T11:51:15,2025-09-14T10:58:54,2025-09-14T03:44:02,370,6,2519,33,29563.0,207162.0,11718.0,"[{""codeLines"":764,""blankLines"":107,""language"":""CSS"",""commentLines"":26},{""codeLines"":19,""blankLines"":5,""language"":""INI"",""commentLines"":0},{""codeLines"":4229,""blankLines"":1973,""language"":""Text"",""commentLines"":0},{""codeLines"":43,""blankLines"":6,""language"":""HTML"",""commentLines"":0},{""codeLines"":1541,""blankLines"":198,""language"":""TOML"",""commentLines"":18},{""codeLines"":6034,""blankLines"":8,""language"":""SVG"",""commentLines"":3},{""codeLines"":25,""blankLines"":1,""language"":""Diff"",""commentLines"":13},{""codeLines"":339,""blankLines"":82,""language"":""Dockerfile"",""commentLines"":89},{""codeLines"":88,""blankLines"":12,""language"":""XML"",""commentLines"":1},{""codeLines"":45,""blankLines"":0,""language"":""Pest"",""commentLines"":1},{""codeLines"":18188,""blankLines"":0,""language"":""JSON"",""commentLines"":0},{""codeLines"":1762,""blankLines"":264,""language"":""Go"",""commentLines"":203},{""codeLines"":63455,""blankLines"":5543,""language"":""TypeScript"",""commentLines"":4203},{""codeLines"":15445,""blankLines"":3003,""language"":""YAML"",""commentLines"":117},{""codeLines"":17719,""blankLines"":6815,""language"":""Markdown"",""commentLines"":19},{""codeLines"":247,""blankLines"":75,""language"":""Bourne Shell"",""commentLines"":44},{""codeLines"":674,""blankLines"":0,""language"":""CSV"",""commentLines"":0},{""codeLines"":37,""blankLines"":10,""language"":""PowerShell"",""commentLines"":4},{""codeLines"":3814,""blankLines"":255,""language"":""JSX"",""commentLines"":92},{""codeLines"":141,""blankLines"":3,""language"":""SQL"",""commentLines"":0},{""codeLines"":66385,""blankLines"":10953,""language"":""Rust"",""commentLines"":6760},{""codeLines"":6168,""blankLines"":250,""language"":""JavaScript"",""commentLines"":125}]",2025-09-13T10:47:31,bf38cb9dc5ad94b3811baabda88cd1090d442d81,False,False,False,False,"{""Rust"":2075155,""TypeScript"":1575685,""MDX"":668184,""JavaScript"":471635,""Go"":71241,""CSS"":25237,""Dockerfile"":16545,""Shell"":9539,""HTML"":1639,""PowerShell"":1614}",2 points;analytics;api;api library;autorelease: pending;autorelease: tagged;benchmark;bolt;bug;cdn;chat;chirp;cli;cloud;dependencies;developer dashboard;devops;documentation;duplicate;dynamic-servers;elastic-lobbies.;enhancement;game guard;good first issue;group;help wanted;high priority;hub;identity;infrastructure;invalid;investigate;javascript;job;kv;logging;low priority;maintenance;matchmaker;medium priority;merge-queue;monitoring;oss;performance;pkg/svc/kv;pkg/svc/mm;public;public-tmp;question;release-please:force-run;rust;tmp-public;upload;windows;wontfix;workflows,actor;actors;bevy;cloudflare;cloudflare-durable-objects;deno;durable-objects;foundationdb;game-development;godot;multiplayer;partykit;realtime;rust;serverless;unreal-engine,v2.0.21,First Release,TypeScript
95483394,rivet-dev/engine,False,3800,460,37,128,Rust,main,Apache License 2.0,https://www.rivet.dev,17,4508,16,192586,2023-06-16T11:51:15,2025-10-18T10:20:14,2025-10-19T06:57:01,374,4,2818,12,38634.0,265196.0,17597.0,"[{""codeLines"":37,""blankLines"":10,""language"":""PowerShell"",""commentLines"":4},{""codeLines"":25219,""blankLines"":5014,""language"":""YAML"",""commentLines"":89},{""codeLines"":25,""blankLines"":1,""language"":""Diff"",""commentLines"":13},{""codeLines"":45,""blankLines"":0,""language"":""Pest"",""commentLines"":1},{""codeLines"":367,""blankLines"":106,""language"":""Bourne Shell"",""commentLines"":62},{""codeLines"":1548,""blankLines"":275,""language"":""JavaScript"",""commentLines"":141},{""codeLines"":15806,""blankLines"":6523,""language"":""Markdown"",""commentLines"":0},{""codeLines"":115,""blankLines"":6,""language"":""SQL"",""commentLines"":1},{""codeLines"":69089,""blankLines"":11742,""language"":""Rust"",""commentLines"":6942},{""codeLines"":6185,""blankLines"":12,""language"":""SVG"",""commentLines"":9},{""codeLines"":1620,""blankLines"":207,""language"":""TOML"",""commentLines"":24},{""codeLines"":174,""blankLines"":60,""language"":""Python"",""commentLines"":21},{""codeLines"":2004,""blankLines"":322,""language"":""CSS"",""commentLines"":47},{""codeLines"":4711,""blankLines"":2158,""language"":""Text"",""commentLines"":0},{""codeLines"":1634,""blankLines"":6,""language"":""HTML"",""commentLines"":0},{""codeLines"":19,""blankLines"":5,""language"":""INI"",""commentLines"":0},{""codeLines"":88,""blankLines"":12,""language"":""XML"",""commentLines"":1},{""codeLines"":2509,""blankLines"":372,""language"":""Go"",""commentLines"":172},{""codeLines"":103490,""blankLines"":11370,""language"":""TypeScript"",""commentLines"":9894},{""codeLines"":674,""blankLines"":0,""language"":""CSV"",""commentLines"":0},{""codeLines"":25722,""blankLines"":85,""language"":""JSON"",""commentLines"":0},{""codeLines"":428,""blankLines"":97,""language"":""Dockerfile"",""commentLines"":89},{""codeLines"":3687,""blankLines"":251,""language"":""JSX"",""commentLines"":87}]",2025-10-18T08:27:04,681962c08920d1e0f6192e0edaf47655fe72f93b,False,False,False,False,"{""Rust"":2059892,""TypeScript"":1427095,""MDX"":586600,""JavaScript"":31622,""CSS"":26108,""Dockerfile"":19429,""Shell"":11926,""HTML"":1700,""PowerShell"":1614,""Just"":1075}",2 points;analytics;api;api library;autorelease: pending;autorelease: tagged;benchmark;bolt;bug;cdn;chat;chirp;cli;cloud;dependencies;developer dashboard;devops;documentation;duplicate;dynamic-servers;elastic-lobbies.;enhancement;game guard;good first issue;group;help wanted;high priority;hub;identity;infrastructure;invalid;investigate;javascript;job;kv;logging;low priority;maintenance;matchmaker;medium priority;merge-queue;monitoring;oss;performance;pkg/svc/kv;pkg/svc/mm;public;public-tmp;question;release-please:force-run;rust;tmp-public;upload;windows;wontfix;workflows,actor;actors;cloudflare;cloudflare-durable-objects;durable-objects;foundationdb;multiplayer;partykit;realtime;rust;serverless,v2.0.21,First Release,TypeScript
95503557,winfunc/deepreasoning,False,9,1,1,449,Rust,main,MIT License,,45,5334,2,723,2025-01-26T04:25:41,2025-10-07T05:28:22,2025-10-07T03:37:25,55,50,4,3,737.0,12987.0,781.0,"[{""codeLines"":206,""blankLines"":40,""language"":""CSS"",""commentLines"":14},{""codeLines"":14,""blankLines"":1,""language"":""YAML"",""commentLines"":0},{""codeLines"":241,""blankLines"":88,""language"":""Markdown"",""commentLines"":0},{""codeLines"":49,""blankLines"":14,""language"":""TOML"",""commentLines"":12},{""codeLines"":5,""blankLines"":0,""language"":""SVG"",""commentLines"":0},{""codeLines"":1462,""blankLines"":204,""language"":""Rust"",""commentLines"":678},{""codeLines"":18,""blankLines"":10,""language"":""Dockerfile"",""commentLines"":9},{""codeLines"":7423,""blankLines"":0,""language"":""JSON"",""commentLines"":0},{""codeLines"":3549,""blankLines"":376,""language"":""TypeScript"",""commentLines"":66},{""codeLines"":20,""blankLines"":4,""language"":""JavaScript"",""commentLines"":2}]",2025-10-07T05:27:47,eaf390c06c9c27ae8a7fe0ad4c047ba1ef2bb083,True,False,False,False,"{""Rust"":79337}",bug;documentation;duplicate;enhancement;good first issue;help wanted;invalid;question;wontfix,ai;anthropic;anthropic-claude;api;chain-of-thought;claude;deepseek;deepseek-r1;llm;rust,0.1.0,First Release,TypeScript
95504048,AkimioJR/AutoFilm,False,599,2,25,88,Rust,main,Other,,4,1049,10,9376,2023-09-16T07:32:08,2026-10-03T11:15:58,2026-10-03T11:09:22,114,4,41,0,1326.0,8214.0,1269.0,"[{""codeLines"":11,""blankLines"":0,""language"":""Text"",""commentLines"":0},{""codeLines"":1996,""blankLines"":520,""language"":""Python"",""commentLines"":949},{""codeLines"":60,""blankLines"":4,""language"":""TOML"",""commentLines"":9},{""codeLines"":5405,""blankLines"":640,""language"":""Rust"",""commentLines"":289},{""codeLines"":211,""blankLines"":64,""language"":""Markdown"",""commentLines"":0},{""codeLines"":26,""blankLines"":17,""language"":""Dockerfile"",""commentLines"":1},{""codeLines"":505,""blankLines"":81,""language"":""YAML"",""commentLines"":21}]",2026-10-03T10:54:19,a77d03a0375f24503fed097c3d0a725ff470e7e5,False,False,False,False,"{""Rust"":203684,""Python"":122738,""Dockerfile"":714}",bug;dependencies;documentation;duplicate;enhancement;good first issue;help wanted;invalid;python;question;rust;wontfix,,v0.1.0,First Release,Python
95514073,Kieirra/murmure,False,595,124,14,98,Rust,main,GNU Affero General Public License v3.0,https://www.murmure.app,9,1072,24,29702,2025-10-12T07:30:44,2026-09-16T10:26:39,2026-09-19T04:17:40,250,23,199,14,9608.0,125630.0,1487.0,"[{""codeLines"":18490,""blankLines"":1824,""language"":""TypeScript"",""commentLines"":138},{""codeLines"":65671,""blankLines"":1,""language"":""JSON"",""commentLines"":0},{""codeLines"":10332,""blankLines"":2370,""language"":""YAML"",""commentLines"":29},{""codeLines"":6635,""blankLines"":788,""language"":""Text"",""commentLines"":0},{""codeLines"":117,""blankLines"":21,""language"":""TOML"",""commentLines"":36},{""codeLines"":3406,""blankLines"":1683,""language"":""Markdown"",""commentLines"":2},{""codeLines"":1,""blankLines"":0,""language"":""Snakemake"",""commentLines"":23},{""codeLines"":22,""blankLines"":0,""language"":""XML"",""commentLines"":0},{""codeLines"":69,""blankLines"":4,""language"":""JavaScript"",""commentLines"":15},{""codeLines"":57,""blankLines"":15,""language"":""Bourne Shell"",""commentLines"":17},{""codeLines"":20430,""blankLines"":2840,""language"":""Rust"",""commentLines"":1184},{""codeLines"":32,""blankLines"":9,""language"":""Python"",""commentLines"":9},{""codeLines"":313,""blankLines"":52,""language"":""CSS"",""commentLines"":34},{""codeLines"":55,""blankLines"":1,""language"":""HTML"",""commentLines"":0}]",2026-09-16T10:26:39,cb7371a1f1c01c26fa89f7c8f09c3c0634878a3d,True,False,False,False,"{""Rust"":805142,""TypeScript"":797753,""CSS"":5398,""Shell"":3605,""JavaScript"":2761,""HTML"":1735,""Python"":1382}",1.10.0;1.11.0;1.9.0;benchmark;bug;documentation;duplicate;enhancement;good first issue;help wanted;invalid;macos;medical;performance;question;roadmap;suggestion;waiting-for-user;wayland;wontfix,asr;asr-model;debian-packages;linux;macos;privacy;speech-to-text;windows,1.0.0-alpha,First Release,TypeScript
95516386,ChesterRa/cccc,False,1474,12,81,113,Rust,main,Apache License 2.0,https://cccc.sh/,7,1265,13,52556,2025-08-15T06:39:43,2026-09-29T04:58:14,2026-10-04T12:17:10,38,11,88,6,30525.0,446179.0,6399.0,"[{""codeLines"":634,""blankLines"":75,""language"":""TOML"",""commentLines"":24},{""codeLines"":255,""blankLines"":0,""language"":""HTML"",""commentLines"":0},{""codeLines"":6861,""blankLines"":775,""language"":""Python"",""commentLines"":487},{""codeLines"":2220,""blankLines"":267,""language"":""CSS"",""commentLines"":136},{""codeLines"":151726,""blankLines"":9732,""language"":""TypeScript"",""commentLines"":1451},{""codeLines"":60,""blankLines"":18,""language"":""Dockerfile"",""commentLines"":16},{""codeLines"":286,""blankLines"":0,""language"":""CSV"",""commentLines"":0},{""codeLines"":24162,""blankLines"":1,""language"":""JSON"",""commentLines"":0},{""codeLines"":1551,""blankLines"":100,""language"":""PowerShell"",""commentLines"":21},{""codeLines"":26,""blankLines"":10,""language"":""Jinja Template"",""commentLines"":0},{""codeLines"":1876,""blankLines"":128,""language"":""YAML"",""commentLines"":15},{""codeLines"":3311,""blankLines"":90,""language"":""JavaScript"",""commentLines"":1418},{""codeLines"":21794,""blankLines"":6126,""language"":""Markdown"",""commentLines"":0},{""codeLines"":2739,""blankLines"":180,""language"":""Bourne Shell"",""commentLines"":42},{""codeLines"":210,""blankLines"":11,""language"":""SVG"",""commentLines"":1},{""codeLines"":228468,""blankLines"":13012,""language"":""Rust"",""commentLines"":2788}]",2026-09-29T04:57:24,c36a4e4c8d4be23e27c18c8b6e350bbe4e2655c5,True,False,False,False,"{""Rust"":8624893,""TypeScript"":5844960,""Python"":165755,""PowerShell"":75886,""Shell"":72494,""CSS"":57162,""JavaScript"":25684,""Dockerfile"":3474,""HTML"":1273,""Jinja"":1233}",bug;dependencies;documentation;duplicate;enhancement;github_actions;good first issue;help wanted;invalid;question;wontfix,ai-agents;chatgpt;claude-code;codex-cli;gemini-cli;group-chat;llm-orchestration;local-first;multi-agent;opencode;zero-infra,v0.2.5,First Release,Python
95517105,rivet-dev/rivet,False,6224,1042,112,266,Rust,main,Apache License 2.0,https://www.rivet.dev,18,6235,29,421401,2023-06-16T11:51:15,2026-10-04T01:43:38,2026-10-04T10:49:24,448,22,5342,287,124616.0,1192539.0,97099.0,"[{""codeLines"":40719,""blankLines"":7913,""language"":""YAML"",""commentLines"":278},{""codeLines"":44444,""blankLines"":17751,""language"":""Markdown"",""commentLines"":13},{""codeLines"":25,""blankLines"":1,""language"":""Diff"",""commentLines"":13},{""codeLines"":65,""blankLines"":1,""language"":""Visual Studio Solution"",""commentLines"":1},{""codeLines"":5830,""blankLines"":15,""language"":""SVG"",""commentLines"":15},{""codeLines"":98660,""blankLines"":18633,""language"":""C#"",""commentLines"":33442},{""codeLines"":3094,""blankLines"":371,""language"":""TOML"",""commentLines"":245},{""codeLines"":7375,""blankLines"":380,""language"":""Text"",""commentLines"":0},{""codeLines"":260,""blankLines"":86,""language"":""Python"",""commentLines"":31},{""codeLines"":2026,""blankLines"":0,""language"":""Unity-Prefab"",""commentLines"":0},{""codeLines"":19,""blankLines"":5,""language"":""INI"",""commentLines"":0},{""codeLines"":12,""blankLines"":0,""language"":""TNSDL"",""commentLines"":0},{""codeLines"":173,""blankLines"":15,""language"":""XML"",""commentLines"":1},{""codeLines"":2671,""blankLines"":392,""language"":""Go"",""commentLines"":221},{""codeLines"":288797,""blankLines"":29625,""language"":""TypeScript"",""commentLines"":17194},{""codeLines"":3447,""blankLines"":224,""language"":""JSX"",""commentLines"":431},{""codeLines"":30,""blankLines"":5,""language"":""Handlebars"",""commentLines"":0},{""codeLines"":37,""blankLines"":10,""language"":""PowerShell"",""commentLines"":4},{""codeLines"":316057,""blankLines"":10410,""language"":""JavaScript"",""commentLines"":30467},{""codeLines"":1816,""blankLines"":371,""language"":""Bourne Shell"",""commentLines"":262},{""codeLines"":278407,""blankLines"":35639,""language"":""Rust"",""commentLines"":13385},{""codeLines"":117,""blankLines"":3,""language"":""SQL"",""commentLines"":1},{""codeLines"":4998,""blankLines"":713,""language"":""Swift"",""commentLines"":225},{""codeLines"":3951,""blankLines"":498,""language"":""CSS"",""commentLines"":186},{""codeLines"":12289,""blankLines"":897,""language"":""HTML"",""commentLines"":66},{""codeLines"":46,""blankLines"":11,""language"":""Bourne Again Shell"",""commentLines"":0},{""codeLines"":674,""blankLines"":0,""language"":""CSV"",""commentLines"":0},{""codeLines"":72552,""blankLines"":70,""language"":""JSON"",""commentLines"":0},{""codeLines"":2784,""blankLines"":314,""language"":""Astro"",""commentLines"":275},{""codeLines"":1164,""blankLines"":263,""language"":""Dockerfile"",""commentLines"":343}]",2026-10-03T11:33:06,a247981dbc10317e5c325b3d00974d18cbec18f9,False,False,False,False,"{""Rust"":12126206,""C#"":4592955,""TypeScript"":4246075,""MDX"":1194310,""Swift"":207490,""JavaScript"":143138,""Astro"":122580,""Shell"":90577,""Dockerfile"":65850,""Python"":49333,""CSS"":23865,""HTML"":9995,""Mermaid"":8414,""PowerShell"":1621,""Just"":993,""Handlebars"":973,""Smalltalk"":20}",2 points;analytics;api;api library;autorelease: pending;autorelease: tagged;benchmark;bolt;bug;cdn;chat;chirp;cli;cloud;codex;dependencies;developer dashboard;devops;documentation;duplicate;dynamic-servers;elastic-lobbies.;enhancement;game guard;good first issue;group;help wanted;high priority;hub;identity;infrastructure;invalid;investigate;javascript;job;kv;logging;low priority;maintenance;matchmaker;medium priority;merge-queue;monitoring;oss;performance;pkg/svc/kv;pkg/svc/mm;public;public-tmp;question;release-please:force-run;rust;tmp-public;upload;windows;wontfix;workflows,actor;actors;cloudflare;cloudflare-durable-objects;durable-objects;foundationdb;multiplayer;realtime;rust;serverless,v2.0.21,First Release,TypeScript
95520335,RohanAdwankar/oxdraw,False,211,10,1,87,Rust,master,MIT License,https://rohanadwankar.github.io/oxdraw/,10,2352,5,29251,2025-10-07T07:59:40,2026-09-26T06:17:46,2026-10-01T08:33:15,37,24,40,3,2147.0,22650.0,470.0,"[{""codeLines"":1614,""blankLines"":0,""language"":""SVG"",""commentLines"":0},{""codeLines"":11847,""blankLines"":1430,""language"":""Rust"",""commentLines"":145},{""codeLines"":126,""blankLines"":34,""language"":""YAML"",""commentLines"":0},{""codeLines"":363,""blankLines"":91,""language"":""Markdown"",""commentLines"":187},{""codeLines"":3193,""blankLines"":0,""language"":""JSON"",""commentLines"":0},{""codeLines"":3978,""blankLines"":380,""language"":""TypeScript"",""commentLines"":34},{""codeLines"":663,""blankLines"":67,""language"":""JavaScript"",""commentLines"":97},{""codeLines"":72,""blankLines"":12,""language"":""TOML"",""commentLines"":0},{""codeLines"":794,""blankLines"":133,""language"":""CSS"",""commentLines"":7}]",2026-09-26T06:16:10,8bdb9540505f8e666cb462763df9cca8efabf2bf,True,False,False,False,"{""Rust"":444458,""TypeScript"":131722,""JavaScript"":26876,""CSS"":17554,""Mermaid"":2657}",bug;dependencies;documentation;duplicate;enhancement;good first issue;help wanted;invalid;javascript;p0;p1;p2;question;rust;wontfix,,v0.2.0,First Release,Mermaid
95523302,perspective-dev/perspective,False,6770,25,67,1344,Rust,master,Apache License 2.0,https://perspective-dev.github.io/,129,11268,89,335128,2017-11-02T04:27:54,2026-10-03T12:34:49,2026-10-04T10:59:37,935,37,1979,0,44122.0,270791.0,46806.0,"[{""codeLines"":104,""blankLines"":0,""language"":""CSV"",""commentLines"":0},{""codeLines"":43152,""blankLines"":5344,""language"":""JavaScript"",""commentLines"":3410},{""codeLines"":36152,""blankLines"":5748,""language"":""C++"",""commentLines"":3075},{""codeLines"":633,""blankLines"":126,""language"":""TOML"",""commentLines"":257},{""codeLines"":1064,""blankLines"":187,""language"":""CMake"",""commentLines"":192},{""codeLines"":480,""blankLines"":171,""language"":""GLSL"",""commentLines"":510},{""codeLines"":2120,""blankLines"":2,""language"":""JSON"",""commentLines"":0},{""codeLines"":64334,""blankLines"":9787,""language"":""TypeScript"",""commentLines"":16568},{""codeLines"":7227,""blankLines"":1213,""language"":""Less"",""commentLines"":983},{""codeLines"":31,""blankLines"":0,""language"":""Text"",""commentLines"":0},{""codeLines"":21412,""blankLines"":4020,""language"":""Python"",""commentLines"":2702},{""codeLines"":10569,""blankLines"":1534,""language"":""CSS"",""commentLines"":1453},{""codeLines"":63,""blankLines"":8,""language"":""Diff"",""commentLines"":41},{""codeLines"":1311,""blankLines"":135,""language"":""HTML"",""commentLines"":16},{""codeLines"":9750,""blankLines"":2197,""language"":""YAML"",""commentLines"":272},{""codeLines"":11646,""blankLines"":2718,""language"":""C/C++ Header"",""commentLines"":3774},{""codeLines"":468,""blankLines"":96,""language"":""Protocol Buffers"",""commentLines"":81},{""codeLines"":50137,""blankLines"":7646,""language"":""Rust"",""commentLines"":13236},{""codeLines"":8361,""blankLines"":3183,""language"":""Markdown"",""commentLines"":143},{""codeLines"":13,""blankLines"":7,""language"":""Bourne Shell"",""commentLines"":3},{""codeLines"":1764,""blankLines"":0,""language"":""SVG"",""commentLines"":90}]",2026-10-03T12:34:46,6dbc6b8eee893fcb56a207f9910e3a8c532117a5,False,False,False,False,"{""Rust"":3098022,""C++"":2308571,""TypeScript"":2003494,""CSS"":497431,""Less"":367420,""Python"":178457,""JavaScript"":142785,""GLSL"":85624,""CMake"":21535,""C"":18084,""HTML"":7277,""Shell"":28}",breaking;bug;c++;chrome;dependencies;deprecation;documentation;duplicate;enhancement;firefox;good first issue;internal;js;jupyter;needs-repro;plugins;python;question;rust;safari;spam;styling,analytics;apache-arrow;bi;business-intelligence;charts;dashboard;data-visualization;datagrid;duckdb;javascript;jupyter;pivot-table;python;react;real-time;rust;streaming;wasm;web-components;webassembly,v2.3.2,First Release,JavaScript
95523989,inference-labs-inc/dsperse,False,266,28,25,12,Rust,main,Other,https://pypi.org/project/dsperse/,3,1226,5,155714,2025-03-03T07:44:18,2026-07-14T03:01:25,2026-07-24T01:05:00,12,0,205,1,2635.0,27149.0,1448.0,"[{""codeLines"":345,""blankLines"":0,""language"":""JSON"",""commentLines"":0},{""codeLines"":894,""blankLines"":0,""language"":""Text"",""commentLines"":0},{""codeLines"":267,""blankLines"":141,""language"":""Protocol Buffers"",""commentLines"":570},{""codeLines"":113,""blankLines"":15,""language"":""TOML"",""commentLines"":0},{""codeLines"":33,""blankLines"":6,""language"":""Python"",""commentLines"":0},{""codeLines"":233,""blankLines"":44,""language"":""YAML"",""commentLines"":0},{""codeLines"":209,""blankLines"":75,""language"":""Markdown"",""commentLines"":0},{""codeLines"":24675,""blankLines"":2307,""language"":""Rust"",""commentLines"":842},{""codeLines"":380,""blankLines"":47,""language"":""Bourne Shell"",""commentLines"":36}]",2026-07-14T03:01:21,8cec531e51bc6615757de47f96bea14271384ab7,False,False,False,False,"{""Rust"":960231,""Shell"":14817,""Python"":806}",benchmark;dependencies;rust;test-build,zkml,v2.0,First Release,Python
95536815,inference-labs-inc/subnet-2,False,1071,14,414,131,Rust,main,MIT License,https://subnet2.inferencelabs.com,60,2464,9,54506,2024-04-10T09:42:36,2026-09-30T03:35:29,2026-10-03T04:21:20,14,1,620,11,2493.0,21985.0,2398.0,"[{""codeLines"":240,""blankLines"":51,""language"":""Python"",""commentLines"":9},{""codeLines"":7,""blankLines"":1,""language"":""Bourne Again Shell"",""commentLines"":0},{""codeLines"":1170,""blankLines"":0,""language"":""Jupyter Notebook"",""commentLines"":1705},{""codeLines"":16,""blankLines"":0,""language"":""JSON"",""commentLines"":0},{""codeLines"":80,""blankLines"":16,""language"":""Dockerfile"",""commentLines"":4},{""codeLines"":28,""blankLines"":0,""language"":""JavaScript"",""commentLines"":6},{""codeLines"":458,""blankLines"":37,""language"":""TOML"",""commentLines"":18},{""codeLines"":136,""blankLines"":21,""language"":""make"",""commentLines"":0},{""codeLines"":20,""blankLines"":6,""language"":""Text"",""commentLines"":0},{""codeLines"":17852,""blankLines"":1795,""language"":""Rust"",""commentLines"":652},{""codeLines"":148,""blankLines"":26,""language"":""Bourne Shell"",""commentLines"":0},{""codeLines"":6,""blankLines"":2,""language"":""Protocol Buffers"",""commentLines"":0},{""codeLines"":855,""blankLines"":130,""language"":""YAML"",""commentLines"":1},{""codeLines"":969,""blankLines"":408,""language"":""Markdown"",""commentLines"":3}]",2026-09-08T07:26:36,96d03c44729a350df79160e2ea8e3e175d492ce5,False,False,False,False,"{""Rust"":711799,""Jupyter Notebook"":439875,""Python"":10726,""Shell"":5506,""Makefile"":3965,""Dockerfile"":3003,""JavaScript"":1510}",dependencies;docker;github_actions;on hold;run-build;rust;test-nightly;wip,bittensor;zk;zkml,0.0.2,First Release,Jupyter Notebook
95542918,rustmailer/bichon,False,537,6,47,84,Rust,main,GNU Affero General Public License v3.0,,7,1976,18,6428,2025-11-18T06:02:57,2026-10-03T12:54:41,2026-10-03T12:54:45,301,38,50,2,13200.0,166141.0,15254.0,"[{""codeLines"":65,""blankLines"":5,""language"":""Handlebars"",""commentLines"":0},{""codeLines"":9465,""blankLines"":2041,""language"":""YAML"",""commentLines"":1},{""codeLines"":38,""blankLines"":10,""language"":""SQL"",""commentLines"":22},{""codeLines"":18,""blankLines"":7,""language"":""Bourne Shell"",""commentLines"":7},{""codeLines"":135,""blankLines"":2,""language"":""JavaScript"",""commentLines"":1},{""codeLines"":821,""blankLines"":252,""language"":""Markdown"",""commentLines"":0},{""codeLines"":389,""blankLines"":29,""language"":""TOML"",""commentLines"":27},{""codeLines"":52264,""blankLines"":6422,""language"":""Rust"",""commentLines"":9168},{""codeLines"":1,""blankLines"":0,""language"":""SVG"",""commentLines"":0},{""codeLines"":51044,""blankLines"":4374,""language"":""TypeScript"",""commentLines"":6014},{""codeLines"":51382,""blankLines"":2,""language"":""JSON"",""commentLines"":0},{""codeLines"":21,""blankLines"":12,""language"":""Dockerfile"",""commentLines"":10},{""codeLines"":482,""blankLines"":40,""language"":""CSS"",""commentLines"":4},{""codeLines"":16,""blankLines"":4,""language"":""HTML"",""commentLines"":0}]",2026-10-03T12:54:41,d1f49ab339437b5d8616025b3fb39e18ccba20e1,True,False,False,False,"{""Rust"":2428942,""TypeScript"":2248548,""CSS"":15079,""JavaScript"":3548,""Handlebars"":1850,""Shell"":1297,""Dockerfile"":1261,""HTML"":558}",bug;documentation;duplicate;enhancement;good first issue;help wanted;invalid;preview-testing;question;suggestion;wontfix,backup;compression;email;email-archiver;email-archiving;imap;mail;oauth2;openapi;rust;search;self-hosted;selfhosted;tantivy;webui,0.0.1,First Release,TypeScript
95543296,lance-format/lance,False,5430,399,642,876,Rust,main,Apache License 2.0,https://lance.org,52,7134,278,99790,2022-07-07T10:29:29,2026-10-04T01:24:18,2026-10-04T12:07:14,2911,826,6508,431,111105.0,893574.0,122450.0,"[{""codeLines"":14759,""blankLines"":4887,""language"":""Markdown"",""commentLines"":27},{""codeLines"":1351,""blankLines"":443,""language"":""Protocol Buffers"",""commentLines"":2345},{""codeLines"":144,""blankLines"":10,""language"":""XML"",""commentLines"":27},{""codeLines"":3,""blankLines"":0,""language"":""Properties"",""commentLines"":16},{""codeLines"":129,""blankLines"":32,""language"":""make"",""commentLines"":7},{""codeLines"":230,""blankLines"":20,""language"":""JavaScript"",""commentLines"":13},{""codeLines"":93,""blankLines"":0,""language"":""CSV"",""commentLines"":0},{""codeLines"":65,""blankLines"":5,""language"":""Handlebars"",""commentLines"":0},{""codeLines"":368,""blankLines"":27,""language"":""C++"",""commentLines"":8},{""codeLines"":734179,""blankLines"":77800,""language"":""Rust"",""commentLines"":88423},{""codeLines"":527,""blankLines"":13,""language"":""Maven"",""commentLines"":5},{""codeLines"":3911,""blankLines"":297,""language"":""YAML"",""commentLines"":383},{""codeLines"":158,""blankLines"":23,""language"":""SVG"",""commentLines"":23},{""codeLines"":2087,""blankLines"":406,""language"":""Bourne Shell"",""commentLines"":461},{""codeLines"":480,""blankLines"":101,""language"":""C"",""commentLines"":425},{""codeLines"":54883,""blankLines"":13528,""language"":""Python"",""commentLines"":14735},{""codeLines"":821,""blankLines"":54,""language"":""CSS"",""commentLines"":59},{""codeLines"":92,""blankLines"":1,""language"":""Text"",""commentLines"":0},{""codeLines"":42112,""blankLines"":7391,""language"":""HTML"",""commentLines"":1},{""codeLines"":34371,""blankLines"":5761,""language"":""Java"",""commentLines"":10328},{""codeLines"":2437,""blankLines"":304,""language"":""TOML"",""commentLines"":310},{""codeLines"":29,""blankLines"":0,""language"":""JSON"",""commentLines"":0},{""codeLines"":6,""blankLines"":2,""language"":""Dockerfile"",""commentLines"":0},{""codeLines"":339,""blankLines"":0,""language"":""Jupyter Notebook"",""commentLines"":4854}]",2026-10-04T01:23:47,ad12ed9e15e0046688b00568d0ac1a347fb2d328,True,False,False,False,"{""Rust"":33340294,""Python"":2861217,""HTML"":2786444,""Java"":1858751,""Jupyter Notebook"":477500,""Shell"":81262,""C"":45018,""C++"":15395,""Makefile"":4318,""Handlebars"":1855,""Dockerfile"":239}",A-format;A-java;A-namespace;K-approved;K-changes;K-decision;K-risk;a-ci;a-deps;a-docs;a-encoding;a-index;a-python;arrow;benchmark;breaking-change;bug;c++;chore;ci;codex;critical-fix;dependencies;documentation;donotmerge;donotreview;duckdb;duplicate;enhancement;epic;experimental;feature;flaky-test;format-change;format-waived;github;good first issue;help wanted;invalid;java;macos;need triaging;needs-info;performance;priority: high;python:uv;pytorch;question;ray;ready-for-agent;ready-for-implementation;rust;stale;table format;tensorflow;ubuntu;wasm;windows;wip;wontfix;x86,apache-arrow;computer-vision;data-analysis;data-analytics;data-centric;data-format;data-science;dataops;deep-learning;duckdb;embeddings;llms;machine-learning;mlops;python;rust,v0.0.4,First Release,C++
95543306,tach-org/tach,False,2474,14,142,93,Rust,main,MIT License,https://docs.gauge.sh/,12,2832,29,24637,2024-01-31T08:12:23,2026-10-01T01:17:28,2026-10-03T03:37:52,183,40,760,6,3727.0,41630.0,902.0,"[{""codeLines"":2,""blankLines"":0,""language"":""DOS Batch"",""commentLines"":0},{""codeLines"":11172,""blankLines"":1326,""language"":""Rust"",""commentLines"":275},{""codeLines"":579,""blankLines"":98,""language"":""TypeScript"",""commentLines"":27},{""codeLines"":52,""blankLines"":5,""language"":""JavaScript"",""commentLines"":7},{""codeLines"":432,""blankLines"":43,""language"":""YAML"",""commentLines"":23},{""codeLines"":1471,""blankLines"":642,""language"":""Markdown"",""commentLines"":0},{""codeLines"":20497,""blankLines"":0,""language"":""JSON"",""commentLines"":0},{""codeLines"":6497,""blankLines"":1444,""language"":""Python"",""commentLines"":560},{""codeLines"":50,""blankLines"":31,""language"":""make"",""commentLines"":1},{""codeLines"":1,""blankLines"":0,""language"":""Text"",""commentLines"":0},{""codeLines"":876,""blankLines"":138,""language"":""TOML"",""commentLines"":9},{""codeLines"":1,""blankLines"":0,""language"":""PowerShell"",""commentLines"":0}]",2026-10-01T01:16:02,08411d489946d8fa10c3bc5957864ea63fa1c3c8,True,False,False,False,"{""Rust"":432255,""Python"":268089,""TypeScript"":24136,""JavaScript"":2100,""Makefile"":1749,""PowerShell"":75,""Batchfile"":30}",awaiting response;bug;config;dependencies;documentation;enhancement;good first issue;help wanted;needs investigation;project;python;python:uv;rust;tach show;tach test;upstream issue;vscode,ci;cli;code-quality;config;dependency-management;developer-tools;devops;framework;library;monorepo;open-source;package;productivity;programming;python;rust;static-code-analysis;terminal,0.3.1,First Release,Python
95551064,lbjlaq/Antigravity-Manager,False,988,4,175,3394,Rust,main,Other,https://lbjlaq.github.io/Antigravity-Manager/,111,31569,72,85630,2025-11-26T10:47:13,2026-09-20T04:47:47,2026-09-20T07:50:46,2324,1785,398,44,14230.0,158298.0,9601.0,"[{""codeLines"":416,""blankLines"":108,""language"":""Bourne Shell"",""commentLines"":50},{""codeLines"":86176,""blankLines"":10280,""language"":""Rust"",""commentLines"":8351},{""codeLines"":8,""blankLines"":0,""language"":""SVG"",""commentLines"":0},{""codeLines"":77,""blankLines"":9,""language"":""TOML"",""commentLines"":6},{""codeLines"":129,""blankLines"":45,""language"":""Python"",""commentLines"":83},{""codeLines"":167,""blankLines"":36,""language"":""CSS"",""commentLines"":12},{""codeLines"":832,""blankLines"":88,""language"":""HTML"",""commentLines"":21},{""codeLines"":27,""blankLines"":0,""language"":""XML"",""commentLines"":0},{""codeLines"":32,""blankLines"":8,""language"":""Bourne Again Shell"",""commentLines"":4},{""codeLines"":26002,""blankLines"":2303,""language"":""TypeScript"",""commentLines"":869},{""codeLines"":1,""blankLines"":0,""language"":""DOS Batch"",""commentLines"":0},{""codeLines"":33350,""blankLines"":2,""language"":""JSON"",""commentLines"":0},{""codeLines"":251,""blankLines"":51,""language"":""Dockerfile"",""commentLines"":51},{""codeLines"":31,""blankLines"":9,""language"":""Ruby"",""commentLines"":0},{""codeLines"":207,""blankLines"":48,""language"":""PowerShell"",""commentLines"":24},{""codeLines"":1044,""blankLines"":151,""language"":""YAML"",""commentLines"":72},{""codeLines"":3,""blankLines"":0,""language"":""Text"",""commentLines"":0},{""codeLines"":9092,""blankLines"":1038,""language"":""Markdown"",""commentLines"":11},{""codeLines"":453,""blankLines"":54,""language"":""JavaScript"",""commentLines"":47}]",2026-09-20T04:47:16,d85303b0fe6d259cabc98326063136cd483821f6,False,False,False,False,"{""Rust"":3996769,""TypeScript"":1471860,""HTML"":47951,""NSIS"":33590,""Shell"":19432,""Python"":11648,""PowerShell"":8453,""CSS"":4767,""Dockerfile"":4517,""JavaScript"":1942,""Ruby"":1307,""Batchfile"":46}",bug;documentation;duplicate;enhancement;good first issue;help wanted;invalid;question;wontfix,account-manager;antigravity,V1.0,First Release,Python
95557627,ruvnet/ruvector,False,3334,418,46,608,Rust,main,MIT License,https://Cognitum.One/RuVector,36,4535,22,943296,2025-11-19T06:10:23,2026-10-03T07:43:57,2026-10-04T07:43:02,350,138,765,165,552625.0,3817523.0,428247.0,"[{""codeLines"":416,""blankLines"":59,""language"":""C/C++ Header"",""commentLines"":137},{""codeLines"":212,""blankLines"":25,""language"":""TeX"",""commentLines"":9},{""codeLines"":1091,""blankLines"":272,""language"":""HCL"",""commentLines"":126},{""codeLines"":21976,""blankLines"":4730,""language"":""Bourne Shell"",""commentLines"":3751},{""codeLines"":8319,""blankLines"":0,""language"":""CSV"",""commentLines"":0},{""codeLines"":811,""blankLines"":202,""language"":""PowerShell"",""commentLines"":119},{""codeLines"":3781,""blankLines"":910,""language"":""Metal"",""commentLines"":803},{""codeLines"":28,""blankLines"":13,""language"":""Bourne Again Shell"",""commentLines"":11},{""codeLines"":214208,""blankLines"":32764,""language"":""TypeScript"",""commentLines"":53822},{""codeLines"":2600,""blankLines"":490,""language"":""CSS"",""commentLines"":160},{""codeLines"":1833,""blankLines"":382,""language"":""Text"",""commentLines"":0},{""codeLines"":22648,""blankLines"":2830,""language"":""HTML"",""commentLines"":160},{""codeLines"":415,""blankLines"":71,""language"":""Verilog-SystemVerilog"",""commentLines"":69},{""codeLines"":36620,""blankLines"":3523,""language"":""TOML"",""commentLines"":2600},{""codeLines"":172,""blankLines"":13,""language"":""SVG"",""commentLines"":15},{""codeLines"":53,""blankLines"":10,""language"":""DOS Batch"",""commentLines"":4},{""codeLines"":1490,""blankLines"":347,""language"":""Swift"",""commentLines"":420},{""codeLines"":70,""blankLines"":20,""language"":""Linker Script"",""commentLines"":19},{""codeLines"":1101,""blankLines"":111,""language"":""JSX"",""commentLines"":39},{""codeLines"":6332,""blankLines"":1475,""language"":""SQL"",""commentLines"":1968},{""codeLines"":1410514,""blankLines"":246929,""language"":""Rust"",""commentLines"":306549},{""codeLines"":5,""blankLines"":5,""language"":""Snakemake"",""commentLines"":33},{""codeLines"":447,""blankLines"":108,""language"":""make"",""commentLines"":79},{""codeLines"":260495,""blankLines"":37815,""language"":""JavaScript"",""commentLines"":52660},{""codeLines"":51,""blankLines"":13,""language"":""Protocol Buffers"",""commentLines"":43},{""codeLines"":180,""blankLines"":40,""language"":""Assembly"",""commentLines"":68},{""codeLines"":17695,""blankLines"":2278,""language"":""YAML"",""commentLines"":1365},{""codeLines"":789294,""blankLines"":212959,""language"":""Markdown"",""commentLines"":42},{""codeLines"":33,""blankLines"":12,""language"":""NAnt script"",""commentLines"":0},{""codeLines"":617,""blankLines"":184,""language"":""C++"",""commentLines"":286},{""codeLines"":71,""blankLines"":0,""language"":""CMake"",""commentLines"":10},{""codeLines"":1702,""blankLines"":525,""language"":""Dockerfile"",""commentLines"":489},{""codeLines"":51,""blankLines"":13,""language"":""GLSL"",""commentLines"":38},{""codeLines"":55,""blankLines"":0,""language"":""XML"",""commentLines"":3},{""codeLines"":987593,""blankLines"":65,""language"":""JSON"",""commentLines"":0},{""codeLines"":9909,""blankLines"":1638,""language"":""Python"",""commentLines"":1265},{""codeLines"":1359,""blankLines"":106,""language"":""C"",""commentLines"":169},{""codeLines"":1833,""blankLines"":479,""language"":""WGSL"",""commentLines"":698},{""codeLines"":11443,""blankLines"":1209,""language"":""Svelte"",""commentLines"":218}]",2026-09-30T10:46:55,5a93328f2fceb0307c25929ed38cd7a0911fdf00,True,False,False,False,"{""Rust"":48037587,""TypeScript"":6948285,""JavaScript"":3920657,""Shell"":853191,""Python"":399308,""Svelte"":380424,""HTML"":267148,""PLpgSQL"":212007,""Metal"":201881,""WGSL"":77344,""Dockerfile"":38703,""HCL"":36946,""CSS"":34700,""C"":25318,""Verilog"":17963,""C++"":17337,""Makefile"":8404,""PowerShell"":8327,""Assembly"":5890,""Linker Script"":2223,""Go Template"":534}",adr;architecture;bug;cross-repo;dependencies;documentation;duplicate;enhancement;epic;fast-follow;gnn;good first issue;help wanted;invalid;javascript;performance;phase-0;phase-1;phase-2;phase-3;phase-w2-1;phase-w2-2;phase-w2-3;phase-w2-4;phase-w3-1;phase-w3-2;phase-w3-3;phase-w3-4;phase-w4-1;phase-w4-2;phase-w4-3;phase-w4-4;phase-w5-1;phase-w5-2;phase-w5-3;phase-w5-4;pir;question;release;ruvix;security;stretch;wave-2;wave-3;wave-4;wave-5;wontfix,ai;ai-ocr;attention-mechanism;gnn;gnn-model;gnns;graph;graph-neural-networks;llm-inference;low-latency;mincut;neo4j;ocr;onnx;rust;vector;wasm,v0.1.2,First Release,TypeScript
95562245,fawney19/Aether,False,3056,6,103,222,Rust,main,Other,https://fawney19.github.io/Aether/,6,1486,37,52435,2025-09-12T10:26:16,2026-09-30T10:40:20,2026-10-03T01:52:37,197,42,679,36,105288.0,1359342.0,30128.0,"[{""codeLines"":10397,""blankLines"":2,""language"":""JSON"",""commentLines"":0},{""codeLines"":328,""blankLines"":8,""language"":""HTML"",""commentLines"":2},{""codeLines"":39,""blankLines"":12,""language"":""INI"",""commentLines"":0},{""codeLines"":331,""blankLines"":61,""language"":""Dockerfile"",""commentLines"":31},{""codeLines"":90274,""blankLines"":9742,""language"":""TypeScript"",""commentLines"":4297},{""codeLines"":218,""blankLines"":22,""language"":""SVG"",""commentLines"":23},{""codeLines"":1068115,""blankLines"":72553,""language"":""Rust"",""commentLines"":17660},{""codeLines"":18904,""blankLines"":5153,""language"":""SQL"",""commentLines"":3538},{""codeLines"":572,""blankLines"":66,""language"":""Python"",""commentLines"":7},{""codeLines"":2807,""blankLines"":199,""language"":""CSS"",""commentLines"":50},{""codeLines"":120,""blankLines"":5,""language"":""Lua"",""commentLines"":12},{""codeLines"":5316,""blankLines"":700,""language"":""Bourne Shell"",""commentLines"":148},{""codeLines"":2060,""blankLines"":288,""language"":""YAML"",""commentLines"":42},{""codeLines"":13070,""blankLines"":3221,""language"":""Markdown"",""commentLines"":35},{""codeLines"":473,""blankLines"":109,""language"":""make"",""commentLines"":0},{""codeLines"":19425,""blankLines"":1241,""language"":""JavaScript"",""commentLines"":816},{""codeLines"":7973,""blankLines"":1851,""language"":""TOML"",""commentLines"":5},{""codeLines"":31,""blankLines"":1,""language"":""Text"",""commentLines"":0},{""codeLines"":19,""blankLines"":7,""language"":""Mako"",""commentLines"":0},{""codeLines"":118365,""blankLines"":9994,""language"":""Vuejs Component"",""commentLines"":3462},{""codeLines"":505,""blankLines"":53,""language"":""PowerShell"",""commentLines"":0}]",2026-09-30T01:00:53,54fbcc25a171b26966131398ec7c8e462a274348,False,False,False,False,"{""Rust"":42792061,""Vue"":4617588,""TypeScript"":3855659,""JavaScript"":936384,""PLpgSQL"":381139,""Shell"":211052,""CSS"":101671,""PowerShell"":22272,""HTML"":22261,""Makefile"":14860,""Lua"":5921,""Python"":4548,""Dockerfile"":1779,""Mako"":598}",bug;documentation;duplicate;enhancement;good first issue;help wanted;invalid;question;wontfix,,v0.5.0,First Release,Python
95562450,cheatsheet1999/CloudCollection,False,1330,1,0,329,Rust,main,,,100,2778,5,24408,2021-06-16T04:02:44,2026-06-04T11:38:08,2026-06-04T11:38:11,44,41,68,0,4153.0,14732.0,174.0,"[{""codeLines"":133,""blankLines"":55,""language"":""Go"",""commentLines"":46},{""codeLines"":189,""blankLines"":54,""language"":""Rust"",""commentLines"":120},{""codeLines"":14379,""blankLines"":4032,""language"":""Markdown"",""commentLines"":0},{""codeLines"":26,""blankLines"":11,""language"":""C++"",""commentLines"":8},{""codeLines"":5,""blankLines"":1,""language"":""TOML"",""commentLines"":0}]",2026-06-04T11:38:06,c939d9583bf3a916db11257b8fc23b1a1e7edbea,True,False,False,False,"{""Rust"":12982,""Go"":5196,""C++"":778}",bug;documentation;duplicate;enhancement;good first issue;help wanted;invalid;question;wontfix,backend;cloudinfrastructure;data-structures;distributed-systems;frontend;infrastructure;interview,b42d3e1e7b67d7bc35ee724f76b5bd6b8f22287d,10% Commit (133/1330),CSS
95564308,hj01857655/kiro-account-manager,False,1387,3,36,349,Rust,public,Other,https://kiro-website-six.vercel.app,14,2000,4,58783,2025-12-09T11:25:25,2026-09-28T09:21:18,2026-10-03T06:35:11,110,11,33,3,9544.0,99823.0,5702.0,"[{""codeLines"":129,""blankLines"":7,""language"":""JavaScript"",""commentLines"":11},{""codeLines"":350,""blankLines"":45,""language"":""WiX source"",""commentLines"":70},{""codeLines"":503,""blankLines"":61,""language"":""YAML"",""commentLines"":34},{""codeLines"":906,""blankLines"":322,""language"":""Markdown"",""commentLines"":0},{""codeLines"":87,""blankLines"":10,""language"":""TOML"",""commentLines"":10},{""codeLines"":162,""blankLines"":33,""language"":""PowerShell"",""commentLines"":1},{""codeLines"":17445,""blankLines"":1330,""language"":""JSX"",""commentLines"":491},{""codeLines"":107,""blankLines"":48,""language"":""Text"",""commentLines"":0},{""codeLines"":28188,""blankLines"":2622,""language"":""TypeScript"",""commentLines"":1172},{""codeLines"":12797,""blankLines"":106,""language"":""JSON"",""commentLines"":0},{""codeLines"":38731,""blankLines"":4915,""language"":""Rust"",""commentLines"":3870},{""codeLines"":285,""blankLines"":32,""language"":""CSS"",""commentLines"":43},{""codeLines"":133,""blankLines"":13,""language"":""HTML"",""commentLines"":0}]",2026-09-28T09:21:08,844aac76a2763d8da2168dbb51932c6087bdf5bf,True,False,False,False,"{""Rust"":1703520,""TypeScript"":1274886,""Rich Text Format"":18240,""CSS"":15059,""PowerShell"":5982,""JavaScript"":5018,""HTML"":3759}",bug;documentation;duplicate;enhancement;good first issue;help wanted;invalid;question;wontfix,,v1.5.2,First Release,JavaScript
95565961,mikeyobrien/ralph-orchestrator,False,538,45,44,299,Rust,main,MIT License,,28,3162,35,14258,2025-09-07T06:17:13,2026-10-04T02:32:18,2026-10-04T12:21:32,125,2,240,7,47421.0,230498.0,26006.0,"[{""codeLines"":16,""blankLines"":8,""language"":""Bourne Again Shell"",""commentLines"":12},{""codeLines"":157,""blankLines"":0,""language"":""Text"",""commentLines"":0},{""codeLines"":411,""blankLines"":86,""language"":""TOML"",""commentLines"":61},{""codeLines"":2023,""blankLines"":760,""language"":""Python"",""commentLines"":1026},{""codeLines"":143,""blankLines"":36,""language"":""CSS"",""commentLines"":15},{""codeLines"":102,""blankLines"":18,""language"":""Cucumber"",""commentLines"":12},{""codeLines"":19,""blankLines"":0,""language"":""HTML"",""commentLines"":0},{""codeLines"":301,""blankLines"":18,""language"":""JavaScript"",""commentLines"":9},{""codeLines"":93,""blankLines"":20,""language"":""Nix"",""commentLines"":15},{""codeLines"":120175,""blankLines"":19915,""language"":""Rust"",""commentLines"":18423},{""codeLines"":1820,""blankLines"":354,""language"":""Bourne Shell"",""commentLines"":182},{""codeLines"":6,""blankLines"":0,""language"":""SVG"",""commentLines"":0},{""codeLines"":6338,""blankLines"":1360,""language"":""YAML"",""commentLines"":1244},{""codeLines"":68250,""blankLines"":21408,""language"":""Markdown"",""commentLines"":25},{""codeLines"":19927,""blankLines"":3403,""language"":""TypeScript"",""commentLines"":4961},{""codeLines"":10674,""blankLines"":16,""language"":""JSON"",""commentLines"":0},{""codeLines"":43,""blankLines"":19,""language"":""Dockerfile"",""commentLines"":21}]",2026-08-25T04:37:23,edc2b3268c9bd0c08a12c8193a7ace7ab2789261,True,False,False,False,"{""Rust"":5465272,""TypeScript"":884050,""Python"":124499,""Shell"":72268,""JavaScript"":15399,""Gherkin"":4616,""Just"":4269,""CSS"":4195,""Nix"":3265,""Dockerfile"":2037,""HTML"":660}",bug;codex;documentation;duplicate;enhancement;good first issue;help wanted;invalid;question;wontfix,ai;ai-agents;ai-agents-framework;ai-developer-tools;claude-code;claude-code-cli;codex-cli;development-tools;development-workflow;gemini-cli;kiro;kiro-cli;opencode;ralph-loop;ralph-wiggum,v1.2.0,First Release,Python
95574023,memvid/memvid,False,261,2,12,1389,Rust,main,Apache License 2.0,https://www.memvid.com,121,16042,23,30510,2025-05-27T04:01:08,2026-07-14T02:39:07,2026-07-24T05:45:17,99,13,85,15,11002.0,388680.0,8614.0,"[{""codeLines"":131,""blankLines"":14,""language"":""TOML"",""commentLines"":22},{""codeLines"":178,""blankLines"":31,""language"":""PowerShell"",""commentLines"":20},{""codeLines"":179,""blankLines"":54,""language"":""make"",""commentLines"":3},{""codeLines"":4447,""blankLines"":1815,""language"":""Markdown"",""commentLines"":102},{""codeLines"":143,""blankLines"":26,""language"":""YAML"",""commentLines"":4},{""codeLines"":54242,""blankLines"":7874,""language"":""Rust"",""commentLines"":7443},{""codeLines"":80,""blankLines"":30,""language"":""Dockerfile"",""commentLines"":30},{""codeLines"":423,""blankLines"":70,""language"":""Bourne Shell"",""commentLines"":48},{""codeLines"":328,""blankLines"":35,""language"":""JavaScript"",""commentLines"":0},{""codeLines"":18,""blankLines"":6,""language"":""INI"",""commentLines"":0},{""codeLines"":325176,""blankLines"":0,""language"":""Text"",""commentLines"":0},{""codeLines"":3335,""blankLines"":1047,""language"":""Python"",""commentLines"":942}]",2026-07-14T02:39:06,e6bd9f7b9c38cd8d5370fa0fc936ac1dcd751813,True,False,False,False,"{""Rust"":2286486,""Python"":135376,""Shell"":16251,""Makefile"":9496,""PowerShell"":6640,""Dockerfile"":2418}",bug;claimed;dependencies;documentation;duplicate;enhancement;good first issue;help wanted;i18n;invalid;question;rust;wontfix,ai;context;embedded;faiss;knowledge-base;knowledge-graph;llm;machine-learning;memory;memvid;mv2;nlp;offline-first;opencv;python;rag;retrieval-augmented-generation;semantic-search;vector-database;video-processing,v0.1.2,First Release,Python
95575042,junhoyeo/tokscale,False,2229,121,100,462,Rust,main,MIT License,https://tokscale.ai,45,5616,146,97790,2025-12-01T01:15:27,2026-10-03T08:51:17,2026-10-04T02:45:05,395,70,998,11,33059.0,291693.0,42612.0,"[{""codeLines"":147,""blankLines"":0,""language"":""HTML"",""commentLines"":0},{""codeLines"":1589,""blankLines"":392,""language"":""Python"",""commentLines"":245},{""codeLines"":211,""blankLines"":31,""language"":""CSS"",""commentLines"":5},{""codeLines"":112,""blankLines"":7,""language"":""Text"",""commentLines"":0},{""codeLines"":1518,""blankLines"":189,""language"":""Swift"",""commentLines"":215},{""codeLines"":54,""blankLines"":6,""language"":""C"",""commentLines"":9},{""codeLines"":185,""blankLines"":49,""language"":""TOML"",""commentLines"":155},{""codeLines"":28344,""blankLines"":0,""language"":""JSON"",""commentLines"":0},{""codeLines"":66378,""blankLines"":7948,""language"":""TypeScript"",""commentLines"":4852},{""codeLines"":71,""blankLines"":28,""language"":""Dockerfile"",""commentLines"":23},{""codeLines"":8771,""blankLines"":2964,""language"":""Markdown"",""commentLines"":8},{""codeLines"":3580,""blankLines"":564,""language"":""Bourne Shell"",""commentLines"":42},{""codeLines"":800,""blankLines"":37,""language"":""SQL"",""commentLines"":457},{""codeLines"":101,""blankLines"":1,""language"":""SVG"",""commentLines"":0},{""codeLines"":178325,""blankLines"":20574,""language"":""Rust"",""commentLines"":36464},{""codeLines"":24,""blankLines"":3,""language"":""JavaScript"",""commentLines"":3},{""codeLines"":175,""blankLines"":69,""language"":""make"",""commentLines"":20},{""codeLines"":1226,""blankLines"":169,""language"":""YAML"",""commentLines"":95},{""codeLines"":82,""blankLines"":28,""language"":""C/C++ Header"",""commentLines"":19}]",2026-10-03T08:51:17,ca270d5281255f3f8fa96e2171fdc17db7153490,True,False,False,False,"{""Rust"":9033016,""TypeScript"":2475730,""Shell"":134706,""Python"":79972,""HTML"":70818,""PLpgSQL"":33787,""Makefile"":9332,""CSS"":5144,""Dockerfile"":4576,""JavaScript"":703}",bug;client-support;documentation;draft-release;duplicate;enhancement;good first issue;help wanted;invalid;perf;pricing-support;question;status: dependent;status: work-in-progress;testing;windows;wontfix,ai;ai-agents;ampcode;claude;claude-code;clawdbot;codex;cursor;cursor-ide;droid;gemini;gemini-cli;gpt;hermes;moltbot;oh;openclaw;opencode;opentui;token-usage,v1.0.14,First Release,TypeScript
95583430,vercel-labs/opensrc,False,60,25,17,195,Rust,main,Apache License 2.0,https://opensrc.sh,12,2990,2,404,2026-01-06T05:54:03,2026-09-16T08:31:50,2026-09-19T09:42:28,18,7,51,14,2408.0,12475.0,185.0,"[{""codeLines"":3494,""blankLines"":567,""language"":""Rust"",""commentLines"":169},{""codeLines"":26,""blankLines"":2,""language"":""TOML"",""commentLines"":0},{""codeLines"":574,""blankLines"":273,""language"":""Markdown"",""commentLines"":4},{""codeLines"":176,""blankLines"":36,""language"":""CSS"",""commentLines"":0},{""codeLines"":175,""blankLines"":0,""language"":""JSON"",""commentLines"":0},{""codeLines"":2157,""blankLines"":182,""language"":""TypeScript"",""commentLines"":8},{""codeLines"":426,""blankLines"":82,""language"":""JavaScript"",""commentLines"":4},{""codeLines"":5447,""blankLines"":1266,""language"":""YAML"",""commentLines"":0}]",2026-09-16T08:31:49,b51de60867e806da1839b33dd29c29424f12521b,True,False,False,False,"{""Rust"":125093,""TypeScript"":70681,""JavaScript"":15666,""MDX"":8851,""CSS"":3771}",bug;claude-code-assisted;documentation;duplicate;enhancement;good first issue;help wanted;invalid;question;wontfix,ai;ai-coding;cli;coding-agents;developer-tools;llm;nodejs;npm;source-code;typescript,v0.1.0,First Release,TypeScript
95589876,storytold/artcraft,False,18,1285,28,218,Rust,main,Other,https://getartcraft.com,18,2178,2,1372002,2022-03-31T11:19:12,2026-10-02T02:22:52,2026-10-04T09:38:38,100,39,1867,2,199062.0,1124393.0,195717.0,"[{""codeLines"":521,""blankLines"":0,""language"":""Jupyter Notebook"",""commentLines"":2906},{""codeLines"":36714,""blankLines"":0,""language"":""JSON"",""commentLines"":0},{""codeLines"":205,""blankLines"":95,""language"":""Dockerfile"",""commentLines"":187},{""codeLines"":1012,""blankLines"":202,""language"":""CSS"",""commentLines"":236},{""codeLines"":65,""blankLines"":9,""language"":""HTML"",""commentLines"":5},{""codeLines"":258,""blankLines"":69,""language"":""YAML"",""commentLines"":61},{""codeLines"":3377,""blankLines"":1178,""language"":""Markdown"",""commentLines"":6},{""codeLines"":198392,""blankLines"":33927,""language"":""Rust"",""commentLines"":24813},{""codeLines"":95,""blankLines"":0,""language"":""XML"",""commentLines"":0},{""codeLines"":3839,""blankLines"":435,""language"":""JavaScript"",""commentLines"":399},{""codeLines"":11,""blankLines"":1,""language"":""Text"",""commentLines"":0},{""codeLines"":1110,""blankLines"":278,""language"":""TOML"",""commentLines"":240},{""codeLines"":63,""blankLines"":23,""language"":""PowerShell"",""commentLines"":11},{""codeLines"":26,""blankLines"":8,""language"":""DOS Batch"",""commentLines"":1},{""codeLines"":28,""blankLines"":23,""language"":""SQL"",""commentLines"":76},{""codeLines"":9978,""blankLines"":1565,""language"":""Metal"",""commentLines"":520},{""codeLines"":174577,""blankLines"":17308,""language"":""TypeScript"",""commentLines"":13712},{""codeLines"":11,""blankLines"":2,""language"":""INI"",""commentLines"":0},{""codeLines"":482463,""blankLines"":94436,""language"":""C/C++ Header"",""commentLines"":100103},{""codeLines"":1045,""blankLines"":194,""language"":""Python"",""commentLines"":98},{""codeLines"":21,""blankLines"":8,""language"":""make"",""commentLines"":7},{""codeLines"":140,""blankLines"":1,""language"":""SVG"",""commentLines"":0},{""codeLines"":469,""blankLines"":176,""language"":""Bourne Shell"",""commentLines"":147},{""codeLines"":198790,""blankLines"":45983,""language"":""Cuda"",""commentLines"":46413},{""codeLines"":3,""blankLines"":0,""language"":""CSV"",""commentLines"":0},{""codeLines"":39,""blankLines"":43,""language"":""reStructuredText"",""commentLines"":87},{""codeLines"":7587,""blankLines"":1916,""language"":""C++"",""commentLines"":2064},{""codeLines"":3554,""blankLines"":1182,""language"":""CMake"",""commentLines"":3625}]",2026-09-28T06:16:34,3210977fb114cff7179aff2f480bf279572d5942,True,False,False,False,"{""Rust"":9356885,""TypeScript"":6563679,""JavaScript"":112658,""Python"":43009,""CSS"":26736,""Shell"":23755,""Dockerfile"":19367,""PowerShell"":3068,""HTML"":2787,""RenderScript"":719}",Blocked - Frontend;Blocked - Tauri;bug;cannot reproduce;dependencies;do not merge;documentation;duplicate;enhancement;frontend;good first issue;help wanted;invalid;javascript;local models;python;question;rust;tauri;testing;website;windows;wip;wontfix,3d-graphics;ai;aivideo;filmmaking;imagegeneration,artcraft-v0.0.1,First Release,JavaScript
95592199,vercel-labs/agent-browser,False,691,419,111,2935,Rust,main,Apache License 2.0,https://agent-browser.dev,109,43507,115,24546,2026-01-11T05:38:15,2026-10-03T06:28:26,2026-10-04T11:31:10,704,405,1326,423,22622.0,182077.0,8341.0,"[{""codeLines"":1643,""blankLines"":226,""language"":""JavaScript"",""commentLines"":147},{""codeLines"":60,""blankLines"":9,""language"":""TOML"",""commentLines"":1},{""codeLines"":5,""blankLines"":0,""language"":""DOS Batch"",""commentLines"":0},{""codeLines"":36349,""blankLines"":0,""language"":""JSON"",""commentLines"":0},{""codeLines"":16678,""blankLines"":1902,""language"":""TypeScript"",""commentLines"":1502},{""codeLines"":138,""blankLines"":8,""language"":""Python"",""commentLines"":30},{""codeLines"":687,""blankLines"":93,""language"":""CSS"",""commentLines"":38},{""codeLines"":324,""blankLines"":104,""language"":""Text"",""commentLines"":0},{""codeLines"":591,""blankLines"":33,""language"":""HTML"",""commentLines"":0},{""codeLines"":36,""blankLines"":5,""language"":""SVG"",""commentLines"":23},{""codeLines"":25509,""blankLines"":6193,""language"":""YAML"",""commentLines"":13},{""codeLines"":11484,""blankLines"":4635,""language"":""Markdown"",""commentLines"":8},{""codeLines"":88411,""blankLines"":9357,""language"":""Rust"",""commentLines"":6438},{""codeLines"":134,""blankLines"":51,""language"":""Bourne Shell"",""commentLines"":141},{""codeLines"":28,""blankLines"":6,""language"":""NAnt script"",""commentLines"":0}]",2026-10-03T06:28:26,526157cfd4ec64f45939f9ba0f10d5936aa7ac33,True,False,False,False,"{""Rust"":3715234,""TypeScript"":341733,""JavaScript"":62848,""HTML"":19270,""Shell"":11622,""Python"":11213,""CSS"":5407,""Batchfile"":102}",bug;ci/cd;claude-code-assisted;documentation;duplicate;enhancement;feature;good first issue;help wanted;invalid;question;wontfix,,v0.6.0,First Release,TypeScript
95592412,coulsontl/ai-toolbox,False,1168,2,110,130,Rust,main,GNU Affero General Public License v3.0,,5,1761,24,54659,2026-01-03T02:12:33,2026-10-03T01:50:10,2026-10-04T12:58:43,326,19,79,0,46134.0,461306.0,29350.0,"[{""codeLines"":13,""blankLines"":1,""language"":""HTML"",""commentLines"":0},{""codeLines"":1225,""blankLines"":275,""language"":""Text"",""commentLines"":0},{""codeLines"":1058,""blankLines"":197,""language"":""Python"",""commentLines"":171},{""codeLines"":294,""blankLines"":71,""language"":""CSS"",""commentLines"":81},{""codeLines"":26,""blankLines"":0,""language"":""SVG"",""commentLines"":5},{""codeLines"":243497,""blankLines"":22786,""language"":""Rust"",""commentLines"":20453},{""codeLines"":124,""blankLines"":11,""language"":""TOML"",""commentLines"":9},{""codeLines"":835,""blankLines"":34,""language"":""JSX"",""commentLines"":28},{""codeLines"":115,""blankLines"":0,""language"":""JSON5"",""commentLines"":0},{""codeLines"":1456,""blankLines"":0,""language"":""CSV"",""commentLines"":0},{""codeLines"":3446,""blankLines"":463,""language"":""JavaScript"",""commentLines"":72},{""codeLines"":7094,""blankLines"":1773,""language"":""YAML"",""commentLines"":12},{""codeLines"":15120,""blankLines"":4629,""language"":""Markdown"",""commentLines"":0},{""codeLines"":893,""blankLines"":71,""language"":""PowerShell"",""commentLines"":111},{""codeLines"":26933,""blankLines"":3,""language"":""JSON"",""commentLines"":0},{""codeLines"":15,""blankLines"":4,""language"":""Ruby"",""commentLines"":0},{""codeLines"":19873,""blankLines"":3287,""language"":""Less"",""commentLines"":262},{""codeLines"":139289,""blankLines"":12529,""language"":""TypeScript"",""commentLines"":8146}]",2026-10-03T01:49:35,8bb967498e0fce754b6f507a1826749c4f07c9d4,True,False,False,False,"{""Rust"":10411037,""TypeScript"":5669973,""Less"":438259,""JavaScript"":214658,""Python"":58830,""PowerShell"":50836,""CSS"":13626,""Ruby"":624,""HTML"":356}",bug;documentation;duplicate;enhancement;good first issue;help wanted;invalid;not planned;question;wontfix,,v0.1.0,First Release,TypeScript
95597476,actionbook/actionbook,False,1638,168,89,119,Rust,main,Apache License 2.0,https://actionbook.app,8,1597,11,45587,2025-12-28T07:06:51,2026-09-08T02:37:16,2026-09-19T12:05:01,10,6,611,6,18617.0,133888.0,7548.0,"[{""codeLines"":135,""blankLines"":21,""language"":""Bourne Shell"",""commentLines"":18},{""codeLines"":5146,""blankLines"":889,""language"":""JavaScript"",""commentLines"":883},{""codeLines"":9542,""blankLines"":2292,""language"":""YAML"",""commentLines"":56},{""codeLines"":16653,""blankLines"":5511,""language"":""Markdown"",""commentLines"":7},{""codeLines"":122,""blankLines"":27,""language"":""TOML"",""commentLines"":11},{""codeLines"":1775,""blankLines"":133,""language"":""Text"",""commentLines"":0},{""codeLines"":9383,""blankLines"":1318,""language"":""TypeScript"",""commentLines"":656},{""codeLines"":24739,""blankLines"":0,""language"":""JSON"",""commentLines"":0},{""codeLines"":60272,""blankLines"":6942,""language"":""Rust"",""commentLines"":4901},{""codeLines"":62,""blankLines"":0,""language"":""SVG"",""commentLines"":0},{""codeLines"":253,""blankLines"":14,""language"":""SQL"",""commentLines"":38},{""codeLines"":4225,""blankLines"":1280,""language"":""Python"",""commentLines"":921},{""codeLines"":680,""blankLines"":146,""language"":""CSS"",""commentLines"":57},{""codeLines"":901,""blankLines"":44,""language"":""HTML"",""commentLines"":0}]",2026-09-08T02:37:15,0e31254cc10a1fe0b57faa318ac0823500f42a40,True,False,False,False,"{""Rust"":2319190,""TypeScript"":332909,""Python"":235707,""JavaScript"":224523,""HTML"":29103,""MDX"":29060,""CSS"":15318,""Shell"":5303}",bug;documentation;duplicate;enhancement;good first issue;help wanted;invalid;question;wontfix,ai-agents;browser-automation;rust;skills,actionbook-cli-v0.4.0,First Release,TypeScript
95626449,DataDog/pup,False,2065,31,166,122,Rust,main,Apache License 2.0,https://www.datadoghq.com,8,1025,113,19329,2026-02-03T07:56:25,2026-10-02T04:57:45,2026-10-04T07:44:20,119,6,763,6,22461.0,213458.0,11921.0,"[{""codeLines"":79490,""blankLines"":7510,""language"":""Rust"",""commentLines"":9069},{""codeLines"":66934,""blankLines"":0,""language"":""JSON"",""commentLines"":0},{""codeLines"":112,""blankLines"":27,""language"":""make"",""commentLines"":7},{""codeLines"":27944,""blankLines"":5452,""language"":""Go"",""commentLines"":2013},{""codeLines"":484,""blankLines"":47,""language"":""TypeScript"",""commentLines"":59},{""codeLines"":1282,""blankLines"":148,""language"":""YAML"",""commentLines"":81},{""codeLines"":34583,""blankLines"":8978,""language"":""Markdown"",""commentLines"":15},{""codeLines"":103,""blankLines"":46,""language"":""Bourne Shell"",""commentLines"":34},{""codeLines"":39,""blankLines"":0,""language"":""CSV"",""commentLines"":0},{""codeLines"":129,""blankLines"":27,""language"":""TOML"",""commentLines"":30},{""codeLines"":2358,""blankLines"":226,""language"":""Python"",""commentLines"":613}]",2026-10-02T04:57:30,86f20bac7ecea8f3ee03b0a24a620bb57e36196f,False,False,False,False,"{""Rust"":3542276,""Go"":812555,""Python"":136433,""TypeScript"":20423,""Shell"":7546,""Makefile"":5014}",Bits AI;adms-dependency-update;adms-fixes-eol;adms-go;adms-minor-update;adms-mode-all-updates;adms-mode-all-vulns;adms-renovate;api-coverage;authnz;blocked;bot_family:adms-dependency-update;bug;campaigner-automated-change;changelog/added;changelog/changed;changelog/deprecated;changelog/fixed;changelog/no-changelog;changelog/removed;changelog/security;changes-guidelines-exception;dependencies;documentation;duplicate;enhancement;github_actions;go;good first issue;help wanted;invalid;mergequeue-status: done;mergequeue-status: in_progress;mergequeue-status: queued;mergequeue-status: rejected;mergequeue-status: removed;mergequeue-status: waiting;parallel-implementation;product:ai-observability;product:apm;product:audit;product:automation;product:bits-ai;product:code-health;product:costs;product:dashboards;product:data-observability;product:digital-experience;product:error-tracking;product:incidents;product:infrastructure;product:logs;product:metrics;product:monitoring;product:organization;product:security;product:software-delivery;product:users_teams;prototype-only;question;rust;stale;testing;usability;wontfix,cli;client;datadog;observability,v0.9.2,First Release,Go
95630060,LanRhyme/MicYou,False,845,9,30,195,Rust,master,Other,https://micyou.top,9,3904,27,76205,2026-02-10T08:44:24,2026-09-20T04:17:49,2026-09-20T04:17:54,151,12,183,2,7427.0,61558.0,6157.0,"[{""codeLines"":24921,""blankLines"":2665,""language"":""Rust"",""commentLines"":3291},{""codeLines"":1812,""blankLines"":140,""language"":""HTML"",""commentLines"":0},{""codeLines"":264,""blankLines"":59,""language"":""CSS"",""commentLines"":19},{""codeLines"":557,""blankLines"":70,""language"":""JavaScript"",""commentLines"":18},{""codeLines"":102,""blankLines"":28,""language"":""Bourne Shell"",""commentLines"":118},{""codeLines"":85,""blankLines"":18,""language"":""C/C++ Header"",""commentLines"":88},{""codeLines"":10055,""blankLines"":1004,""language"":""Kotlin"",""commentLines"":1242},{""codeLines"":95,""blankLines"":15,""language"":""CMake"",""commentLines"":0},{""codeLines"":6058,""blankLines"":634,""language"":""Vuejs Component"",""commentLines"":250},{""codeLines"":450,""blankLines"":83,""language"":""C++"",""commentLines"":1},{""codeLines"":4896,""blankLines"":3,""language"":""JSON"",""commentLines"":0},{""codeLines"":29,""blankLines"":6,""language"":""ProGuard"",""commentLines"":11},{""codeLines"":34,""blankLines"":8,""language"":""Text"",""commentLines"":0},{""codeLines"":1,""blankLines"":0,""language"":""SVG"",""commentLines"":0},{""codeLines"":328,""blankLines"":32,""language"":""WebAssembly"",""commentLines"":65},{""codeLines"":2650,""blankLines"":338,""language"":""C"",""commentLines"":324},{""codeLines"":347,""blankLines"":49,""language"":""TOML"",""commentLines"":8},{""codeLines"":1853,""blankLines"":855,""language"":""Markdown"",""commentLines"":342},{""codeLines"":1856,""blankLines"":127,""language"":""YAML"",""commentLines"":17},{""codeLines"":49,""blankLines"":9,""language"":""Protocol Buffers"",""commentLines"":11},{""codeLines"":76,""blankLines"":17,""language"":""PowerShell"",""commentLines"":9},{""codeLines"":45,""blankLines"":2,""language"":""Handlebars"",""commentLines"":0},{""codeLines"":19,""blankLines"":3,""language"":""Properties"",""commentLines"":4},{""codeLines"":2984,""blankLines"":365,""language"":""TypeScript"",""commentLines"":299},{""codeLines"":64,""blankLines"":18,""language"":""DOS Batch"",""commentLines"":0},{""codeLines"":275,""blankLines"":27,""language"":""Gradle"",""commentLines"":32},{""codeLines"":1653,""blankLines"":852,""language"":""XML"",""commentLines"":8}]",2026-09-20T04:17:49,3139e13d01156528b6c93e8f538ffc84e2d41d4d,False,False,False,False,"{""C++"":1653060,""Rust"":1003143,""Kotlin"":499651,""Vue"":363602,""HTML"":83956,""TypeScript"":82629,""Inno Setup"":20412,""WebAssembly"":19814,""JavaScript"":19810,""C"":9887,""CSS"":5808,""CMake"":3486,""Shell"":3234,""NSIS"":3086,""PowerShell"":3047,""Batchfile"":1597,""Handlebars"":1060}",announcement;breaking;bug;documentation;done;duplicate;enhancement;good first issue;help wanted;high-quality;invalid;need-info;need-reproduce;not-planned;priority: critical;priority: high;priority: low;priority: medium;processing;question;reviewing;size/l;size/m;size/s;size/xl;size/xs;size/xxl;waitmerge;wontfix,,v1.0.0-20260211-0143,First Release,Kotlin
95630675,Nasiko-Labs/nasiko,False,1818,12,1,2078,Rust,main,Other,https://www.nasiko.com,15,9403,30,27497,2026-02-12T10:45:29,2026-10-03T06:26:22,2026-10-04T10:55:15,19,17,315,168,30871.0,403842.0,42791.0,"[{""codeLines"":490,""blankLines"":72,""language"":""JavaScript"",""commentLines"":309},{""codeLines"":109,""blankLines"":23,""language"":""Lua"",""commentLines"":11},{""codeLines"":182723,""blankLines"":19895,""language"":""Rust"",""commentLines"":29317},{""codeLines"":13,""blankLines"":4,""language"":""Bourne Shell"",""commentLines"":21},{""codeLines"":308,""blankLines"":31,""language"":""YAML"",""commentLines"":22},{""codeLines"":6710,""blankLines"":2021,""language"":""Markdown"",""commentLines"":79},{""codeLines"":35,""blankLines"":75,""language"":""Starlark"",""commentLines"":216},{""codeLines"":59,""blankLines"":8,""language"":""make"",""commentLines"":8},{""codeLines"":1182,""blankLines"":133,""language"":""TOML"",""commentLines"":116},{""codeLines"":44,""blankLines"":9,""language"":""INI"",""commentLines"":0},{""codeLines"":236,""blankLines"":29,""language"":""Text"",""commentLines"":0},{""codeLines"":363,""blankLines"":75,""language"":""HCL"",""commentLines"":18},{""codeLines"":81642,""blankLines"":6,""language"":""JSON"",""commentLines"":0},{""codeLines"":1889,""blankLines"":227,""language"":""Go"",""commentLines"":207},{""codeLines"":121490,""blankLines"":7280,""language"":""TypeScript"",""commentLines"":10833},{""codeLines"":1515,""blankLines"":194,""language"":""SQL"",""commentLines"":1013},{""codeLines"":402,""blankLines"":81,""language"":""Dockerfile"",""commentLines"":55},{""codeLines"":20,""blankLines"":0,""language"":""SVG"",""commentLines"":3},{""codeLines"":5,""blankLines"":0,""language"":""Diff"",""commentLines"":92},{""codeLines"":932,""blankLines"":38,""language"":""HTML"",""commentLines"":3},{""codeLines"":3120,""blankLines"":650,""language"":""Python"",""commentLines"":392},{""codeLines"":555,""blankLines"":20,""language"":""CSS"",""commentLines"":76}]",2026-10-03T06:26:05,796211c2c3b383086294a4e744d13b937a12aea7,True,False,False,False,"{""Rust"":8775588,""TypeScript"":5319826,""Python"":194723,""Go"":74358,""PLpgSQL"":46424,""HTML"":32618,""JavaScript"":30989,""CSS"":24945,""Dockerfile"":18446,""Starlark"":13405,""HCL"":12088,""Just"":10060,""Lua"":3978,""Makefile"":2815,""Shell"":1633}",bug;dependencies;documentation;duplicate;enhancement;good first issue;help wanted;invalid;python;python:uv;question;rust;wontfix,agent-security;ai;ai-agents;cli;hacktoberfest;llms;mcp-gateway;multi-agent;rust;tokenomics;tokenops,v1.0.0,First Release,Python
95632981,Ataraxy-Labs/sem,False,695,93,63,104,Rust,main,Apache License 2.0,https://ataraxy-labs.github.io/sem/,7,3383,29,7898,2026-02-05T07:49:35,2026-10-04T01:20:55,2026-10-04T03:03:16,219,3,274,1,16049.0,148896.0,25496.0,"[{""codeLines"":407,""blankLines"":100,""language"":""Bourne Shell"",""commentLines"":109},{""codeLines"":96,""blankLines"":9,""language"":""Nix"",""commentLines"":9},{""codeLines"":2655,""blankLines"":788,""language"":""Markdown"",""commentLines"":0},{""codeLines"":8921,""blankLines"":533,""language"":""JavaScript"",""commentLines"":644},{""codeLines"":66,""blankLines"":16,""language"":""C/C++ Header"",""commentLines"":0},{""codeLines"":537,""blankLines"":87,""language"":""YAML"",""commentLines"":33},{""codeLines"":119,""blankLines"":26,""language"":""Java"",""commentLines"":0},{""codeLines"":152,""blankLines"":40,""language"":""Text"",""commentLines"":0},{""codeLines"":319,""blankLines"":36,""language"":""TOML"",""commentLines"":76},{""codeLines"":103,""blankLines"":21,""language"":""Kotlin"",""commentLines"":0},{""codeLines"":57,""blankLines"":9,""language"":""C++"",""commentLines"":0},{""codeLines"":3807,""blankLines"":300,""language"":""HTML"",""commentLines"":25},{""codeLines"":17,""blankLines"":9,""language"":""Dockerfile"",""commentLines"":0},{""codeLines"":147,""blankLines"":31,""language"":""Ruby"",""commentLines"":1},{""codeLines"":138,""blankLines"":37,""language"":""Go"",""commentLines"":0},{""codeLines"":21704,""blankLines"":2847,""language"":""TypeScript"",""commentLines"":7325},{""codeLines"":4477,""blankLines"":0,""language"":""JSON"",""commentLines"":0},{""codeLines"":119,""blankLines"":26,""language"":""C#"",""commentLines"":0},{""codeLines"":174,""blankLines"":39,""language"":""SVG"",""commentLines"":26},{""codeLines"":101907,""blankLines"":10556,""language"":""Rust"",""commentLines"":16961},{""codeLines"":2801,""blankLines"":502,""language"":""Python"",""commentLines"":287},{""codeLines"":38,""blankLines"":5,""language"":""CSS"",""commentLines"":0},{""codeLines"":135,""blankLines"":32,""language"":""Swift"",""commentLines"":0}]",2026-10-04T12:59:57,ffc6d29c3ef84a6275624e4d23e1434071190cd1,True,False,False,False,"{""Rust"":6291080,""TypeScript"":1479881,""JavaScript"":608804,""Python"":224825,""Shell"":20062,""HTML"":18065,""Go"":6158,""Nix"":2357,""Ruby"":1204,""CSS"":1069,""Dockerfile"":523}",bug;documentation;duplicate;enhancement;good first issue;help wanted;invalid;question;wontfix,ai-agents;code-intelligence;coding-agents;developer-tools;git;llm-tools;semantic-diff;tree-sitter;typescript;version-control,v0.2.0,First Release,TypeScript
95638067,iii-hq/iii,False,2115,286,367,1269,Rust,main,,https://iii.dev,90,18827,52,599656,2025-01-02T05:45:02,2026-10-04T07:06:41,2026-10-04T12:18:45,354,35,1876,53,101228.0,518885.0,49456.0,"[{""codeLines"":2261,""blankLines"":373,""language"":""Bourne Shell"",""commentLines"":413},{""codeLines"":39,""blankLines"":3,""language"":""XML"",""commentLines"":0},{""codeLines"":13862,""blankLines"":2836,""language"":""YAML"",""commentLines"":519},{""codeLines"":178348,""blankLines"":56395,""language"":""Markdown"",""commentLines"":448},{""codeLines"":771,""blankLines"":148,""language"":""HCL"",""commentLines"":52},{""codeLines"":222820,""blankLines"":27856,""language"":""Rust"",""commentLines"":35384},{""codeLines"":1261,""blankLines"":104,""language"":""JSX"",""commentLines"":462},{""codeLines"":844,""blankLines"":128,""language"":""TOML"",""commentLines"":113},{""codeLines"":162,""blankLines"":64,""language"":""make"",""commentLines"":17},{""codeLines"":66,""blankLines"":14,""language"":""Text"",""commentLines"":0},{""codeLines"":2857,""blankLines"":294,""language"":""JavaScript"",""commentLines"":569},{""codeLines"":140,""blankLines"":0,""language"":""HTML"",""commentLines"":0},{""codeLines"":13077,""blankLines"":4161,""language"":""Python"",""commentLines"":2499},{""codeLines"":2989,""blankLines"":351,""language"":""CSS"",""commentLines"":203},{""codeLines"":2995,""blankLines"":12,""language"":""JSON"",""commentLines"":0},{""codeLines"":48,""blankLines"":0,""language"":""SVG"",""commentLines"":6},{""codeLines"":1343,""blankLines"":100,""language"":""Astro"",""commentLines"":311},{""codeLines"":115,""blankLines"":39,""language"":""Dockerfile"",""commentLines"":18},{""codeLines"":14,""blankLines"":2,""language"":""Bourne Again Shell"",""commentLines"":2},{""codeLines"":4691,""blankLines"":595,""language"":""Go"",""commentLines"":1209},{""codeLines"":70182,""blankLines"":7753,""language"":""TypeScript"",""commentLines"":7231}]",2026-10-02T07:45:13,a075c6e4038917c0f03379c0728f3ba1eb38a1b1,True,False,False,False,"{""Rust"":10435713,""TypeScript"":2710444,""MDX"":565809,""Python"":546236,""Go"":229631,""Shell"":109914,""Astro"":72474,""JavaScript"":64926,""CSS"":48285,""HCL"":29548,""Makefile"":9629,""HTML"":5175,""Dockerfile"":3299}",bug;console;dependencies;docker;documentation;duplicate;e2e-windows;e2e-wsl;engine;enhancement;feature;feature request;fixed;github_actions;go;golang;good first issue;hacktoberfest-accepted;help wanted;high;high-priority;invalid;javascript;low;medium;new-sdk;observability;python;question;queue;rabbitmq;release-failure;rust;sandbox;sdk;size/l;size/m;size/s;size/xl;size/xs;stale;state;stream;windows;wontfix;workers,agents;ai;api;backend;developer-tools;engine;genai;javascript;primitives;python;rust;typescript,v0.0.13,First Release,TypeScript
95640444,dnakov/litter,False,522,48,19,171,Rust,main,Other,,5,2227,20,126308,2026-02-21T05:55:47,2026-06-01T07:54:50,2026-06-05T03:14:47,74,28,95,2,22440.0,280377.0,20147.0,"[{""codeLines"":71,""blankLines"":13,""language"":""Ruby"",""commentLines"":0},{""codeLines"":681,""blankLines"":97,""language"":""TypeScript"",""commentLines"":28},{""codeLines"":12,""blankLines"":0,""language"":""Properties"",""commentLines"":0},{""codeLines"":54,""blankLines"":12,""language"":""Text"",""commentLines"":0},{""codeLines"":369,""blankLines"":47,""language"":""TOML"",""commentLines"":53},{""codeLines"":12,""blankLines"":0,""language"":""PowerShell"",""commentLines"":4},{""codeLines"":71,""blankLines"":21,""language"":""DOS Batch"",""commentLines"":2},{""codeLines"":861,""blankLines"":109,""language"":""JavaScript"",""commentLines"":0},{""codeLines"":1307,""blankLines"":153,""language"":""C/C++ Header"",""commentLines"":85},{""codeLines"":699,""blankLines"":105,""language"":""CSS"",""commentLines"":50},{""codeLines"":764,""blankLines"":115,""language"":""make"",""commentLines"":71},{""codeLines"":713,""blankLines"":70,""language"":""HTML"",""commentLines"":22},{""codeLines"":5510,""blankLines"":793,""language"":""Bourne Shell"",""commentLines"":513},{""codeLines"":67722,""blankLines"":7301,""language"":""Swift"",""commentLines"":4071},{""codeLines"":710,""blankLines"":70,""language"":""Meson"",""commentLines"":25},{""codeLines"":70431,""blankLines"":6677,""language"":""Rust"",""commentLines"":8575},{""codeLines"":207,""blankLines"":26,""language"":""SVG"",""commentLines"":75},{""codeLines"":2440,""blankLines"":121,""language"":""Diff"",""commentLines"":1354},{""codeLines"":63791,""blankLines"":0,""language"":""JSON"",""commentLines"":0},{""codeLines"":194,""blankLines"":29,""language"":""AppleScript"",""commentLines"":22},{""codeLines"":243,""blankLines"":39,""language"":""Gradle"",""commentLines"":11},{""codeLines"":233,""blankLines"":63,""language"":""Assembly"",""commentLines"":151},{""codeLines"":959,""blankLines"":89,""language"":""C++"",""commentLines"":16},{""codeLines"":42506,""blankLines"":3274,""language"":""Kotlin"",""commentLines"":2073},{""codeLines"":13,""blankLines"":4,""language"":""CMake"",""commentLines"":0},{""codeLines"":0,""blankLines"":0,""language"":""ProGuard"",""commentLines"":2},{""codeLines"":1652,""blankLines"":238,""language"":""Java"",""commentLines"":11},{""codeLines"":1049,""blankLines"":17,""language"":""XML"",""commentLines"":8},{""codeLines"":80,""blankLines"":13,""language"":""Protocol Buffers"",""commentLines"":22},{""codeLines"":1494,""blankLines"":198,""language"":""Python"",""commentLines"":26},{""codeLines"":508,""blankLines"":67,""language"":""Objective-C"",""commentLines"":5},{""codeLines"":3531,""blankLines"":410,""language"":""YAML"",""commentLines"":162},{""codeLines"":2245,""blankLines"":605,""language"":""Markdown"",""commentLines"":13},{""codeLines"":9161,""blankLines"":1626,""language"":""C"",""commentLines"":2591},{""codeLines"":84,""blankLines"":38,""language"":""WiX source"",""commentLines"":106}]",2026-05-30T02:38:27,abee3ace684204a3cbc4ea1e0e903b9f31518dac,False,False,False,False,"{""Rust"":3077716,""Swift"":3016131,""Kotlin"":1892100,""Shell"":225734,""C"":73712,""Java"":71141,""Python"":65964,""Makefile"":43395,""HTML"":40394,""C++"":32762,""JavaScript"":29236,""TypeScript"":24960,""Objective-C"":23107,""CSS"":18905,""AppleScript"":8067,""Ruby"":3664,""PowerShell"":891,""CMake"":638}",bug;documentation;duplicate;enhancement;good first issue;help wanted;invalid;question;wontfix,,v1.0.0-android-r1,First Release,Kotlin
95648333,ZSeven-W/openpencil,False,3206,4,32,527,Rust,main,MIT License,https://op.zseven.tech,45,6074,15,431200,2026-02-17T10:51:46,2026-10-04T12:26:43,2026-10-04T01:43:29,95,12,132,8,87294.0,957935.0,134535.0,"[{""codeLines"":19497,""blankLines"":1763,""language"":""Bourne Shell"",""commentLines"":1470},{""codeLines"":11,""blankLines"":0,""language"":""Standard ML"",""commentLines"":0},{""codeLines"":614,""blankLines"":34,""language"":""Nix"",""commentLines"":19},{""codeLines"":11380,""blankLines"":779,""language"":""JavaScript"",""commentLines"":2228},{""codeLines"":219,""blankLines"":96,""language"":""C/C++ Header"",""commentLines"":223},{""codeLines"":826391,""blankLines"":66892,""language"":""Rust"",""commentLines"":117431},{""codeLines"":405,""blankLines"":79,""language"":""CSS"",""commentLines"":107},{""codeLines"":6646,""blankLines"":662,""language"":""Swift"",""commentLines"":840},{""codeLines"":5368,""blankLines"":522,""language"":""ArkTs"",""commentLines"":1259},{""codeLines"":844,""blankLines"":54,""language"":""HTML"",""commentLines"":64},{""codeLines"":160,""blankLines"":36,""language"":""Dockerfile"",""commentLines"":127},{""codeLines"":11676,""blankLines"":0,""language"":""JSON"",""commentLines"":0},{""codeLines"":5786,""blankLines"":696,""language"":""Kotlin"",""commentLines"":970},{""codeLines"":4761,""blankLines"":202,""language"":""YAML"",""commentLines"":465},{""codeLines"":108,""blankLines"":11,""language"":""Gradle"",""commentLines"":15},{""codeLines"":31032,""blankLines"":9648,""language"":""Markdown"",""commentLines"":6},{""codeLines"":3310,""blankLines"":9,""language"":""XML"",""commentLines"":26},{""codeLines"":1,""blankLines"":0,""language"":""SVG"",""commentLines"":0},{""codeLines"":193,""blankLines"":4,""language"":""Awk"",""commentLines"":7},{""codeLines"":16976,""blankLines"":4333,""language"":""Python"",""commentLines"":5567},{""codeLines"":8,""blankLines"":1,""language"":""INI"",""commentLines"":0},{""codeLines"":1618,""blankLines"":165,""language"":""Ruby"",""commentLines"":203},{""codeLines"":6440,""blankLines"":871,""language"":""TypeScript"",""commentLines"":2355},{""codeLines"":92,""blankLines"":5,""language"":""Text"",""commentLines"":0},{""codeLines"":71,""blankLines"":21,""language"":""DOS Batch"",""commentLines"":2},{""codeLines"":832,""blankLines"":90,""language"":""PowerShell"",""commentLines"":4},{""codeLines"":270,""blankLines"":0,""language"":""JSON5"",""commentLines"":32},{""codeLines"":3214,""blankLines"":321,""language"":""TOML"",""commentLines"":1115},{""codeLines"":12,""blankLines"":0,""language"":""Properties"",""commentLines"":0}]",2026-09-22T07:25:11,3e55570d20bd4be891700789146e7c43c9c1c3b1,True,False,False,False,"{""Rust"":38247578,""Python"":1224517,""Shell"":911445,""JavaScript"":546428,""TypeScript"":381386,""Swift"":316354,""Kotlin"":291474,""Ruby"":116776,""PowerShell"":32908,""Nix"":28906,""HTML"":24554,""C"":24443,""NSIS"":15268,""CSS"":13352,""Awk"":7020,""Pkl"":3350,""Dockerfile"":3322,""Standard ML"":1419}",bug;documentation;duplicate;enhancement;good first issue;help wanted;invalid;question;wontfix,agent;agent-team;ai;claude;claude-code;codex;dsh-plugin;fimga;flutter;mcp;opencode;openpencil;pencil;react;react-native;rust;skill;ui;vibecoding;vibedesign,v0.0.1,First Release,TypeScript
95661797,Zackriya-Solutions/meetily,False,661,87,12,3360,Rust,main,MIT License,https://meetily.ai,147,30960,18,46639,2024-12-26T12:52:14,2026-09-15T06:32:32,2026-09-20T11:21:15,337,199,394,149,16033.0,95939.0,9757.0,"[{""codeLines"":783,""blankLines"":111,""language"":""JavaScript"",""commentLines"":80},{""codeLines"":28,""blankLines"":0,""language"":""XML"",""commentLines"":0},{""codeLines"":3511,""blankLines"":678,""language"":""Bourne Shell"",""commentLines"":482},{""codeLines"":2507,""blankLines"":951,""language"":""Markdown"",""commentLines"":0},{""codeLines"":7275,""blankLines"":1472,""language"":""C/C++ Header"",""commentLines"":515},{""codeLines"":9,""blankLines"":4,""language"":""CMake"",""commentLines"":2},{""codeLines"":3131,""blankLines"":511,""language"":""PowerShell"",""commentLines"":372},{""codeLines"":159,""blankLines"":46,""language"":""TOML"",""commentLines"":62},{""codeLines"":805,""blankLines"":163,""language"":""C++"",""commentLines"":202},{""codeLines"":10,""blankLines"":0,""language"":""Text"",""commentLines"":0},{""codeLines"":1431,""blankLines"":262,""language"":""DOS Batch"",""commentLines"":109},{""codeLines"":571,""blankLines"":0,""language"":""JSON"",""commentLines"":0},{""codeLines"":26435,""blankLines"":3348,""language"":""TypeScript"",""commentLines"":2116},{""codeLines"":195,""blankLines"":70,""language"":""Dockerfile"",""commentLines"":72},{""codeLines"":217,""blankLines"":26,""language"":""HTML"",""commentLines"":0},{""codeLines"":20,""blankLines"":1,""language"":""Swift"",""commentLines"":0},{""codeLines"":5,""blankLines"":0,""language"":""SVG"",""commentLines"":0},{""codeLines"":8860,""blankLines"":1730,""language"":""YAML"",""commentLines"":247},{""codeLines"":1699,""blankLines"":388,""language"":""Python"",""commentLines"":520},{""codeLines"":173,""blankLines"":33,""language"":""CSS"",""commentLines"":8},{""codeLines"":38001,""blankLines"":6217,""language"":""Rust"",""commentLines"":4930},{""codeLines"":114,""blankLines"":22,""language"":""SQL"",""commentLines"":40}]",2026-09-10T06:28:42,a2cb62e827da7ef59f65064c97233efb2313878e,True,False,False,False,"{""Rust"":1807556,""TypeScript"":1114527,""C++"":352628,""PowerShell"":152786,""Shell"":145574,""Python"":109999,""Batchfile"":57577,""JavaScript"":27818,""HTML"":8717,""CSS"":4002,""Swift"":557,""CMake"":305}",backend;bug;cleanup;documentation;duplicate;enhancement;good first issue;help wanted;invalid;question;refactoring;release;release-candidate-review;wontfix,ai;ai-meeting-assistant;llm;local-ai;mac;meeting-minutes;meeting-notes;offline-first;ollama;parakeet;privacy-focused;privacy-tools;rust;self-hosted;sortformer;speech-to-text;transcription;whisper;whisper-cpp;windows,v0.0.1,First Release,TypeScript
95662746,learning-rust/learning-rust.github.io,False,342,3,0,191,Rust,main,Other,https://learning-rust.github.io,22,1659,32,16372,2017-12-30T07:26:24,2026-09-30T04:13:49,2026-10-02T07:56:11,31,0,47,0,3451.0,20906.0,83.0,"[{""codeLines"":78,""blankLines"":1,""language"":""Text"",""commentLines"":0},{""codeLines"":210,""blankLines"":35,""language"":""YAML"",""commentLines"":0},{""codeLines"":1461,""blankLines"":220,""language"":""CSS"",""commentLines"":49},{""codeLines"":7302,""blankLines"":13,""language"":""HTML"",""commentLines"":0},{""codeLines"":13,""blankLines"":1,""language"":""TOML"",""commentLines"":0},{""codeLines"":266,""blankLines"":65,""language"":""Rust"",""commentLines"":18},{""codeLines"":16,""blankLines"":0,""language"":""SVG"",""commentLines"":0},{""codeLines"":2254,""blankLines"":738,""language"":""XML"",""commentLines"":0},{""codeLines"":1181,""blankLines"":9,""language"":""JavaScript"",""commentLines"":16},{""codeLines"":22,""blankLines"":0,""language"":""JSON"",""commentLines"":0},{""codeLines"":8103,""blankLines"":2369,""language"":""Markdown"",""commentLines"":0}]",2026-09-30T04:13:37,45effe45cc7adbc355c334a559fbc114fc2ec234,False,False,False,False,"{""Rust"":11905,""HTML"":2813,""JavaScript"":1440}",bug;dependencies;duplicate;enhancement;good first issue;help wanted;invalid;question;rust;wontfix,documentation;reference;rust;rust-lang;tutorial,33c8cf7e5a664df74062ada666a19d954133032d,10% Commit (34/342),Stylus
95666283,xingkongliang/skills-manager,False,616,9,83,467,Rust,main,MIT License,https://skillsmanager.dev,17,5456,28,42684,2026-03-02T12:38:18,2026-10-04T02:01:38,2026-10-04T02:59:09,378,205,139,33,6289.0,65277.0,7209.0,"[{""codeLines"":28,""blankLines"":0,""language"":""XML"",""commentLines"":7},{""codeLines"":17180,""blankLines"":1217,""language"":""TypeScript"",""commentLines"":545},{""codeLines"":9656,""blankLines"":4,""language"":""JSON"",""commentLines"":0},{""codeLines"":55,""blankLines"":4,""language"":""TOML"",""commentLines"":0},{""codeLines"":217,""blankLines"":3,""language"":""SVG"",""commentLines"":6},{""codeLines"":26,""blankLines"":4,""language"":""Awk"",""commentLines"":3},{""codeLines"":13,""blankLines"":0,""language"":""HTML"",""commentLines"":0},{""codeLines"":75,""blankLines"":18,""language"":""Text"",""commentLines"":0},{""codeLines"":301,""blankLines"":92,""language"":""Python"",""commentLines"":65},{""codeLines"":137,""blankLines"":26,""language"":""CSS"",""commentLines"":4},{""codeLines"":313,""blankLines"":41,""language"":""JavaScript"",""commentLines"":8},{""codeLines"":2681,""blankLines"":902,""language"":""Markdown"",""commentLines"":21},{""codeLines"":34028,""blankLines"":3911,""language"":""Rust"",""commentLines"":6465},{""codeLines"":567,""blankLines"":67,""language"":""YAML"",""commentLines"":85}]",2026-10-04T02:01:37,200ab519afbba7cbad3cfebb6e4a853399db9904,False,False,False,False,"{""Rust"":1667789,""TypeScript"":727041,""Python"":16237,""JavaScript"":11791,""CSS"":4946,""Awk"":654,""HTML"":363}",bug;discussion;documentation;duplicate;enhancement;good first issue;help wanted;invalid;known-issue;needs-info;question;wontfix,,v1.0.0,First Release,TypeScript
95666533,xintaofei/codeg,False,3187,34,198,487,Rust,main,Apache License 2.0,https://docs.codeg.app,10,3789,42,106503,2026-02-09T09:22:50,2026-10-03T06:20:25,2026-10-04T08:42:11,541,162,317,124,73220.0,743148.0,149941.0,"[{""codeLines"":834,""blankLines"":152,""language"":""Bourne Shell"",""commentLines"":212},{""codeLines"":12490,""blankLines"":2982,""language"":""YAML"",""commentLines"":127},{""codeLines"":29838,""blankLines"":8684,""language"":""Markdown"",""commentLines"":3},{""codeLines"":8920,""blankLines"":311,""language"":""JavaScript"",""commentLines"":1161},{""codeLines"":780,""blankLines"":224,""language"":""TeX"",""commentLines"":139},{""codeLines"":908,""blankLines"":121,""language"":""TOML"",""commentLines"":123},{""codeLines"":250,""blankLines"":49,""language"":""PowerShell"",""commentLines"":68},{""codeLines"":194,""blankLines"":17,""language"":""HTML"",""commentLines"":2},{""codeLines"":42,""blankLines"":8,""language"":""INI"",""commentLines"":0},{""codeLines"":76,""blankLines"":16,""language"":""Bourne Again Shell"",""commentLines"":35},{""codeLines"":65,""blankLines"":12,""language"":""Dockerfile"",""commentLines"":38},{""codeLines"":324879,""blankLines"":31732,""language"":""TypeScript"",""commentLines"":65114},{""codeLines"":65830,""blankLines"":0,""language"":""JSON"",""commentLines"":0},{""codeLines"":64,""blankLines"":8,""language"":""SVG"",""commentLines"":17},{""codeLines"":291468,""blankLines"":27436,""language"":""Rust"",""commentLines"":80774},{""codeLines"":4352,""blankLines"":1272,""language"":""Python"",""commentLines"":1492},{""codeLines"":2158,""blankLines"":196,""language"":""CSS"",""commentLines"":636}]",2026-10-03T06:19:44,98035964c0f3811dc80a5e9291b89cb6c0570fa0,True,False,False,False,"{""Rust"":19093619,""TypeScript"":16148662,""Python"":401501,""JavaScript"":385350,""CSS"":127528,""Shell"":45571,""TeX"":36974,""PowerShell"":20571,""HTML"":8094,""NSIS"":3509,""Dockerfile"":2842}",bug;documentation;duplicate;enhancement;good first issue;help wanted;invalid;question;wontfix,acp;ade;agent;claude-code;code-generation;codex;deepseek-harness;grok-build;gui;multi-agent;opencode;pi;terminal;vibe-coding;worktrees,v0.0.14,First Release,TypeScript
95674346,biomejs/gritql,False,379,232,183,126,Rust,main,MIT License,https://docs.grit.io/,11,4602,35,63080,2024-03-08T11:18:51,2026-09-30T11:48:12,2026-10-03T09:06:41,230,115,467,29,27234.0,4527183.0,20193.0,"[{""codeLines"":2943,""blankLines"":530,""language"":""C/C++ Header"",""commentLines"":132},{""codeLines"":1641,""blankLines"":393,""language"":""make"",""commentLines"":326},{""codeLines"":5060,""blankLines"":700,""language"":""Go"",""commentLines"":1706},{""codeLines"":12210,""blankLines"":1726,""language"":""TypeScript"",""commentLines"":1682},{""codeLines"":2,""blankLines"":0,""language"":""D"",""commentLines"":0},{""codeLines"":105,""blankLines"":32,""language"":""INI"",""commentLines"":0},{""codeLines"":16335,""blankLines"":2808,""language"":""Text"",""commentLines"":0},{""codeLines"":2904,""blankLines"":579,""language"":""Scheme"",""commentLines"":204},{""codeLines"":36,""blankLines"":2,""language"":""HCL"",""commentLines"":0},{""codeLines"":21,""blankLines"":0,""language"":""JSON5"",""commentLines"":0},{""codeLines"":1564,""blankLines"":221,""language"":""TOML"",""commentLines"":37},{""codeLines"":87,""blankLines"":26,""language"":""PHP"",""commentLines"":92},{""codeLines"":4211,""blankLines"":1372,""language"":""Markdown"",""commentLines"":21},{""codeLines"":6,""blankLines"":0,""language"":""MSBuild script"",""commentLines"":0},{""codeLines"":7032,""blankLines"":978,""language"":""Python"",""commentLines"":945},{""codeLines"":4027389,""blankLines"":1638,""language"":""C"",""commentLines"":475},{""codeLines"":367,""blankLines"":89,""language"":""C#"",""commentLines"":917},{""codeLines"":40,""blankLines"":5,""language"":""Java"",""commentLines"":17},{""codeLines"":477,""blankLines"":1,""language"":""Jupyter Notebook"",""commentLines"":1938},{""codeLines"":1346,""blankLines"":36,""language"":""Diff"",""commentLines"":244},{""codeLines"":8229,""blankLines"":1767,""language"":""YAML"",""commentLines"":45},{""codeLines"":317892,""blankLines"":19,""language"":""JSON"",""commentLines"":0},{""codeLines"":184,""blankLines"":124,""language"":""Elixir"",""commentLines"":911},{""codeLines"":785,""blankLines"":259,""language"":""C++"",""commentLines"":9},{""codeLines"":38,""blankLines"":6,""language"":""Vuejs Component"",""commentLines"":0},{""codeLines"":142,""blankLines"":31,""language"":""Kotlin"",""commentLines"":1},{""codeLines"":56,""blankLines"":16,""language"":""CMake"",""commentLines"":4},{""codeLines"":67820,""blankLines"":7887,""language"":""Rust"",""commentLines"":4370},{""codeLines"":50,""blankLines"":0,""language"":""SVG"",""commentLines"":0},{""codeLines"":13,""blankLines"":1,""language"":""Nix"",""commentLines"":0},{""codeLines"":299,""blankLines"":90,""language"":""Bourne Again Shell"",""commentLines"":15},{""codeLines"":32887,""blankLines"":5680,""language"":""JavaScript"",""commentLines"":6032},{""codeLines"":15,""blankLines"":4,""language"":""Solidity"",""commentLines"":2},{""codeLines"":13606,""blankLines"":67,""language"":""CSS"",""commentLines"":27},{""codeLines"":177,""blankLines"":51,""language"":""Bourne Shell"",""commentLines"":16},{""codeLines"":470,""blankLines"":63,""language"":""HTML"",""commentLines"":5},{""codeLines"":31,""blankLines"":0,""language"":""SQL"",""commentLines"":0},{""codeLines"":20,""blankLines"":4,""language"":""Maven"",""commentLines"":0},{""codeLines"":693,""blankLines"":29,""language"":""Swift"",""commentLines"":20}]",2026-08-30T08:19:12,4ca283484ab9bd11ca3cbc9e14b5ad2db5d61a37,False,False,False,False,"{""Rust"":2349278,""Jupyter Notebook"":76764,""TypeScript"":52609,""JavaScript"":27556,""Python"":7529,""Shell"":5073,""RenderScript"":4123,""Vue"":1500,""HCL"":720,""HTML"":711,""PLSQL"":306,""Kotlin"":232}",AST surprise;Tusk;Tusk Investigator;bug;documentation;duplicate;enhancement;eval;fine;go;good first issue;help wanted;invalid;language;needs reproduction;python;question;rewrite heuristics;ruby;rust;small;wontfix;workflows;💎 bounty;💰 rewarded;🙋 bounty claim,ast;codemod;javascript;linter;refactoring;rust;search;tree-sitter,v0.1.0-alpha.1715733897,First Release,C
95677937,Chunyu33/light-c,False,361,2,51,111,Rust,main,Other,https://www.lightc.app/,4,2814,1,10921,2026-01-26T08:25:42,2026-10-04T06:49:17,2026-10-04T01:42:13,43,2,43,0,6229.0,54989.0,6028.0,"[{""codeLines"":197,""blankLines"":26,""language"":""HTML"",""commentLines"":0},{""codeLines"":41,""blankLines"":5,""language"":""TOML"",""commentLines"":16},{""codeLines"":25,""blankLines"":6,""language"":""Python"",""commentLines"":3},{""codeLines"":755,""blankLines"":133,""language"":""CSS"",""commentLines"":114},{""codeLines"":3,""blankLines"":0,""language"":""DOS Batch"",""commentLines"":0},{""codeLines"":7209,""blankLines"":2,""language"":""JSON"",""commentLines"":0},{""codeLines"":18966,""blankLines"":2026,""language"":""TypeScript"",""commentLines"":2204},{""codeLines"":924,""blankLines"":424,""language"":""Markdown"",""commentLines"":0},{""codeLines"":206,""blankLines"":43,""language"":""PowerShell"",""commentLines"":4},{""codeLines"":25680,""blankLines"":3408,""language"":""Rust"",""commentLines"":3509},{""codeLines"":105,""blankLines"":14,""language"":""SVG"",""commentLines"":15},{""codeLines"":579,""blankLines"":98,""language"":""JavaScript"",""commentLines"":140},{""codeLines"":299,""blankLines"":44,""language"":""YAML"",""commentLines"":23}]",2026-09-30T06:36:02,23670274d0f1d8777964235008855374d788cd4c,True,False,False,False,"{""Rust"":1178816,""TypeScript"":966997,""CSS"":47139,""JavaScript"":27769,""PowerShell"":10608,""HTML"":8171,""NSIS"":7094,""Python"":1049,""Batchfile"":73}",bug;documentation;duplicate;enhancement;good first issue;help wanted;invalid;question;wontfix,,v2.0.0,First Release,TypeScript
95678237,cubezhao/ai-tools-mng,False,384,1,71,209,Rust,main,MIT License,https://cubezhao.github.io/ai-tools-mng/,10,1181,11,10180,2025-07-08T01:48:37,2026-09-10T06:14:30,2026-09-16T06:30:25,68,4,27,0,11089.0,106689.0,6647.0,"[{""codeLines"":7540,""blankLines"":334,""language"":""JavaScript"",""commentLines"":174},{""codeLines"":74,""blankLines"":0,""language"":""XML"",""commentLines"":0},{""codeLines"":232,""blankLines"":42,""language"":""Bourne Shell"",""commentLines"":28},{""codeLines"":51,""blankLines"":15,""language"":""NAnt script"",""commentLines"":0},{""codeLines"":467,""blankLines"":206,""language"":""Markdown"",""commentLines"":0},{""codeLines"":2058,""blankLines"":466,""language"":""YAML"",""commentLines"":22},{""codeLines"":462,""blankLines"":118,""language"":""CSS"",""commentLines"":22},{""codeLines"":40296,""blankLines"":5631,""language"":""Rust"",""commentLines"":3626},{""codeLines"":1133,""blankLines"":1,""language"":""SVG"",""commentLines"":2},{""codeLines"":16247,""blankLines"":1,""language"":""JSON"",""commentLines"":0},{""codeLines"":68,""blankLines"":25,""language"":""Dockerfile"",""commentLines"":27},{""codeLines"":13,""blankLines"":1,""language"":""HTML"",""commentLines"":0},{""codeLines"":43,""blankLines"":9,""language"":""PowerShell"",""commentLines"":8},{""codeLines"":75,""blankLines"":10,""language"":""TOML"",""commentLines"":10},{""codeLines"":37930,""blankLines"":4230,""language"":""Vuejs Component"",""commentLines"":2728}]",2026-09-10T06:14:28,a41459979008a3940431f3c32ef7c83f1867b45a,False,False,False,False,"{""Rust"":1666050,""Vue"":1599635,""JavaScript"":283865,""CSS"":14234,""Shell"":9471,""PowerShell"":2229,""HTML"":370}",bug;documentation;duplicate;enhancement;good first issue;help wanted;invalid;question;wontfix,,v0.1.0,First Release,Vue
95678966,JoasASantos/NeuroSploit,False,268,30,29,334,Rust,main,MIT License,,19,1412,5,54582,2025-08-17T02:58:58,2026-10-04T11:01:55,2026-10-04T11:01:36,21,0,24,1,9720.0,69931.0,10498.0,"[{""codeLines"":5,""blankLines"":0,""language"":""SVG"",""commentLines"":0},{""codeLines"":58,""blankLines"":7,""language"":""TOML"",""commentLines"":0},{""codeLines"":22467,""blankLines"":2027,""language"":""Rust"",""commentLines"":8762},{""codeLines"":1,""blankLines"":0,""language"":""XML"",""commentLines"":0},{""codeLines"":19407,""blankLines"":1700,""language"":""TypeScript"",""commentLines"":521},{""codeLines"":13,""blankLines"":0,""language"":""JSON"",""commentLines"":0},{""codeLines"":290,""blankLines"":96,""language"":""Dockerfile"",""commentLines"":99},{""codeLines"":102,""blankLines"":24,""language"":""Python"",""commentLines"":29},{""codeLines"":766,""blankLines"":118,""language"":""CSS"",""commentLines"":134},{""codeLines"":612,""blankLines"":36,""language"":""HTML"",""commentLines"":15},{""codeLines"":86,""blankLines"":11,""language"":""PowerShell"",""commentLines"":15},{""codeLines"":284,""blankLines"":49,""language"":""YAML"",""commentLines"":118},{""codeLines"":25,""blankLines"":4,""language"":""SQL"",""commentLines"":7},{""codeLines"":168,""blankLines"":19,""language"":""Bourne Shell"",""commentLines"":37},{""codeLines"":2955,""blankLines"":274,""language"":""JavaScript"",""commentLines"":692},{""codeLines"":22380,""blankLines"":5333,""language"":""Markdown"",""commentLines"":34},{""codeLines"":129,""blankLines"":3,""language"":""Text"",""commentLines"":0},{""codeLines"":183,""blankLines"":19,""language"":""Typst"",""commentLines"":35}]",2026-10-04T11:01:29,94404555aaaefbcca4e4a0c1a99753e0af0dc9da,True,False,False,False,"{""Rust"":1686391,""TypeScript"":936524,""JavaScript"":200452,""CSS"":52702,""HTML"":40370,""Shell"":9829,""Typst"":9006,""Python"":5818,""PowerShell"":5380}",bug;dependencies;documentation;duplicate;enhancement;good first issue;help wanted;invalid;question;rust;wontfix,ai-agents;ai-penetration-testing;ai-security;ctf-tools;cybersecurity;ethical-hacking;ethical-hacking-tools;framework;hacking;kali-linux;kali-linux-hacking;kali-linux-tools;kali-tools;llm;penetration-testing;penetration-testing-framework;penetration-testing-tools;pentesting;redteam-tools;redteaming,1.0.0,First Release,Python
95687710,microsoft/RustTraining,False,170,3,0,1173,Rust,main,MIT License,,84,14914,40,1589,2026-03-13T04:25:17,2026-09-28T05:36:14,2026-10-03T11:14:46,41,1,76,3,14794.0,64862.0,273.0,"[{""codeLines"":2222,""blankLines"":267,""language"":""JavaScript"",""commentLines"":159},{""codeLines"":134,""blankLines"":22,""language"":""YAML"",""commentLines"":9},{""codeLines"":61901,""blankLines"":14416,""language"":""Markdown"",""commentLines"":49},{""codeLines"":50,""blankLines"":12,""language"":""Dockerfile"",""commentLines"":31},{""codeLines"":423,""blankLines"":48,""language"":""Rust"",""commentLines"":25},{""codeLines"":132,""blankLines"":29,""language"":""TOML"",""commentLines"":0}]",2026-09-11T02:47:45,278f1d7ee0e5432c1a4e1e4d2a749796f60e7711,True,False,False,False,"{""Rust"":16024,""JavaScript"":8834,""Dockerfile"":4597}",bug;dependencies;documentation;duplicate;enhancement;github_actions;good first issue;help wanted;invalid;question;wontfix,,f774d7f8a67c337e180b57c5e75afe4bf8622399,10% Commit (17/170),JavaScript
95687727,aws/aws-lambda-web-adapter,False,631,67,31,163,Rust,main,Apache License 2.0,,24,2752,47,38773,2021-08-19T05:08:38,2026-09-28T08:49:16,2026-10-03T10:27:50,167,11,667,67,19985.0,137764.0,7180.0,"[{""codeLines"":2,""blankLines"":1,""language"":""Bourne Again Shell"",""commentLines"":0},{""codeLines"":35079,""blankLines"":8191,""language"":""CSS"",""commentLines"":177},{""codeLines"":55,""blankLines"":6,""language"":""HTML"",""commentLines"":0},{""codeLines"":57181,""blankLines"":6,""language"":""JSON"",""commentLines"":0},{""codeLines"":214,""blankLines"":36,""language"":""Dockerfile"",""commentLines"":5},{""codeLines"":449,""blankLines"":104,""language"":""Java"",""commentLines"":12},{""codeLines"":1,""blankLines"":0,""language"":""Properties"",""commentLines"":0},{""codeLines"":76,""blankLines"":24,""language"":""make"",""commentLines"":6},{""codeLines"":652,""blankLines"":115,""language"":""Bourne Shell"",""commentLines"":317},{""codeLines"":161,""blankLines"":10,""language"":""Razor"",""commentLines"":0},{""codeLines"":21270,""blankLines"":6048,""language"":""JavaScript"",""commentLines"":4246},{""codeLines"":139,""blankLines"":8,""language"":""Maven"",""commentLines"":0},{""codeLines"":3770,""blankLines"":606,""language"":""Rust"",""commentLines"":1379},{""codeLines"":176,""blankLines"":9,""language"":""Text"",""commentLines"":0},{""codeLines"":627,""blankLines"":195,""language"":""Python"",""commentLines"":87},{""codeLines"":43,""blankLines"":1,""language"":""SVG"",""commentLines"":0},{""codeLines"":163,""blankLines"":169,""language"":""INI"",""commentLines"":584},{""codeLines"":23,""blankLines"":6,""language"":""Go"",""commentLines"":0},{""codeLines"":1498,""blankLines"":170,""language"":""TypeScript"",""commentLines"":38},{""codeLines"":147,""blankLines"":35,""language"":""DOS Batch"",""commentLines"":0},{""codeLines"":14,""blankLines"":3,""language"":""Ruby"",""commentLines"":1},{""codeLines"":173,""blankLines"":19,""language"":""TOML"",""commentLines"":14},{""codeLines"":1,""blankLines"":0,""language"":""Handlebars"",""commentLines"":0},{""codeLines"":11633,""blankLines"":2515,""language"":""YAML"",""commentLines"":299},{""codeLines"":60,""blankLines"":3,""language"":""Visual Studio Solution"",""commentLines"":3},{""codeLines"":2,""blankLines"":0,""language"":""Svelte"",""commentLines"":0},{""codeLines"":4,""blankLines"":3,""language"":""PHP"",""commentLines"":0},{""codeLines"":14,""blankLines"":0,""language"":""XML"",""commentLines"":0},{""codeLines"":3943,""blankLines"":1644,""language"":""Markdown"",""commentLines"":0},{""codeLines"":31,""blankLines"":7,""language"":""MSBuild script"",""commentLines"":0},{""codeLines"":163,""blankLines"":51,""language"":""C#"",""commentLines"":12}]",2026-09-18T10:44:47,64a89c21ac9b17b90bd32a3b5f1fc6cdef0f80be,True,False,False,False,"{""Rust"":235490,""Makefile"":1598,""JavaScript"":479,""Dockerfile"":199,""Shell"":54}",bug;dependencies;documentation;duplicate;enhancement;github_actions;go;good first issue;help wanted;invalid;java;javascript;python;question;ruby;rust;wontfix,aws-lambda;lambda,v0.1.0,First Release,Shell
95691319,run-llama/liteparse,False,1150,37,203,870,Rust,main,Apache License 2.0,https://developers.llamaindex.ai/liteparse/,40,12785,32,15292,2026-02-09T10:16:30,2026-10-04T01:38:09,2026-10-04T02:54:58,143,19,337,18,6711.0,62532.0,11014.0,"[{""codeLines"":606,""blankLines"":81,""language"":""JavaScript"",""commentLines"":103},{""codeLines"":321,""blankLines"":39,""language"":""TOML"",""commentLines"":9},{""codeLines"":98,""blankLines"":38,""language"":""Dockerfile"",""commentLines"":42},{""codeLines"":1692,""blankLines"":0,""language"":""JSON"",""commentLines"":0},{""codeLines"":2493,""blankLines"":183,""language"":""TypeScript"",""commentLines"":724},{""codeLines"":589,""blankLines"":88,""language"":""HTML"",""commentLines"":1},{""codeLines"":3951,""blankLines"":921,""language"":""Python"",""commentLines"":1334},{""codeLines"":23,""blankLines"":8,""language"":""make"",""commentLines"":0},{""codeLines"":4409,""blankLines"":1495,""language"":""Markdown"",""commentLines"":0},{""codeLines"":11,""blankLines"":0,""language"":""C/C++ Header"",""commentLines"":0},{""codeLines"":45232,""blankLines"":3333,""language"":""Rust"",""commentLines"":8469},{""codeLines"":810,""blankLines"":155,""language"":""Bourne Shell"",""commentLines"":291},{""codeLines"":2297,""blankLines"":370,""language"":""YAML"",""commentLines"":41}]",2026-10-02T07:57:46,b2a87350e5a40638d8e39d47875a6b8f4e4a0faf,True,False,False,False,"{""Rust"":2137450,""Python"":217903,""TypeScript"":91174,""Shell"":48245,""JavaScript"":27875,""HTML"":22534,""Dockerfile"":4717,""Makefile"":888,""C"":277}",bug;dependencies;documentation;duplicate;enhancement;good first issue;help wanted;invalid;javascript;output-approved;output-changed;python:uv;question;rust;wontfix,document-ocr;document-processing;ocr;ocr-recognition;pdf;pdf-parser;text-extraction,v1.0.0,First Release,TypeScript
95701225,cangzhang/champr,False,1106,15,94,133,Rust,main,GNU Lesser General Public License v2.1,,10,1719,7,18202,2020-01-22T07:49:02,2026-04-17T12:51:41,2026-04-22T01:02:28,199,8,55,2,1493.0,7746.0,363.0,"[{""codeLines"":85,""blankLines"":7,""language"":""TOML"",""commentLines"":2},{""codeLines"":2404,""blankLines"":668,""language"":""YAML"",""commentLines"":5},{""codeLines"":54,""blankLines"":27,""language"":""Markdown"",""commentLines"":1},{""codeLines"":2,""blankLines"":0,""language"":""Windows Resource File"",""commentLines"":0},{""codeLines"":1314,""blankLines"":212,""language"":""TypeScript"",""commentLines"":274},{""codeLines"":10,""blankLines"":0,""language"":""XML"",""commentLines"":0},{""codeLines"":229,""blankLines"":36,""language"":""Slint"",""commentLines"":18},{""codeLines"":61,""blankLines"":0,""language"":""JSON"",""commentLines"":0},{""codeLines"":14,""blankLines"":7,""language"":""Dockerfile"",""commentLines"":0},{""codeLines"":3536,""blankLines"":532,""language"":""Rust"",""commentLines"":63},{""codeLines"":35,""blankLines"":4,""language"":""SQL"",""commentLines"":0},{""codeLines"":2,""blankLines"":0,""language"":""SVG"",""commentLines"":0}]",2026-04-17T12:51:37,8d321f075ddb11f439f6fa91331a55b172eca86c,True,False,False,False,"{""Rust"":126512,""TypeScript"":54683,""Slint"":8818,""Dockerfile"":440,""Just"":97}",bug;data-maker;dependencies;documentation;duplicate;enhancement;faq;feature request;good first issue;help wanted;invalid;lcu;need more infomation;question;tencent server;u.gg-aram;v1.1.10;v1.1.5;v1.2.3;wontfix,league-of-legends;windows-10;windows-11,v0.5.7-1,First Release,JavaScript
95701695,rivet-dev/agent-os,False,87,8,8,151,Rust,main,Apache License 2.0,https://www.rivet.dev/agent-os,13,3011,2,32412,2024-02-07T01:06:25,2026-06-14T05:28:50,2026-06-15T07:01:28,20,20,1193,8,18678.0,132010.0,8187.0,"[{""codeLines"":13,""blankLines"":3,""language"":""JSX"",""commentLines"":0},{""codeLines"":524,""blankLines"":107,""language"":""Astro"",""commentLines"":87},{""codeLines"":77,""blankLines"":17,""language"":""Dockerfile"",""commentLines"":31},{""codeLines"":164,""blankLines"":10,""language"":""Diff"",""commentLines"":77},{""codeLines"":14,""blankLines"":1,""language"":""CMake"",""commentLines"":0},{""codeLines"":454,""blankLines"":67,""language"":""CSS"",""commentLines"":25},{""codeLines"":7122,""blankLines"":1227,""language"":""C"",""commentLines"":1111},{""codeLines"":656,""blankLines"":93,""language"":""HTML"",""commentLines"":0},{""codeLines"":4034,""blankLines"":0,""language"":""JSON"",""commentLines"":0},{""codeLines"":61699,""blankLines"":7057,""language"":""TypeScript"",""commentLines"":3477},{""codeLines"":19618,""blankLines"":1874,""language"":""Rust"",""commentLines"":2535},{""codeLines"":133,""blankLines"":15,""language"":""TOML"",""commentLines"":18},{""codeLines"":549,""blankLines"":16,""language"":""SVG"",""commentLines"":22},{""codeLines"":872,""blankLines"":221,""language"":""C/C++ Header"",""commentLines"":385},{""codeLines"":18523,""blankLines"":4722,""language"":""YAML"",""commentLines"":51},{""codeLines"":6628,""blankLines"":2053,""language"":""Markdown"",""commentLines"":2},{""codeLines"":671,""blankLines"":125,""language"":""Bourne Shell"",""commentLines"":46},{""codeLines"":3,""blankLines"":1,""language"":""Text"",""commentLines"":0},{""codeLines"":141,""blankLines"":17,""language"":""Freemarker Template"",""commentLines"":0},{""codeLines"":934,""blankLines"":160,""language"":""make"",""commentLines"":115},{""codeLines"":9181,""blankLines"":892,""language"":""JavaScript"",""commentLines"":205}]",2026-06-14T05:28:49,40cfe2c50bc08e4ae2631d1613f3d0a07a13ad8c,False,False,False,False,"{""Rust"":8886817,""TypeScript"":1946289,""JavaScript"":1324513,""C"":345484,""Shell"":61962,""Makefile"":47006,""HTML"":17529,""Fluent"":7580,""Just"":1973,""Dockerfile"":836,""CMake"":502,""Astro"":224}",autorelease: pending;autorelease: tagged;bug;documentation;duplicate;enhancement;good first issue;help wanted;hotfix;invalid;investigate;maintenance;merge queue;platform/cloudflare-workers;question;wontfix,agent;ai;javascript;llm;sandbox;v8;wasm;webassembly,v0.1.0-rc.1,First Release,JavaScript
95701777,bee-san/Ciphey,False,3101,67,30,1444,Rust,master,MIT License,,224,21649,49,77443,2019-07-16T08:20:39,2026-10-03T04:03:19,2026-10-04T11:56:01,451,57,629,12,3579.0,16982.0,2534.0,"[{""codeLines"":12,""blankLines"":1,""language"":""Dockerfile"",""commentLines"":1},{""codeLines"":9821,""blankLines"":1605,""language"":""Rust"",""commentLines"":2457},{""codeLines"":3,""blankLines"":0,""language"":""SVG"",""commentLines"":0},{""codeLines"":1039,""blankLines"":45,""language"":""Text"",""commentLines"":0},{""codeLines"":81,""blankLines"":12,""language"":""TOML"",""commentLines"":10},{""codeLines"":584,""blankLines"":65,""language"":""YAML"",""commentLines"":66},{""codeLines"":5442,""blankLines"":1851,""language"":""Markdown"",""commentLines"":0}]",2026-10-03T04:03:17,a689296712251193f8cf38a07dff33205b8225db,True,False,False,False,"{""Rust"":3094437,""Python"":7144,""Tape"":6726,""Dockerfile"":509,""Just"":413}",adoption;arg;ausearch;bug;community;dependencies;documentation;duplicate;enhancement;feature_request;fix now;good first issue;hacktoberfest;hacktoberfest-accepted;help wanted;invalid;maintenance;new decoder;priority: high;priority: low;priority: medium;question;rust;spam;stale;todo :spiral_notepad:;warning;wontfix,artificial-intelligence;cipher;cpp;cryptography;ctf;ctf-tools;cyberchef-magic;decryption;deep-neural-network;encodings;encryptions;hacking;hacktoberfest;hashes;natural-language-processing;pentesting;python,4,First Release,Python
95726852,injaneity/pi-computer-use,False,245,11,23,141,Rust,main,MIT License,,4,2027,10,34476,2026-04-20T10:18:18,2026-09-27T07:22:53,2026-10-03T06:47:58,30,7,54,10,2360.0,27240.0,690.0,"[{""codeLines"":5398,""blankLines"":0,""language"":""JSON"",""commentLines"":0},{""codeLines"":10,""blankLines"":0,""language"":""XML"",""commentLines"":0},{""codeLines"":6105,""blankLines"":627,""language"":""TypeScript"",""commentLines"":132},{""codeLines"":2592,""blankLines"":295,""language"":""JavaScript"",""commentLines"":76},{""codeLines"":545,""blankLines"":78,""language"":""YAML"",""commentLines"":8},{""codeLines"":1037,""blankLines"":435,""language"":""Markdown"",""commentLines"":0},{""codeLines"":29,""blankLines"":6,""language"":""Bourne Shell"",""commentLines"":22},{""codeLines"":43,""blankLines"":5,""language"":""TOML"",""commentLines"":0},{""codeLines"":7754,""blankLines"":577,""language"":""Rust"",""commentLines"":357},{""codeLines"":3727,""blankLines"":337,""language"":""Swift"",""commentLines"":95}]",2026-08-31T07:12:07,4b8dbd7eaa13328ab1a8a4b55d0be0b077de7d62,True,False,False,False,"{""Rust"":295550,""TypeScript"":288493,""Swift"":169355,""JavaScript"":140809,""Shell"":2145}",bug;dependencies;documentation;duplicate;enhancement;github_actions;good first issue;help wanted;invalid;javascript;question;wontfix,,v0.1.1,First Release,TypeScript
95731865,kunkka19xx/look,False,458,19,65,65,Rust,main,GNU General Public License v3.0,https://noah-code.com/docs/look,5,1127,14,46355,2026-04-04T07:54:34,2026-10-03T06:57:44,2026-10-04T09:33:03,165,26,355,3,17051.0,121391.0,18304.0,"[{""codeLines"":30,""blankLines"":5,""language"":""Text"",""commentLines"":0},{""codeLines"":5047,""blankLines"":839,""language"":""CSS"",""commentLines"":680},{""codeLines"":389,""blankLines"":63,""language"":""TOML"",""commentLines"":119},{""codeLines"":31782,""blankLines"":4485,""language"":""Swift"",""commentLines"":6160},{""codeLines"":1354,""blankLines"":55,""language"":""HTML"",""commentLines"":71},{""codeLines"":519,""blankLines"":63,""language"":""Nix"",""commentLines"":75},{""codeLines"":12473,""blankLines"":1815,""language"":""JavaScript"",""commentLines"":2577},{""codeLines"":115,""blankLines"":13,""language"":""MSBuild script"",""commentLines"":50},{""codeLines"":10919,""blankLines"":1764,""language"":""C#"",""commentLines"":495},{""codeLines"":49601,""blankLines"":5888,""language"":""Rust"",""commentLines"":7827},{""codeLines"":336,""blankLines"":76,""language"":""Bourne Shell"",""commentLines"":35},{""codeLines"":1133,""blankLines"":189,""language"":""YAML"",""commentLines"":75},{""codeLines"":4889,""blankLines"":1583,""language"":""Markdown"",""commentLines"":11},{""codeLines"":5,""blankLines"":1,""language"":""make"",""commentLines"":7},{""codeLines"":380,""blankLines"":72,""language"":""PowerShell"",""commentLines"":77},{""codeLines"":15,""blankLines"":0,""language"":""DOS Batch"",""commentLines"":7},{""codeLines"":671,""blankLines"":13,""language"":""JSON"",""commentLines"":0},{""codeLines"":33,""blankLines"":0,""language"":""XML"",""commentLines"":7},{""codeLines"":1700,""blankLines"":127,""language"":""XAML"",""commentLines"":31}]",2026-10-03T04:35:50,50057c5c5646d7c02612bbf2901d5c8a1ec1259d,True,False,False,False,"{""Rust"":2266750,""Swift"":1785526,""JavaScript"":620989,""C#"":446496,""CSS"":162970,""HTML"":66970,""Nix"":19559,""PowerShell"":18636,""Shell"":14197,""Batchfile"":881,""Makefile"":489}",bug;dependencies;documentation;duplicate;enhancement;feature;help wanted;invalid;issue;linows;linux;macos;picked;question;windows;wontfix,cross-platform;launcher;linux;macos;made-in-vietnam;opensource;productivity;rofi-macos;rust;spotlight;swift;tauri;windows,v0.1.0,First Release,Swift
95738459,russellromney/honker,False,413,62,4,79,Rust,main,Other,https://honker.dev,9,3033,8,2856,2026-04-18T09:19:35,2026-10-03T01:54:07,2026-10-04T04:27:38,44,19,129,25,9768.0,62260.0,8692.0,"[{""codeLines"":4717,""blankLines"":742,""language"":""C#"",""commentLines"":111},{""codeLines"":239,""blankLines"":42,""language"":""TOML"",""commentLines"":83},{""codeLines"":9557,""blankLines"":2687,""language"":""Python"",""commentLines"":3390},{""codeLines"":1159,""blankLines"":147,""language"":""Bourne Shell"",""commentLines"":85},{""codeLines"":3075,""blankLines"":738,""language"":""Elixir"",""commentLines"":418},{""codeLines"":3534,""blankLines"":919,""language"":""Markdown"",""commentLines"":0},{""codeLines"":5448,""blankLines"":519,""language"":""JavaScript"",""commentLines"":456},{""codeLines"":1105,""blankLines"":172,""language"":""C/C++ Header"",""commentLines"":86},{""codeLines"":325,""blankLines"":14,""language"":""Maven"",""commentLines"":5},{""codeLines"":1863,""blankLines"":133,""language"":""YAML"",""commentLines"":248},{""codeLines"":654,""blankLines"":123,""language"":""Zig"",""commentLines"":51},{""codeLines"":78,""blankLines"":13,""language"":""MSBuild script"",""commentLines"":0},{""codeLines"":11178,""blankLines"":1150,""language"":""Rust"",""commentLines"":2507},{""codeLines"":5446,""blankLines"":794,""language"":""Java"",""commentLines"":92},{""codeLines"":368,""blankLines"":61,""language"":""Kotlin"",""commentLines"":2},{""codeLines"":1395,""blankLines"":216,""language"":""C++"",""commentLines"":25},{""codeLines"":112,""blankLines"":28,""language"":""make"",""commentLines"":26},{""codeLines"":3657,""blankLines"":418,""language"":""Go"",""commentLines"":340},{""codeLines"":2710,""blankLines"":325,""language"":""TypeScript"",""commentLines"":370},{""codeLines"":2904,""blankLines"":0,""language"":""JSON"",""commentLines"":0},{""codeLines"":2736,""blankLines"":527,""language"":""Ruby"",""commentLines"":397}]",2026-10-02T10:55:15,f4e53c6b83ad2d6979c04098d576db024ce7e98d,True,False,False,False,"{""Rust"":536148,""Python"":521917,""JavaScript"":211812,""C#"":179184,""Elixir"":130243,""Go"":113131,""Ruby"":112308,""C++"":103483,""TypeScript"":93884,""Shell"":46602,""Zig"":26414,""Java"":19267,""Makefile"":5860,""Kotlin"":3343}",bug;dependencies;documentation;duplicate;elixir;enhancement;github_actions;go;good first issue;help wanted;invalid;java;javascript;question;rust;wontfix,,ext-v0.4.0,First Release,Python
95741839,dmtrKovalenko/fff,False,520,301,830,457,Rust,main,MIT License,https://fff.dmtrkovalenko.dev/,24,10925,98,9687,2025-07-31T10:01:49,2026-10-04T01:05:47,2026-10-04T02:39:00,375,50,516,27,11224.0,73860.0,12057.0,"[{""codeLines"":5242,""blankLines"":0,""language"":""JSON"",""commentLines"":0},{""codeLines"":8880,""blankLines"":1514,""language"":""TypeScript"",""commentLines"":2881},{""codeLines"":403,""blankLines"":101,""language"":""Text"",""commentLines"":0},{""codeLines"":250,""blankLines"":31,""language"":""C"",""commentLines"":35},{""codeLines"":1198,""blankLines"":260,""language"":""Python"",""commentLines"":84},{""codeLines"":207,""blankLines"":30,""language"":""PowerShell"",""commentLines"":24},{""codeLines"":402,""blankLines"":68,""language"":""TOML"",""commentLines"":39},{""codeLines"":50,""blankLines"":8,""language"":""Ruby"",""commentLines"":2},{""codeLines"":591,""blankLines"":118,""language"":""JavaScript"",""commentLines"":186},{""codeLines"":8915,""blankLines"":1791,""language"":""Lua"",""commentLines"":1585},{""codeLines"":277,""blankLines"":54,""language"":""make"",""commentLines"":31},{""codeLines"":1404,""blankLines"":488,""language"":""Markdown"",""commentLines"":0},{""codeLines"":375,""blankLines"":128,""language"":""C/C++ Header"",""commentLines"":1008},{""codeLines"":43183,""blankLines"":6160,""language"":""Rust"",""commentLines"":5962},{""codeLines"":971,""blankLines"":208,""language"":""Bourne Shell"",""commentLines"":120},{""codeLines"":1395,""blankLines"":241,""language"":""YAML"",""commentLines"":83},{""codeLines"":117,""blankLines"":24,""language"":""Nix"",""commentLines"":17}]",2026-10-04T12:34:01,266cde1f080951f8f36bf05b8d630943216f9997,True,False,False,False,"{""Rust"":1890721,""Lua"":440718,""TypeScript"":439199,""C"":60022,""Python"":52783,""Shell"":49523,""JavaScript"":30771,""Makefile"":15681,""PowerShell"":8801,""Nix"":4897,""Ruby"":1848}",bug;build;documentation;duplicate;enhancement;feature-request;good first issue;help wanted;invalid;potentially-fixed;question;triaged;wontfix,bun;fff;filesearch;fzf;grep;lua;neovim;neovim-plugin;nodejs;python;rust,1acb57f,First Release,Lua
95754539,t8y2/dbx,False,6971,12,276,1960,Rust,main,Apache License 2.0,https://dbxio.com,93,20201,283,136561,2026-04-29T03:00:36,2026-09-20T06:53:30,2026-09-20T08:43:08,6388,1487,3234,52,160882.0,1592238.0,70879.0,"[{""codeLines"":147470,""blankLines"":13309,""language"":""Go"",""commentLines"":4120},{""codeLines"":529752,""blankLines"":56259,""language"":""TypeScript"",""commentLines"":21050},{""codeLines"":208,""blankLines"":46,""language"":""DOS Batch"",""commentLines"":0},{""codeLines"":24,""blankLines"":0,""language"":""SQL"",""commentLines"":0},{""codeLines"":28,""blankLines"":7,""language"":""Ruby"",""commentLines"":3},{""codeLines"":878,""blankLines"":148,""language"":""PowerShell"",""commentLines"":25},{""codeLines"":1819,""blankLines"":328,""language"":""TOML"",""commentLines"":141},{""codeLines"":109,""blankLines"":29,""language"":""make"",""commentLines"":0},{""codeLines"":297,""blankLines"":67,""language"":""Text"",""commentLines"":0},{""codeLines"":38,""blankLines"":6,""language"":""Svelte"",""commentLines"":0},{""codeLines"":583,""blankLines"":72,""language"":""PHP"",""commentLines"":17},{""codeLines"":23287,""blankLines"":8942,""language"":""Markdown"",""commentLines"":128},{""codeLines"":18,""blankLines"":0,""language"":""XML"",""commentLines"":0},{""codeLines"":9,""blankLines"":0,""language"":""Properties"",""commentLines"":0},{""codeLines"":25737,""blankLines"":3624,""language"":""YAML"",""commentLines"":334},{""codeLines"":631,""blankLines"":83,""language"":""Gradle"",""commentLines"":24},{""codeLines"":2762,""blankLines"":410,""language"":""Python"",""commentLines"":135},{""codeLines"":10,""blankLines"":0,""language"":""Diff"",""commentLines"":4},{""codeLines"":22210,""blankLines"":0,""language"":""JSON"",""commentLines"":0},{""codeLines"":203064,""blankLines"":17340,""language"":""Vuejs Component"",""commentLines"":6203},{""codeLines"":105,""blankLines"":9,""language"":""Dockerfile"",""commentLines"":19},{""codeLines"":24,""blankLines"":8,""language"":""ProGuard"",""commentLines"":3},{""codeLines"":62728,""blankLines"":6768,""language"":""Java"",""commentLines"":1222},{""codeLines"":893,""blankLines"":123,""language"":""Kotlin"",""commentLines"":113},{""codeLines"":866,""blankLines"":128,""language"":""Bourne Shell"",""commentLines"":141},{""codeLines"":16241,""blankLines"":1692,""language"":""JavaScript"",""commentLines"":159},{""codeLines"":131,""blankLines"":3,""language"":""Maven"",""commentLines"":0},{""codeLines"":299,""blankLines"":37,""language"":""Nix"",""commentLines"":98},{""codeLines"":41,""blankLines"":7,""language"":""zsh"",""commentLines"":2},{""codeLines"":543094,""blankLines"":50426,""language"":""Rust"",""commentLines"":36585},{""codeLines"":1264,""blankLines"":8,""language"":""SVG"",""commentLines"":53},{""codeLines"":65,""blankLines"":10,""language"":""Bourne Again Shell"",""commentLines"":1},{""codeLines"":6311,""blankLines"":889,""language"":""CSS"",""commentLines"":298},{""codeLines"":1242,""blankLines"":104,""language"":""HTML"",""commentLines"":1}]",2026-09-20T06:53:26,da172525aea45e588d59c35e1639dd0fe92cefd7,True,False,False,False,"{""Rust"":21008076,""TypeScript"":14692149,""Vue"":10050178,""Go"":3492381,""Java"":2829122,""JavaScript"":378998,""Python"":152881,""CSS"":150495,""HTML"":74201,""NSIS"":37459,""PHP"":20751,""Shell"":20352,""Nix"":19682,""PowerShell"":7043,""Dockerfile"":5773,""Makefile"":5239,""Batchfile"":3318,""Svelte"":2031,""Ruby"":1124}",ai-priority/needs-info;ai-priority/p1;ai-priority/p2;ai-priority/p3;area/agents;area/ci;area/cli;area/core;area/deploy;area/desktop;area/docs;area/mcp;area/multiple;area/plugins;area/web;bug;db/access;db/argo;db/bigquery;db/cassandra;db/chromadb;db/clickhouse;db/cloudberry;db/cloudflare-d1;db/cockroachdb;db/consul;db/dameng;db/databend;db/databricks;db/db2;db/doris;db/dremio;db/duckdb;db/dynamodb;db/easysearch;db/elasticsearch;db/etcd;db/exasol;db/firebird;db/gaussdb;db/gbase;db/goldendb;db/greatsql;db/h2;db/hbase;db/highgo;db/hive;db/ignite;db/ignite3;db/impala;db/influxdb;db/influxdb3;db/informix;db/iotdb;db/iris;db/jdbc;db/jdbcx;db/kafka;db/kingbase;db/kwdb;db/kylin;db/kyuubi;db/manticoresearch;db/mariadb;db/meilisearch;db/milvus;db/mongodb;db/mq;db/mqtt;db/multiple;db/mysql;db/nacos;db/neo4j;db/oceanbase;db/oceanbase-oracle;db/opengauss;db/oracle;db/oscar;db/plugin;db/polardb;db/postgres;db/prestosql;db/pulsar;db/qdrant;db/questdb;db/rabbitmq;db/redis;db/redshift;db/rocketmq;db/rqlite;db/saphana;db/selectdb;db/snowflake;db/spanner;db/spark;db/sqlite;db/sqlserver;db/starrocks;db/sundb;db/tdengine;db/tdsql;db/teradata;db/tidb;db/trino;db/turso;db/uxdb;db/vastbase;db/vertica;db/victoriametrics;db/weaviate;db/xugu;db/yashandb;db/zookeeper;dependencies/backend;dependencies/frontend;documentation;duplicate;enhancement;good first issue;help wanted;invalid;maintenance;p0;p3;qq-feedback;question;tests-only;ui-change;user-priority/P0;user-priority/P1;user-priority/P2;user-priority/P3;wontfix;wx-feedback,ai;cli;clickhouse;database;database-client;database-management;docker;gui;mcp;mongodb;mysql;postgresql;redis;rust;sql-server;sqlite;tauri;vue,v0.1.0,First Release,Vue
95756747,rustviz/rustviz,False,601,74,1,78,Rust,main,MIT License,https://rustviz.github.io,22,2826,15,172535,2020-10-05T08:46:19,2026-05-10T09:55:07,2026-05-10T04:14:22,78,22,81,17,13617.0,82009.0,9437.0,"[{""codeLines"":10773,""blankLines"":3051,""language"":""HTML"",""commentLines"":462},{""codeLines"":3148,""blankLines"":571,""language"":""CSS"",""commentLines"":300},{""codeLines"":2822,""blankLines"":3,""language"":""JSON"",""commentLines"":0},{""codeLines"":31472,""blankLines"":5263,""language"":""SVG"",""commentLines"":211},{""codeLines"":23377,""blankLines"":3041,""language"":""Rust"",""commentLines"":6377},{""codeLines"":353,""blankLines"":54,""language"":""TOML"",""commentLines"":131},{""codeLines"":267,""blankLines"":55,""language"":""Text"",""commentLines"":0},{""codeLines"":4927,""blankLines"":740,""language"":""JavaScript"",""commentLines"":666},{""codeLines"":397,""blankLines"":84,""language"":""Bourne Shell"",""commentLines"":364},{""codeLines"":25,""blankLines"":0,""language"":""TeX"",""commentLines"":0},{""codeLines"":358,""blankLines"":51,""language"":""YAML"",""commentLines"":194},{""codeLines"":2205,""blankLines"":520,""language"":""Markdown"",""commentLines"":1},{""codeLines"":83,""blankLines"":25,""language"":""Dockerfile"",""commentLines"":109},{""codeLines"":1802,""blankLines"":159,""language"":""TypeScript"",""commentLines"":622}]",2026-05-10T04:14:17,dfd4d0e7a4a3b4beddac50a85902a38af85230f0,True,False,False,False,"{""Rust"":1181444,""HTML"":816456,""JavaScript"":278167,""CSS"":94802,""TypeScript"":86722,""Shell"":35820,""Dockerfile"":9835,""TeX"":986}",HATRA submission;bug;deploy-failure;documentation;enhancement;examples;still active?;tweak;wontfix,,rv1-final,First Release,Ecmarkup
95756924,wealthfolio/wealthfolio,False,4418,15,68,737,Rust,main,GNU Affero General Public License v3.0,https://wealthfolio.app,38,9113,77,186878,2024-05-27T02:44:18,2026-10-04T01:48:12,2026-10-04T01:22:32,887,416,896,79,66832.0,704671.0,38376.0,"[{""codeLines"":6,""blankLines"":2,""language"":""C/C++ Header"",""commentLines"":0},{""codeLines"":10,""blankLines"":0,""language"":""Properties"",""commentLines"":20},{""codeLines"":332,""blankLines"":60,""language"":""Bourne Shell"",""commentLines"":46},{""codeLines"":3909,""blankLines"":663,""language"":""SQL"",""commentLines"":882},{""codeLines"":262253,""blankLines"":24605,""language"":""TypeScript"",""commentLines"":13580},{""codeLines"":10,""blankLines"":2,""language"":""INI"",""commentLines"":0},{""codeLines"":233,""blankLines"":12,""language"":""HTML"",""commentLines"":6},{""codeLines"":1595,""blankLines"":163,""language"":""CSS"",""commentLines"":135},{""codeLines"":66,""blankLines"":21,""language"":""DOS Batch"",""commentLines"":2},{""codeLines"":21,""blankLines"":0,""language"":""SVG"",""commentLines"":0},{""codeLines"":297679,""blankLines"":32625,""language"":""Rust"",""commentLines"":23033},{""codeLines"":922,""blankLines"":217,""language"":""TOML"",""commentLines"":110},{""codeLines"":2447,""blankLines"":344,""language"":""JavaScript"",""commentLines"":346},{""codeLines"":81,""blankLines"":30,""language"":""Text"",""commentLines"":0},{""codeLines"":18946,""blankLines"":5177,""language"":""Markdown"",""commentLines"":1},{""codeLines"":110,""blankLines"":14,""language"":""Gradle"",""commentLines"":0},{""codeLines"":12375,""blankLines"":2688,""language"":""YAML"",""commentLines"":106},{""codeLines"":598,""blankLines"":16,""language"":""XML"",""commentLines"":20},{""codeLines"":207,""blankLines"":34,""language"":""Kotlin"",""commentLines"":2},{""codeLines"":54,""blankLines"":15,""language"":""Dockerfile"",""commentLines"":28},{""codeLines"":5,""blankLines"":1,""language"":""Objective-C++"",""commentLines"":0},{""codeLines"":532,""blankLines"":108,""language"":""Python"",""commentLines"":41},{""codeLines"":4,""blankLines"":1,""language"":""Bourne Again Shell"",""commentLines"":0},{""codeLines"":97411,""blankLines"":31,""language"":""JSON"",""commentLines"":0},{""codeLines"":0,""blankLines"":3,""language"":""ProGuard"",""commentLines"":18},{""codeLines"":4865,""blankLines"":0,""language"":""CSV"",""commentLines"":0}]",2026-10-04T02:46:32,2940d10d694b61cd3aee0575f727275ac14f4c64,False,False,False,False,"{""Rust"":12508135,""TypeScript"":10744533,""HTML"":302388,""JavaScript"":112484,""CSS"":51199,""Kotlin"":9004,""Shell"":6298,""Dockerfile"":3776,""Ruby"":613,""Objective-C++"":100,""C++"":82}",architecture;bug;codex;csv-import;dependencies;documentation;duplicate;feature;good first issue;help wanted;i18n;integration;invalid;javascript;jules;needs-info;projection;question;rust;tax;to-close;ux;wontfix,macos-app;portfolio-tracker;self-hosted;tauri-app,v1.0.0,First Release,TypeScript
95757019,aaif-goose/goose,False,5771,809,154,6356,Rust,main,Apache License 2.0,https://goose-docs.ai/,299,54927,453,982229,2024-08-23T07:03:36,2026-10-02T05:36:13,2026-10-04T09:39:42,3416,275,8855,150,67979.0,922646.0,19286.0,"[{""codeLines"":3902,""blankLines"":701,""language"":""Bourne Shell"",""commentLines"":472},{""codeLines"":3,""blankLines"":1,""language"":""HCL"",""commentLines"":0},{""codeLines"":240,""blankLines"":36,""language"":""PowerShell"",""commentLines"":67},{""codeLines"":364,""blankLines"":85,""language"":""Bourne Again Shell"",""commentLines"":72},{""codeLines"":93969,""blankLines"":11272,""language"":""TypeScript"",""commentLines"":4438},{""codeLines"":2421,""blankLines"":288,""language"":""HTML"",""commentLines"":0},{""codeLines"":3331,""blankLines"":560,""language"":""CSS"",""commentLines"":241},{""codeLines"":36,""blankLines"":9,""language"":""DOS Batch"",""commentLines"":4},{""codeLines"":137,""blankLines"":35,""language"":""Swift"",""commentLines"":25},{""codeLines"":447,""blankLines"":1,""language"":""SVG"",""commentLines"":2},{""codeLines"":258824,""blankLines"":31403,""language"":""Rust"",""commentLines"":11681},{""codeLines"":1179,""blankLines"":123,""language"":""TOML"",""commentLines"":41},{""codeLines"":120,""blankLines"":17,""language"":""Nix"",""commentLines"":7},{""codeLines"":824,""blankLines"":679,""language"":""Text"",""commentLines"":0},{""codeLines"":5629,""blankLines"":784,""language"":""JavaScript"",""commentLines"":293},{""codeLines"":11,""blankLines"":5,""language"":""Fish Shell"",""commentLines"":8},{""codeLines"":20,""blankLines"":0,""language"":""XML"",""commentLines"":0},{""codeLines"":24306,""blankLines"":5348,""language"":""YAML"",""commentLines"":694},{""codeLines"":44663,""blankLines"":15449,""language"":""Markdown"",""commentLines"":144},{""codeLines"":120,""blankLines"":22,""language"":""Kotlin"",""commentLines"":0},{""codeLines"":23,""blankLines"":0,""language"":""Jupyter Notebook"",""commentLines"":106},{""codeLines"":147,""blankLines"":40,""language"":""Dockerfile"",""commentLines"":58},{""codeLines"":477151,""blankLines"":10,""language"":""JSON"",""commentLines"":0},{""codeLines"":129,""blankLines"":18,""language"":""Gradle"",""commentLines"":0},{""codeLines"":4650,""blankLines"":1093,""language"":""Python"",""commentLines"":933}]",2026-10-02T03:03:24,591edd47cf2cfea4957d720c607cf2a4def8673d,True,False,False,False,"{""Rust"":10690090,""TypeScript"":3450038,""Python"":188139,""Shell"":165545,""JavaScript"":163788,""HTML"":99835,""CSS"":44331,""Just"":26568,""PowerShell"":13213,""Swift"":6867,""Nix"":5332,""Kotlin"":5293,""Dockerfile"":3100,""Batchfile"":1927,""HCL"":42}",dependencies;github_actions;goose-generated;javascript;needs_human;performance;python:uv;ready-for-review;rust;security;stale;waiting-for-author,acp;ai;ai-agents;mcp,v0.9.0,First Release,Python
95761736,BigPizzaV3/CodexPlusPlus,False,1306,7,77,2023,Rust,main,GNU Affero General Public License v3.0,https://codexpp.cc/,74,31787,86,43385,2026-05-06T09:32:49,2026-10-03T07:24:10,2026-10-04T09:54:02,1908,848,461,9,20068.0,201007.0,12271.0,"[{""codeLines"":17841,""blankLines"":1399,""language"":""TypeScript"",""commentLines"":4362},{""codeLines"":87,""blankLines"":10,""language"":""DOS Batch"",""commentLines"":0},{""codeLines"":774,""blankLines"":40,""language"":""HTML"",""commentLines"":0},{""codeLines"":20,""blankLines"":4,""language"":""Text"",""commentLines"":0},{""codeLines"":770,""blankLines"":144,""language"":""Python"",""commentLines"":25},{""codeLines"":12976,""blankLines"":2065,""language"":""CSS"",""commentLines"":266},{""codeLines"":79,""blankLines"":8,""language"":""SVG"",""commentLines"":0},{""codeLines"":106572,""blankLines"":9011,""language"":""Rust"",""commentLines"":5283},{""codeLines"":590,""blankLines"":67,""language"":""YAML"",""commentLines"":0},{""codeLines"":11942,""blankLines"":4184,""language"":""Markdown"",""commentLines"":0},{""codeLines"":469,""blankLines"":69,""language"":""Bourne Shell"",""commentLines"":42},{""codeLines"":40,""blankLines"":0,""language"":""XML"",""commentLines"":0},{""codeLines"":41268,""blankLines"":3050,""language"":""JavaScript"",""commentLines"":2293},{""codeLines"":171,""blankLines"":17,""language"":""TOML"",""commentLines"":0},{""codeLines"":7408,""blankLines"":0,""language"":""JSON"",""commentLines"":0}]",2026-10-03T07:24:02,f55bb64663ba5024ab434017bb6212a0fd9f4bb3,True,False,False,False,"{""Rust"":4386783,""JavaScript"":2986114,""TypeScript"":1012772,""CSS"":454558,""Python"":34517,""Shell"":19310,""NSIS"":7965,""HTML"":3438,""Batchfile"":2055}",area: build;area: context-tools;area: model-catalog;area: protocol;area: provider-config;area: ui;bug;documentation;duplicate;enhancement;good first issue;help wanted;invalid;needs triage;question;type: bug;type: config;type: feature;type: question;wontfix,,v1.0.4,First Release,Python
95764193,deeplethe/forkd,False,386,5,24,224,Rust,dev,Apache License 2.0,,52,2895,9,3389,2026-05-11T05:42:24,2026-09-14T05:07:27,2026-09-18T09:58:39,72,6,238,1,6951.0,43142.0,9818.0,"[{""codeLines"":67,""blankLines"":4,""language"":""Diff"",""commentLines"":70},{""codeLines"":520,""blankLines"":52,""language"":""TypeScript"",""commentLines"":239},{""codeLines"":2273,""blankLines"":8,""language"":""JSON"",""commentLines"":0},{""codeLines"":19,""blankLines"":5,""language"":""Dockerfile"",""commentLines"":23},{""codeLines"":6104,""blankLines"":1435,""language"":""Python"",""commentLines"":1921},{""codeLines"":18736,""blankLines"":1731,""language"":""Rust"",""commentLines"":6386},{""codeLines"":20,""blankLines"":0,""language"":""SVG"",""commentLines"":0},{""codeLines"":2984,""blankLines"":571,""language"":""Bourne Shell"",""commentLines"":1000},{""codeLines"":11220,""blankLines"":3049,""language"":""Markdown"",""commentLines"":0},{""codeLines"":451,""blankLines"":43,""language"":""YAML"",""commentLines"":153},{""codeLines"":266,""blankLines"":38,""language"":""TOML"",""commentLines"":26},{""codeLines"":445,""blankLines"":0,""language"":""CSV"",""commentLines"":0},{""codeLines"":37,""blankLines"":15,""language"":""Text"",""commentLines"":0}]",2026-09-14T05:07:26,bbf23a93b72a0ae0565f834a3b326d58e83a88f3,True,False,False,False,"{""Rust"":1091902,""Python"":331044,""Shell"":170701,""TypeScript"":26202,""Dockerfile"":2039}",bug;dirty-problem;documentation;duplicate;enhancement;good first issue;help wanted;invalid;needs-verification;optimization;question;refactor;security;wontfix,ai-agents;copy-on-write;kvm;microvm;rust;sandbox;snapshot,v0.0.1-alpha,First Release,Shell
95766169,paean-ai/deeptide,False,501,12,0,139,Rust,main,MIT License,https://deeptide.sh,89,1096,8,5171,2026-05-05T04:40:06,2026-08-22T08:56:10,2026-08-25T03:48:37,0,0,142,1,45849.0,262659.0,29688.0,"[{""codeLines"":857,""blankLines"":101,""language"":""C/C++ Header"",""commentLines"":111},{""codeLines"":476,""blankLines"":44,""language"":""YAML"",""commentLines"":37},{""codeLines"":10233,""blankLines"":2962,""language"":""Markdown"",""commentLines"":0},{""codeLines"":56,""blankLines"":20,""language"":""make"",""commentLines"":0},{""codeLines"":6496,""blankLines"":1354,""language"":""Metal"",""commentLines"":302},{""codeLines"":4699,""blankLines"":0,""language"":""JSON"",""commentLines"":0},{""codeLines"":1481,""blankLines"":433,""language"":""Text"",""commentLines"":0},{""codeLines"":498,""blankLines"":101,""language"":""Python"",""commentLines"":76},{""codeLines"":16022,""blankLines"":1567,""language"":""CSS"",""commentLines"":179},{""codeLines"":24912,""blankLines"":2362,""language"":""C"",""commentLines"":1411},{""codeLines"":116,""blankLines"":17,""language"":""TOML"",""commentLines"":11},{""codeLines"":1221,""blankLines"":122,""language"":""Swift"",""commentLines"":5},{""codeLines"":13268,""blankLines"":1132,""language"":""Objective-C"",""commentLines"":124},{""codeLines"":7448,""blankLines"":504,""language"":""HTML"",""commentLines"":306},{""codeLines"":121662,""blankLines"":28422,""language"":""JavaScript"",""commentLines"":7940},{""codeLines"":11,""blankLines"":5,""language"":""SVG"",""commentLines"":6},{""codeLines"":53086,""blankLines"":6674,""language"":""Rust"",""commentLines"":19180},{""codeLines"":117,""blankLines"":29,""language"":""Bourne Shell"",""commentLines"":0}]",2026-08-22T08:56:08,b48688d56c3eb61d0c028de2fa73dd674be2f3e8,True,False,False,False,"{""Rust"":2953311,""C"":1198275,""Objective-C"":638520,""Metal"":290791,""Swift"":51759,""JavaScript"":43312,""Python"":25509,""Shell"":3338,""Makefile"":2144,""TypeScript"":1208}",bug;documentation;duplicate;enhancement;good first issue;help wanted;invalid;question;wontfix,codex-harness;coding-agent;deepseek;deepseek-harness;dsh-plugin;macos;swift,cf969e602c384301df98742b0c53d872307ed3b4,10% Commit (50/501),JavaScript
95770911,Achilng/floral-notepaper,False,383,9,7,299,Rust,main,MIT License,,12,5246,28,34495,2026-04-26T01:07:10,2026-09-11T12:26:08,2026-09-20T03:01:33,215,106,145,31,4385.0,41460.0,576.0,"[{""codeLines"":917,""blankLines"":172,""language"":""PowerShell"",""commentLines"":171},{""codeLines"":7,""blankLines"":0,""language"":""Handlebars"",""commentLines"":0},{""codeLines"":679,""blankLines"":55,""language"":""CSS"",""commentLines"":19},{""codeLines"":36,""blankLines"":2,""language"":""HTML"",""commentLines"":0},{""codeLines"":6977,""blankLines"":2,""language"":""JSON"",""commentLines"":0},{""codeLines"":11090,""blankLines"":1172,""language"":""TypeScript"",""commentLines"":122},{""codeLines"":110,""blankLines"":2,""language"":""XML"",""commentLines"":24},{""codeLines"":16644,""blankLines"":1847,""language"":""Rust"",""commentLines"":187},{""codeLines"":53,""blankLines"":7,""language"":""TOML"",""commentLines"":4},{""codeLines"":3566,""blankLines"":499,""language"":""YAML"",""commentLines"":14},{""codeLines"":60,""blankLines"":7,""language"":""Bourne Shell"",""commentLines"":0},{""codeLines"":1239,""blankLines"":605,""language"":""Markdown"",""commentLines"":35},{""codeLines"":82,""blankLines"":15,""language"":""JavaScript"",""commentLines"":0}]",2026-09-11T12:25:59,69a43aef87d2d8fa90c7a7d929cd113941f1fde3,True,False,False,False,"{""Rust"":625062,""TypeScript"":434798,""PowerShell"":47181,""CSS"":15580,""JavaScript"":3384,""Shell"":1380,""HTML"":870,""NSIS"":375,""Handlebars"":141}",bug;ci;dependencies;documentation;done;duplicate;enhancement;good first issue;help wanted;i18n;invalid;javascript;macos;not a bug;not latest version;pending;question;rfc;rust;windows;wip;wontfix,macos;markdown;note-taking;react;rust;sticky-notes;tauri;windows,v1.0.0,First Release,TypeScript
95801533,b-nnett/goose,False,10,2,0,492,Rust,main,,,30,2114,1,8090,2026-06-02T12:16:37,2026-06-02T12:40:14,2026-06-05T07:42:09,10,10,14,13,12067.0,183190.0,38.0,"[{""codeLines"":129761,""blankLines"":7293,""language"":""Rust"",""commentLines"":29},{""codeLines"":994,""blankLines"":120,""language"":""Python"",""commentLines"":8},{""codeLines"":46447,""blankLines"":4203,""language"":""Swift"",""commentLines"":1},{""codeLines"":122,""blankLines"":35,""language"":""TOML"",""commentLines"":0},{""codeLines"":117,""blankLines"":13,""language"":""Bourne Shell"",""commentLines"":0},{""codeLines"":106,""blankLines"":0,""language"":""XML"",""commentLines"":0},{""codeLines"":1693,""blankLines"":399,""language"":""Markdown"",""commentLines"":0},{""codeLines"":13,""blankLines"":4,""language"":""C/C++ Header"",""commentLines"":0},{""codeLines"":3937,""blankLines"":0,""language"":""JSON"",""commentLines"":0}]",2026-06-02T12:40:08,ba9ae0280c9b5b9a1545baab8e944cb3b7563c62,True,False,False,False,"{""Rust"":4977094,""Swift"":1789561,""Python"":40044,""Shell"":4182,""C"":304}",bug;documentation;duplicate;enhancement;good first issue;help wanted;invalid;question;wontfix,,59353e063f85907842e7dcbccba7436fb71c3124,10% Commit (1/10),Swift
95801855,bryanroscoe/shield_optimizer,False,565,42,26,28,Rust,main,Other,,7,1024,5,151084,2026-01-19T09:26:54,2026-10-03T05:53:23,2026-10-03T04:39:06,67,6,91,1,8530.0,81171.0,5176.0,"[{""codeLines"":23966,""blankLines"":2931,""language"":""Rust"",""commentLines"":3415},{""codeLines"":303,""blankLines"":63,""language"":""TOML"",""commentLines"":48},{""codeLines"":72,""blankLines"":4,""language"":""SVG"",""commentLines"":4},{""codeLines"":11028,""blankLines"":2723,""language"":""Markdown"",""commentLines"":18},{""codeLines"":10,""blankLines"":2,""language"":""INI"",""commentLines"":0},{""codeLines"":10,""blankLines"":0,""language"":""Properties"",""commentLines"":20},{""codeLines"":740,""blankLines"":141,""language"":""Bourne Shell"",""commentLines"":198},{""codeLines"":642,""blankLines"":95,""language"":""YAML"",""commentLines"":148},{""codeLines"":60,""blankLines"":6,""language"":""Text"",""commentLines"":0},{""codeLines"":4366,""blankLines"":434,""language"":""JavaScript"",""commentLines"":224},{""codeLines"":168,""blankLines"":27,""language"":""make"",""commentLines"":17},{""codeLines"":19291,""blankLines"":928,""language"":""Svelte"",""commentLines"":57},{""codeLines"":21,""blankLines"":3,""language"":""Dockerfile"",""commentLines"":2},{""codeLines"":263,""blankLines"":33,""language"":""Kotlin"",""commentLines"":24},{""codeLines"":4133,""blankLines"":627,""language"":""PowerShell"",""commentLines"":526},{""codeLines"":66,""blankLines"":21,""language"":""DOS Batch"",""commentLines"":2},{""codeLines"":3,""blankLines"":3,""language"":""ProGuard"",""commentLines"":19},{""codeLines"":210,""blankLines"":12,""language"":""HTML"",""commentLines"":0},{""codeLines"":176,""blankLines"":39,""language"":""Python"",""commentLines"":13},{""codeLines"":625,""blankLines"":22,""language"":""CSS"",""commentLines"":19},{""codeLines"":136,""blankLines"":6,""language"":""XML"",""commentLines"":18},{""codeLines"":3227,""blankLines"":385,""language"":""TypeScript"",""commentLines"":398},{""codeLines"":11462,""blankLines"":0,""language"":""JSON"",""commentLines"":0},{""codeLines"":193,""blankLines"":25,""language"":""Gradle"",""commentLines"":6}]",2026-10-03T04:46:10,925a0e156acc7a68de95c4aa0e8b18b2596d5b14,True,False,False,False,"{""Rust"":1211300,""Svelte"":877093,""TypeScript"":577240,""JavaScript"":444303,""PowerShell"":215803,""Shell"":44694,""CSS"":29023,""HTML"":20036,""Kotlin"":12555,""Python"":12420,""Makefile"":8013,""Dockerfile"":857}",bug;documentation;duplicate;enhancement;gastown;good first issue;help wanted;invalid;p1;p2;p3;question;task;wontfix,,v0.69.0,First Release,PowerShell
95801926,microsoft/coreutils,False,38,4,3,107,Rust,main,MIT License,,31,5187,12,119,2026-05-15T05:42:32,2026-09-14T07:40:25,2026-09-20T08:42:21,107,44,64,14,880.0,5313.0,780.0,"[{""codeLines"":198,""blankLines"":74,""language"":""Markdown"",""commentLines"":2},{""codeLines"":1,""blankLines"":0,""language"":""Text"",""commentLines"":0},{""codeLines"":8,""blankLines"":0,""language"":""JSON"",""commentLines"":0},{""codeLines"":329,""blankLines"":13,""language"":""YAML"",""commentLines"":36},{""codeLines"":32,""blankLines"":0,""language"":""XML"",""commentLines"":11},{""codeLines"":2349,""blankLines"":380,""language"":""Rust"",""commentLines"":200},{""codeLines"":1760,""blankLines"":314,""language"":""C"",""commentLines"":424},{""codeLines"":178,""blankLines"":21,""language"":""TOML"",""commentLines"":37},{""codeLines"":458,""blankLines"":78,""language"":""PowerShell"",""commentLines"":70}]",2026-09-14T07:40:25,09f098d288f08a8071acf6dce9671a63ffb2e575,True,False,False,False,"{""Rust"":42216,""PowerShell"":22287,""Inno Setup"":13791}",E-needs-discussion;I-upstream;c-bug;c-feature;e-help-wanted;p-backlog;p-high;p-low;p-medium,command-line-tool;coreutils;gnu-coreutils,v2026.5.29,First Release,C
95801932,microsoft/pg_durable,False,401,33,7,80,Rust,main,Other,https://microsoft.github.io/pg_durable/,4,2830,21,4115,2026-02-13T06:21:46,2026-10-03T09:51:25,2026-10-03T08:47:54,89,9,319,5,14588.0,74631.0,8002.0,"[{""codeLines"":17879,""blankLines"":3775,""language"":""SQL"",""commentLines"":3535},{""codeLines"":2799,""blankLines"":4,""language"":""JSON"",""commentLines"":0},{""codeLines"":80,""blankLines"":25,""language"":""Dockerfile"",""commentLines"":47},{""codeLines"":58,""blankLines"":5,""language"":""SVG"",""commentLines"":5},{""codeLines"":60,""blankLines"":16,""language"":""TOML"",""commentLines"":18},{""codeLines"":18326,""blankLines"":2099,""language"":""Rust"",""commentLines"":2901},{""codeLines"":26,""blankLines"":4,""language"":""Text"",""commentLines"":0},{""codeLines"":2680,""blankLines"":364,""language"":""Python"",""commentLines"":310},{""codeLines"":1619,""blankLines"":243,""language"":""CSS"",""commentLines"":47},{""codeLines"":997,""blankLines"":63,""language"":""HTML"",""commentLines"":12},{""codeLines"":6139,""blankLines"":1166,""language"":""Bourne Shell"",""commentLines"":965},{""codeLines"":184,""blankLines"":36,""language"":""make"",""commentLines"":61},{""codeLines"":1562,""blankLines"":216,""language"":""YAML"",""commentLines"":99},{""codeLines"":22222,""blankLines"":6572,""language"":""Markdown"",""commentLines"":2}]",2026-10-01T11:53:12,0ba88f3cfbf9d4422fd2399c226ea7952bba41a1,True,False,False,False,"{""Rust"":908185,""PLpgSQL"":847106,""Shell"":204539,""Python"":146429,""Makefile"":12137,""Dockerfile"":4357}",agentic-workflows;blocked_by_upstream;bug;correctness;dependencies;documentation;duplicate;enhancement;fix-ci;github_actions;good first issue;help wanted;invalid;performance;question;security;test-pg18;wontfix,ai-pipelines;ai-workflows;durable-execution;durable-functions;durable-workflows;postgresql,v0.2.2,First Release,PLSQL
95813244,openinterpreter/openinterpreter,False,10765,53,72,5887,Rust,main,Apache License 2.0,http://openinterpreter.com/,466,68504,473,294323,2023-07-14T07:10:44,2026-10-02T07:44:16,2026-10-04T08:48:14,1116,6,758,7,159551.0,2142235.0,65986.0,"[{""codeLines"":20397,""blankLines"":6414,""language"":""Markdown"",""commentLines"":15},{""codeLines"":285,""blankLines"":74,""language"":""Protocol Buffers"",""commentLines"":27},{""codeLines"":1004,""blankLines"":13,""language"":""XML"",""commentLines"":0},{""codeLines"":12455,""blankLines"":2080,""language"":""YAML"",""commentLines"":394},{""codeLines"":4362,""blankLines"":959,""language"":""C"",""commentLines"":649},{""codeLines"":54917,""blankLines"":8470,""language"":""Python"",""commentLines"":1886},{""codeLines"":16,""blankLines"":0,""language"":""SVG"",""commentLines"":0},{""codeLines"":281729,""blankLines"":1,""language"":""JSON"",""commentLines"":0},{""codeLines"":86,""blankLines"":17,""language"":""Dockerfile"",""commentLines"":6},{""codeLines"":311,""blankLines"":0,""language"":""Jupyter Notebook"",""commentLines"":228},{""codeLines"":9,""blankLines"":1,""language"":""C++"",""commentLines"":1},{""codeLines"":1,""blankLines"":0,""language"":""Lisp"",""commentLines"":0},{""codeLines"":11,""blankLines"":0,""language"":""CMake"",""commentLines"":3},{""codeLines"":4772,""blankLines"":580,""language"":""Starlark"",""commentLines"":508},{""codeLines"":124,""blankLines"":8,""language"":""Nix"",""commentLines"":10},{""codeLines"":4540,""blankLines"":714,""language"":""Bourne Shell"",""commentLines"":315},{""codeLines"":201,""blankLines"":38,""language"":""C/C++ Header"",""commentLines"":56},{""codeLines"":1984,""blankLines"":291,""language"":""JavaScript"",""commentLines"":44},{""codeLines"":876,""blankLines"":128,""language"":""CSS"",""commentLines"":6},{""codeLines"":784,""blankLines"":24,""language"":""HTML"",""commentLines"":1},{""codeLines"":274,""blankLines"":37,""language"":""Meson"",""commentLines"":6},{""codeLines"":1733298,""blankLines"":136259,""language"":""Rust"",""commentLines"":56613},{""codeLines"":758,""blankLines"":78,""language"":""SQL"",""commentLines"":8},{""codeLines"":16,""blankLines"":4,""language"":""DOS Batch"",""commentLines"":0},{""codeLines"":1506,""blankLines"":121,""language"":""Diff"",""commentLines"":893},{""codeLines"":5,""blankLines"":0,""language"":""INI"",""commentLines"":0},{""codeLines"":5715,""blankLines"":1869,""language"":""TypeScript"",""commentLines"":3883},{""codeLines"":3475,""blankLines"":260,""language"":""Text"",""commentLines"":0},{""codeLines"":6173,""blankLines"":790,""language"":""TOML"",""commentLines"":296},{""codeLines"":2151,""blankLines"":321,""language"":""PowerShell"",""commentLines"":138}]",2026-10-02T07:44:16,2767e5f20d6927500b8f1938c773c61afb823245,False,False,False,False,"{""Rust"":69597171,""Python"":1777541,""Starlark"":129034,""TypeScript"":100320,""PowerShell"":84032,""Shell"":73875,""JavaScript"":65875,""HTML"":26838,""CSS"":22665,""Jupyter Notebook"":20546,""Smarty"":7627,""Just"":7519,""MDX"":5154,""Nix"":4349,""Dockerfile"":883,""Batchfile"":389,""C"":52}",AI Response;Legacy Python;Local Model;Upstream Codex;app;bug;documentation;enhancement;extension;external;good first issue;harness;help required;installer;more information required;needs verification;provider;security;triaged,acp;coding-agent;deepseek;kimi;python;qwen;rust,v0.0.289,First Release,Python
95816158,qualcomm/nexa-sdk,False,1640,9,54,1010,Rust,main,BSD 3-Clause New or Revised License,https://docs.nexa.ai/,527,8110,10,145249,2024-08-16T08:13:07,2026-06-26T04:21:36,2026-06-26T04:03:59,293,49,794,8,16471.0,93331.0,14259.0,"[{""codeLines"":631,""blankLines"":104,""language"":""Bourne Shell"",""commentLines"":234},{""codeLines"":934,""blankLines"":142,""language"":""Starlark"",""commentLines"":151},{""codeLines"":49561,""blankLines"":8379,""language"":""C/C++ Header"",""commentLines"":7936},{""codeLines"":220,""blankLines"":29,""language"":""JavaScript"",""commentLines"":18},{""codeLines"":8309,""blankLines"":942,""language"":""Rust"",""commentLines"":1273},{""codeLines"":36,""blankLines"":0,""language"":""Maven"",""commentLines"":0},{""codeLines"":5792,""blankLines"":1531,""language"":""Python"",""commentLines"":1622},{""codeLines"":424,""blankLines"":25,""language"":""Text"",""commentLines"":0},{""codeLines"":16,""blankLines"":0,""language"":""INI"",""commentLines"":0},{""codeLines"":7072,""blankLines"":1167,""language"":""Go"",""commentLines"":1308},{""codeLines"":145,""blankLines"":24,""language"":""TOML"",""commentLines"":20},{""codeLines"":11,""blankLines"":0,""language"":""Properties"",""commentLines"":19},{""codeLines"":113,""blankLines"":22,""language"":""PowerShell"",""commentLines"":73},{""codeLines"":70,""blankLines"":21,""language"":""DOS Batch"",""commentLines"":2},{""codeLines"":14,""blankLines"":1,""language"":""XML"",""commentLines"":0},{""codeLines"":6149,""blankLines"":2199,""language"":""Markdown"",""commentLines"":0},{""codeLines"":2894,""blankLines"":330,""language"":""YAML"",""commentLines"":268},{""codeLines"":103,""blankLines"":11,""language"":""Gradle"",""commentLines"":18},{""codeLines"":20,""blankLines"":0,""language"":""SVG"",""commentLines"":0},{""codeLines"":48,""blankLines"":3,""language"":""Diff"",""commentLines"":11},{""codeLines"":1448,""blankLines"":140,""language"":""C"",""commentLines"":226},{""codeLines"":6,""blankLines"":0,""language"":""Linker Script"",""commentLines"":15},{""codeLines"":89,""blankLines"":8,""language"":""HTML"",""commentLines"":1},{""codeLines"":1113,""blankLines"":201,""language"":""CSS"",""commentLines"":1},{""codeLines"":42,""blankLines"":12,""language"":""Dockerfile"",""commentLines"":17},{""codeLines"":2425,""blankLines"":0,""language"":""JSON"",""commentLines"":0},{""codeLines"":43,""blankLines"":7,""language"":""Java"",""commentLines"":10},{""codeLines"":36,""blankLines"":0,""language"":""Jupyter Notebook"",""commentLines"":195},{""codeLines"":4495,""blankLines"":928,""language"":""C++"",""commentLines"":414},{""codeLines"":652,""blankLines"":153,""language"":""Kotlin"",""commentLines"":304},{""codeLines"":420,""blankLines"":89,""language"":""CMake"",""commentLines"":105},{""codeLines"":0,""blankLines"":3,""language"":""ProGuard"",""commentLines"":18}]",2026-06-26T02:56:11,edd018335da14c31a8f01129243df7489e5b9080,True,False,False,False,"{""Rust"":368393,""C++"":311917,""Python"":310005,""Go"":268560,""C"":121107,""Kotlin"":37491,""Starlark"":34973,""CMake"":23041,""Shell"":21900,""PowerShell"":9528,""Inno Setup"":4998,""HTML"":3449,""Linker Script"":746,""JavaScript"":511,""CSS"":202}",dependencies;deprecated;github_actions;stale;🎭 duplicate;📦 model request;🗑️ wontfix;🙋‍♀️ help & questions;🥺 feature request;🦟 bug,gemma3;go;gpt-oss;granite4;llama;llama3;llm;on-device-ai;phi3;qwen3;qwen3vl;sdk;stable-diffusion;vlm,v0.2.16,First Release,Go
95816393,nix-community/colmena,False,760,14,8,119,Rust,main,MIT License,https://colmena.cli.rs,10,2378,41,3299,2020-12-16T04:21:43,2026-10-02T10:13:31,2026-10-03T01:50:11,225,118,181,26,2066.0,10614.0,1028.0,"[{""codeLines"":1770,""blankLines"":251,""language"":""Nix"",""commentLines"":104},{""codeLines"":14,""blankLines"":0,""language"":""JSON"",""commentLines"":0},{""codeLines"":1308,""blankLines"":0,""language"":""JavaScript"",""commentLines"":5},{""codeLines"":6189,""blankLines"":1408,""language"":""Rust"",""commentLines"":843},{""codeLines"":17,""blankLines"":4,""language"":""Bourne Shell"",""commentLines"":0},{""codeLines"":124,""blankLines"":49,""language"":""Python"",""commentLines"":11},{""codeLines"":268,""blankLines"":54,""language"":""YAML"",""commentLines"":10},{""codeLines"":796,""blankLines"":275,""language"":""Markdown"",""commentLines"":39},{""codeLines"":91,""blankLines"":15,""language"":""TOML"",""commentLines"":1},{""codeLines"":17,""blankLines"":4,""language"":""INI"",""commentLines"":0},{""codeLines"":20,""blankLines"":6,""language"":""Diff"",""commentLines"":15}]",2026-09-29T09:20:53,524ddd89f62721a92e8629063d347e7a1ed390de,False,False,False,False,"{""Rust"":240986,""Nix"":57622,""Python"":6541,""Shell"":507}",bug;dependencies;documentation;duplicate;enhancement;github_actions;good first issue;help wanted;invalid;nix;question;rebase;rust;wontfix,deployment;nix;nixos,v0.2.0,First Release,JavaScript
95816394,LiteLLM-Labs/litellm-agent-control-plane,False,1359,364,0,106,Rust,main,MIT License,https://docs.litellm-agent-platform.ai,8,1014,10,82978,2026-05-07T09:35:39,2026-06-20T08:58:35,2026-06-25T03:08:11,27,9,449,3,8002.0,132378.0,1245.0,"[{""codeLines"":120,""blankLines"":49,""language"":""Dockerfile"",""commentLines"":5},{""codeLines"":57096,""blankLines"":0,""language"":""JSON"",""commentLines"":0},{""codeLines"":22298,""blankLines"":1524,""language"":""TypeScript"",""commentLines"":181},{""codeLines"":498,""blankLines"":61,""language"":""SQL"",""commentLines"":8},{""codeLines"":374,""blankLines"":21,""language"":""YAML"",""commentLines"":14},{""codeLines"":39,""blankLines"":3,""language"":""TOML"",""commentLines"":0},{""codeLines"":14,""blankLines"":0,""language"":""Text"",""commentLines"":0},{""codeLines"":2543,""blankLines"":277,""language"":""JavaScript"",""commentLines"":292},{""codeLines"":1116,""blankLines"":141,""language"":""Bourne Shell"",""commentLines"":103},{""codeLines"":7,""blankLines"":0,""language"":""SVG"",""commentLines"":0},{""codeLines"":39910,""blankLines"":3916,""language"":""Rust"",""commentLines"":383},{""codeLines"":4718,""blankLines"":1390,""language"":""Markdown"",""commentLines"":0},{""codeLines"":15,""blankLines"":4,""language"":""Bourne Again Shell"",""commentLines"":0},{""codeLines"":24,""blankLines"":0,""language"":""HTML"",""commentLines"":0},{""codeLines"":3343,""blankLines"":592,""language"":""Python"",""commentLines"":257},{""codeLines"":263,""blankLines"":24,""language"":""CSS"",""commentLines"":2}]",2026-06-20T08:58:35,53bfd20e2fec51fc8f665fb614512c6b138367da,True,False,False,False,"{""Rust"":1354623,""TypeScript"":876731,""Python"":140926,""JavaScript"":102646,""Shell"":43346,""CSS"":7174,""Dockerfile"":4173,""HTML"":709,""RenderScript"":1}",bug;documentation;duplicate;enhancement;good first issue;help wanted;invalid;no-screenshot;question;wontfix,agent-builder;agent-builder-tools;agent-platform;agent-vault;ai-gateway;claude-code;codex;codex-cli;litellm;litellm-ai-gateway;sandbox,006ebda595f5181f920e2d72ffbbee28c67c75e3,10% Commit (135/1359),TypeScript
95816572,ccusage/ccusage,False,2347,61,139,864,Rust,main,Other,https://ccusage.com/,33,18867,82,17932,2025-05-29T04:56:50,2026-10-04T01:06:36,2026-10-04T02:16:18,491,3,1267,10,8432.0,121714.0,2586.0,"[{""codeLines"":1386,""blankLines"":125,""language"":""TypeScript"",""commentLines"":240},{""codeLines"":193,""blankLines"":29,""language"":""JavaScript"",""commentLines"":57},{""codeLines"":7895,""blankLines"":2754,""language"":""Markdown"",""commentLines"":14},{""codeLines"":611,""blankLines"":54,""language"":""Clojure"",""commentLines"":0},{""codeLines"":4063,""blankLines"":722,""language"":""YAML"",""commentLines"":202},{""codeLines"":1789,""blankLines"":54,""language"":""Nix"",""commentLines"":461},{""codeLines"":47710,""blankLines"":0,""language"":""JSON"",""commentLines"":0},{""codeLines"":583,""blankLines"":71,""language"":""TOML"",""commentLines"":31},{""codeLines"":29,""blankLines"":0,""language"":""SVG"",""commentLines"":0},{""codeLines"":57455,""blankLines"":4623,""language"":""Rust"",""commentLines"":1581}]",2026-10-04T01:06:32,b8eb304d9e61bc77c08f0167f7623e383264d2d6,False,False,False,False,"{""Rust"":2348441,""Nix"":88164,""TypeScript"":53322,""Clojure"":43119,""Nushell"":14117,""JavaScript"":7005,""Just"":6617,""Shell"":503}",bug;dependencies;documentation;duplicate;enhancement;good first issue;help wanted;info;invalid;major;minor;priority:critical;priority:high;priority:low;priority:medium;question;renovate;tagpr;tagpr:major;tagpr:minor;triage:excluded;triage:maintainable;triage:needs-review;triage:resolved;wontfix,,v0.1.2,First Release,TypeScript
95817610,the-open-engine/zeroshot,False,631,93,171,180,Rust,main,MIT License,https://the-open-engine.github.io/zeroshot/,3,1919,15,56531,2025-12-25T05:12:45,2026-10-03T06:31:47,2026-10-03T10:00:39,385,1,787,2,20369.0,334940.0,4616.0,"[{""codeLines"":83491,""blankLines"":0,""language"":""JSON"",""commentLines"":0},{""codeLines"":107,""blankLines"":21,""language"":""Dockerfile"",""commentLines"":4},{""codeLines"":27605,""blankLines"":833,""language"":""TypeScript"",""commentLines"":217},{""codeLines"":2591,""blankLines"":265,""language"":""YAML"",""commentLines"":11},{""codeLines"":308,""blankLines"":32,""language"":""TOML"",""commentLines"":0},{""codeLines"":81,""blankLines"":5,""language"":""PowerShell"",""commentLines"":4},{""codeLines"":10,""blankLines"":2,""language"":""INI"",""commentLines"":0},{""codeLines"":274,""blankLines"":69,""language"":""Text"",""commentLines"":0},{""codeLines"":3757,""blankLines"":326,""language"":""JavaScript"",""commentLines"":17},{""codeLines"":202175,""blankLines"":16240,""language"":""Rust"",""commentLines"":3740},{""codeLines"":573,""blankLines"":0,""language"":""SVG"",""commentLines"":0},{""codeLines"":5977,""blankLines"":1597,""language"":""Markdown"",""commentLines"":2},{""codeLines"":448,""blankLines"":41,""language"":""Bourne Shell"",""commentLines"":13},{""codeLines"":53,""blankLines"":10,""language"":""Bourne Again Shell"",""commentLines"":15},{""codeLines"":3213,""blankLines"":644,""language"":""Python"",""commentLines"":586},{""codeLines"":3309,""blankLines"":24,""language"":""CSS"",""commentLines"":2},{""codeLines"":968,""blankLines"":260,""language"":""HTML"",""commentLines"":5}]",2026-10-03T06:27:58,d5061b85d90c345ae260ff0aeb22018cb812f330,True,False,False,False,"{""Rust"":7560483,""TypeScript"":1018755,""Python"":171005,""JavaScript"":146602,""CSS"":60438,""Shell"":14756,""Dockerfile"":5057,""PowerShell"":1005,""HTML"":666}",bug;deferred;documentation;duplicate;enhancement;good first issue;help wanted;invalid;question;released;wontfix,agent-loops;agent-orchestration;agentic-workflow;ai-agent;ai-agents;autonomous-agents;claude;claude-code;cli;code-review;codex;coding-assistant;developer-tools;github-copilot;loop-engineering;meta-harness;multi-agent;vibecoding,v1.1.3,First Release,JavaScript
95825933,slothflowlabs/duckle,False,1717,5,34,111,Rust,main,Apache License 2.0,https://duckle.org/,14,1392,12,116625,2026-05-21T06:32:39,2026-10-01T04:51:17,2026-10-04T08:39:44,237,66,122,7,17066.0,260093.0,82959.0,"[{""codeLines"":557,""blankLines"":61,""language"":""Text"",""commentLines"":0},{""codeLines"":3937,""blankLines"":464,""language"":""Python"",""commentLines"":530},{""codeLines"":9050,""blankLines"":1136,""language"":""CSS"",""commentLines"":364},{""codeLines"":563,""blankLines"":73,""language"":""TOML"",""commentLines"":427},{""codeLines"":473,""blankLines"":37,""language"":""SVG"",""commentLines"":28},{""codeLines"":120645,""blankLines"":9898,""language"":""Rust"",""commentLines"":67051},{""codeLines"":6,""blankLines"":0,""language"":""DOS Batch"",""commentLines"":9},{""codeLines"":56,""blankLines"":0,""language"":""CSV"",""commentLines"":0},{""codeLines"":1076,""blankLines"":134,""language"":""JavaScript"",""commentLines"":156},{""codeLines"":14,""blankLines"":4,""language"":""INI"",""commentLines"":0},{""codeLines"":2046,""blankLines"":185,""language"":""YAML"",""commentLines"":880},{""codeLines"":8596,""blankLines"":2617,""language"":""Markdown"",""commentLines"":30},{""codeLines"":3,""blankLines"":0,""language"":""PowerShell"",""commentLines"":9},{""codeLines"":731,""blankLines"":121,""language"":""Bourne Shell"",""commentLines"":203},{""codeLines"":47,""blankLines"":3,""language"":""Dockerfile"",""commentLines"":98},{""codeLines"":70,""blankLines"":7,""language"":""SQL"",""commentLines"":19},{""codeLines"":78131,""blankLines"":5,""language"":""JSON"",""commentLines"":0},{""codeLines"":28638,""blankLines"":1979,""language"":""TypeScript"",""commentLines"":13106},{""codeLines"":131,""blankLines"":0,""language"":""XML"",""commentLines"":0},{""codeLines"":5323,""blankLines"":342,""language"":""HTML"",""commentLines"":49}]",2026-09-30T09:12:58,9a592a01b933811da02f2e52e9d5979124dc542e,True,False,False,False,"{""Rust"":8563730,""TypeScript"":2268907,""HTML"":395014,""CSS"":296721,""Python"":251582,""JavaScript"":140142,""Shell"":40519,""Go Template"":684,""Batchfile"":648,""PowerShell"":498}",Release Date;bug;dependencies;documentation;duplicate;enhancement;github_actions;good first issue;help wanted;idea;invalid;javascript;question;rust;wontfix,cdc;connectors;data-engineering;data-integration;data-orchestration;data-pipeline;data-quality;data-transformation;dbt;duckdb;elt;etl;kubernetes;lakehouse;low-code;mcp;no-code;open-source;reverse-etl;self-hosted,v0.0.2,First Release,TypeScript
95828240,rivet-dev/agentos,False,436,108,43,262,Rust,main,Apache License 2.0,https://agentos-sdk.dev,11,4744,11,605341,2024-02-07T01:06:25,2026-10-04T11:03:37,2026-10-04T02:57:52,85,65,1678,82,87613.0,816128.0,97258.0,"[{""codeLines"":356477,""blankLines"":30975,""language"":""Rust"",""commentLines"":44214},{""codeLines"":44,""blankLines"":10,""language"":""Bourne Again Shell"",""commentLines"":2},{""codeLines"":164885,""blankLines"":26677,""language"":""Vim Script"",""commentLines"":37353},{""codeLines"":26411,""blankLines"":2068,""language"":""JavaScript"",""commentLines"":1001},{""codeLines"":14,""blankLines"":1,""language"":""CMake"",""commentLines"":0},{""codeLines"":1167,""blankLines"":154,""language"":""make"",""commentLines"":171},{""codeLines"":13,""blankLines"":0,""language"":""Astro"",""commentLines"":0},{""codeLines"":200,""blankLines"":26,""language"":""Dockerfile"",""commentLines"":24},{""codeLines"":989,""blankLines"":200,""language"":""C/C++ Header"",""commentLines"":309},{""codeLines"":35099,""blankLines"":2,""language"":""JSON"",""commentLines"":0},{""codeLines"":3190,""blankLines"":452,""language"":""Bourne Shell"",""commentLines"":347},{""codeLines"":55,""blankLines"":0,""language"":""HTML"",""commentLines"":0},{""codeLines"":262,""blankLines"":22,""language"":""CSS"",""commentLines"":16},{""codeLines"":427,""blankLines"":28,""language"":""SVG"",""commentLines"":4},{""codeLines"":2515,""blankLines"":369,""language"":""TOML"",""commentLines"":54},{""codeLines"":6,""blankLines"":1,""language"":""DOS Batch"",""commentLines"":3},{""codeLines"":2,""blankLines"":0,""language"":""Text"",""commentLines"":0},{""codeLines"":13,""blankLines"":3,""language"":""JSX"",""commentLines"":0},{""codeLines"":8,""blankLines"":2,""language"":""C++"",""commentLines"":0},{""codeLines"":141,""blankLines"":17,""language"":""Freemarker Template"",""commentLines"":0},{""codeLines"":33388,""blankLines"":9167,""language"":""YAML"",""commentLines"":40},{""codeLines"":10924,""blankLines"":2873,""language"":""Markdown"",""commentLines"":0},{""codeLines"":149911,""blankLines"":11674,""language"":""TypeScript"",""commentLines"":8856},{""codeLines"":18954,""blankLines"":2138,""language"":""C"",""commentLines"":1136},{""codeLines"":10971,""blankLines"":743,""language"":""Diff"",""commentLines"":3712},{""codeLines"":11,""blankLines"":2,""language"":""Prisma Schema"",""commentLines"":0},{""codeLines"":51,""blankLines"":9,""language"":""Python"",""commentLines"":16}]",2026-10-04T10:31:49,f8cc1e34ae61b9b1924fca0f500e722ae9dac497,False,False,False,False,"{""Rust"":15912899,""Vim Script"":10580105,""C"":735546,""TypeScript"":295879,""Shell"":131788,""MDX"":72067,""Makefile"":65910,""Just"":12775,""Dockerfile"":11415,""Fluent"":7580,""Python"":2419,""CSS"":2336,""HTML"":1233,""CMake"":502,""JavaScript"":437,""C++"":345,""Batchfile"":288,""Astro"":224}",aggregate-ci;autorelease: pending;autorelease: tagged;bug;documentation;duplicate;enhancement;good first issue;help wanted;hotfix;invalid;investigate;maintenance;merge queue;platform/cloudflare-workers;question;wontfix,agent;ai;javascript;llm;sandbox;v8;wasm;webassembly,v0.1.0-rc.1,First Release,JavaScript
95833540,pvolok/dekit,False,586,6,32,113,Rust,master,MIT License,https://dekit.run/,13,2737,42,3832,2021-08-30T01:00:56,2026-10-01T06:59:54,2026-10-03T11:10:59,173,69,69,2,4494.0,45816.0,2532.0,"[{""codeLines"":179,""blankLines"":6,""language"":""TypeScript"",""commentLines"":51},{""codeLines"":688,""blankLines"":74,""language"":""JavaScript"",""commentLines"":8},{""codeLines"":198,""blankLines"":40,""language"":""Bourne Shell"",""commentLines"":33},{""codeLines"":2437,""blankLines"":532,""language"":""Markdown"",""commentLines"":4},{""codeLines"":314,""blankLines"":45,""language"":""YAML"",""commentLines"":9},{""codeLines"":1247,""blankLines"":0,""language"":""JSON"",""commentLines"":0},{""codeLines"":113,""blankLines"":15,""language"":""TOML"",""commentLines"":7},{""codeLines"":85,""blankLines"":12,""language"":""PowerShell"",""commentLines"":12},{""codeLines"":40258,""blankLines"":3716,""language"":""Rust"",""commentLines"":2394},{""codeLines"":24,""blankLines"":0,""language"":""Text"",""commentLines"":0},{""codeLines"":273,""blankLines"":54,""language"":""Python"",""commentLines"":14}]",2026-10-01T06:55:20,5db1b7495ac12a3feb6d1803e7a52a06d76311a0,False,False,False,False,"{""Rust"":1327424,""JavaScript"":7489,""Shell"":7009,""PowerShell"":4446}",bug;documentation;duplicate;enhancement;good first issue;help wanted;invalid;question;wontfix,cli;linux;macos;rust;terminal;tui;windows,v0.0.1,First Release,C
95833646,Open-Less/openless,False,1582,29,109,349,Rust,beta,GNU Affero General Public License v3.0,https://github.com/appergb/openless,8,3714,49,101961,2026-04-27T07:25:49,2026-10-04T11:14:21,2026-10-04T03:07:16,450,28,688,18,22884.0,528466.0,21345.0,"[{""codeLines"":37,""blankLines"":0,""language"":""SVG"",""commentLines"":0},{""codeLines"":277,""blankLines"":22,""language"":""TOML"",""commentLines"":48},{""codeLines"":53,""blankLines"":1,""language"":""WiX source"",""commentLines"":10},{""codeLines"":26,""blankLines"":0,""language"":""Visual Studio Solution"",""commentLines"":1},{""codeLines"":12,""blankLines"":3,""language"":""INI"",""commentLines"":0},{""codeLines"":2254,""blankLines"":899,""language"":""Markdown"",""commentLines"":0},{""codeLines"":362,""blankLines"":12,""language"":""Text"",""commentLines"":0},{""codeLines"":172124,""blankLines"":212,""language"":""YAML"",""commentLines"":264},{""codeLines"":24,""blankLines"":6,""language"":""Ruby"",""commentLines"":0},{""codeLines"":2338,""blankLines"":185,""language"":""JSX"",""commentLines"":180},{""codeLines"":4065,""blankLines"":538,""language"":""PowerShell"",""commentLines"":40},{""codeLines"":6,""blankLines"":2,""language"":""DOS Batch"",""commentLines"":0},{""codeLines"":500,""blankLines"":75,""language"":""Python"",""commentLines"":31},{""codeLines"":501,""blankLines"":41,""language"":""XML"",""commentLines"":11},{""codeLines"":70276,""blankLines"":2846,""language"":""TypeScript"",""commentLines"":2841},{""codeLines"":227462,""blankLines"":15271,""language"":""Rust"",""commentLines"":13386},{""codeLines"":873,""blankLines"":103,""language"":""Bourne Shell"",""commentLines"":159},{""codeLines"":246,""blankLines"":57,""language"":""C/C++ Header"",""commentLines"":126},{""codeLines"":14147,""blankLines"":923,""language"":""JavaScript"",""commentLines"":692},{""codeLines"":32,""blankLines"":1,""language"":""Windows Resource File"",""commentLines"":0},{""codeLines"":6,""blankLines"":0,""language"":""Windows Module Definition"",""commentLines"":0},{""codeLines"":2974,""blankLines"":353,""language"":""C++"",""commentLines"":261},{""codeLines"":12384,""blankLines"":1054,""language"":""Kotlin"",""commentLines"":3071},{""codeLines"":105,""blankLines"":10,""language"":""CMake"",""commentLines"":14},{""codeLines"":163,""blankLines"":12,""language"":""HTML"",""commentLines"":10},{""codeLines"":6926,""blankLines"":258,""language"":""CSS"",""commentLines"":200},{""codeLines"":3,""blankLines"":0,""language"":""Bourne Again Shell"",""commentLines"":0},{""codeLines"":10290,""blankLines"":0,""language"":""JSON"",""commentLines"":0}]",2026-09-30T12:32:53,6f9af89583d542ca55e4dbe8b326a47629fc3957,True,False,False,False,"{""Rust"":9758102,""TypeScript"":3110534,""Kotlin"":772349,""JavaScript"":602004,""CSS"":172806,""PowerShell"":161739,""C++"":157765,""Shell"":45353,""Python"":24465,""HTML"":8393,""CMake"":5449,""NSIS"":4092,""Ruby"":849,""C"":604,""AIDL"":592,""Batchfile"":199}",Review effort 1/5;Review effort 2/5;Review effort 3/5;Review effort 4/5;Review effort 5/5;area:agent;area:asr;area:automation;area:clipboard;area:history;area:hotkey;area:i18n;area:ime;area:input;area:provider;area:recording;area:security;area:style;area:ui;area:ux;area:voice;bug;discussion;documentation;duplicate;enhancement;experimental;good-first-issue;governance;help wanted;invalid;large-change;needs-design;needs-repro;needs-review;needs-tests;needs-triage;needs-work;p0;p1;p2;p3;platform:android;platform:linux;platform:macos;platform:windows;privacy-review;question;security;stale-candidate;wontfix,ai-prompt;asr;dictation;linux;llm;macos;open-source;prompt-engineering;rust;speech-to-text;tauri;typeless;typeless-alternative;voice-input;windows;wispr-flow-alternative,v1.0.0,First Release,Swift
95842970,Start9Labs/start-technologies,False,4175,38,93,198,Rust,master,MIT License,https://start9.com,36,1985,46,135830,2020-11-13T11:08:38,2026-10-03T05:50:17,2026-10-04T11:49:18,1410,135,2604,19,38921.0,407879.0,29255.0,"[{""codeLines"":150,""blankLines"":37,""language"":""Diff"",""commentLines"":158},{""codeLines"":91,""blankLines"":28,""language"":""PEG.js"",""commentLines"":2},{""codeLines"":9676,""blankLines"":1389,""language"":""YAML"",""commentLines"":779},{""codeLines"":77647,""blankLines"":9,""language"":""JSON"",""commentLines"":0},{""codeLines"":1152,""blankLines"":202,""language"":""SCSS"",""commentLines"":60},{""codeLines"":73,""blankLines"":20,""language"":""Dockerfile"",""commentLines"":7},{""codeLines"":961,""blankLines"":266,""language"":""make"",""commentLines"":211},{""codeLines"":105966,""blankLines"":9309,""language"":""TypeScript"",""commentLines"":10102},{""codeLines"":29,""blankLines"":6,""language"":""INI"",""commentLines"":0},{""codeLines"":69,""blankLines"":15,""language"":""Lua"",""commentLines"":1},{""codeLines"":3673,""blankLines"":1159,""language"":""Text"",""commentLines"":0},{""codeLines"":1019,""blankLines"":105,""language"":""TOML"",""commentLines"":31},{""codeLines"":166538,""blankLines"":14900,""language"":""Rust"",""commentLines"":15869},{""codeLines"":5824,""blankLines"":45,""language"":""SVG"",""commentLines"":5},{""codeLines"":169,""blankLines"":0,""language"":""XML"",""commentLines"":0},{""codeLines"":1205,""blankLines"":210,""language"":""Bourne Again Shell"",""commentLines"":239},{""codeLines"":2726,""blankLines"":281,""language"":""JavaScript"",""commentLines"":523},{""codeLines"":24800,""blankLines"":9872,""language"":""Markdown"",""commentLines"":67},{""codeLines"":13,""blankLines"":4,""language"":""Python"",""commentLines"":0},{""codeLines"":60,""blankLines"":5,""language"":""CSS"",""commentLines"":1},{""codeLines"":26,""blankLines"":2,""language"":""Pest"",""commentLines"":0},{""codeLines"":5240,""blankLines"":1001,""language"":""Bourne Shell"",""commentLines"":1179},{""codeLines"":664,""blankLines"":45,""language"":""HTML"",""commentLines"":18},{""codeLines"":108,""blankLines"":11,""language"":""SQL"",""commentLines"":3}]",2026-10-03T03:26:35,9be4357521df4905637a1b7e296e95bc8f9521bb,True,False,False,False,"{""Rust"":7098987,""TypeScript"":4250524,""Shell"":370731,""Roff"":269884,""Makefile"":68911,""JavaScript"":61233,""SCSS"":34183,""HTML"":31287,""Python"":6719,""Dockerfile"":3006,""PEG.js"":2769,""Lua"":1981,""CSS"":1027}",StartOS;StartSDK;StartTunnel;StartWRT;approved;brochure;deferred;known solution;needs-triage;repo;start-cli;start-docs;start-registry;upstream;verified,open-source;p2p;personal-server;privacy;router-os;self-hosting;server-os;vpn,v0.2.6,First Release,Haskell
95843037,qualcomm/GenieX,False,2358,19,71,1065,Rust,main,BSD 3-Clause New or Revised License,https://geniex.aihub.qualcomm.com/en/get-started/what-is-geniex,531,8412,17,146398,2024-08-16T08:13:07,2026-10-02T07:59:06,2026-10-04T09:13:38,389,43,1101,21,18373.0,107625.0,14660.0,"[{""codeLines"":42,""blankLines"":12,""language"":""Dockerfile"",""commentLines"":17},{""codeLines"":36,""blankLines"":0,""language"":""Jupyter Notebook"",""commentLines"":195},{""codeLines"":2640,""blankLines"":0,""language"":""JSON"",""commentLines"":0},{""codeLines"":6,""blankLines"":0,""language"":""Linker Script"",""commentLines"":15},{""codeLines"":89,""blankLines"":8,""language"":""HTML"",""commentLines"":1},{""codeLines"":326,""blankLines"":24,""language"":""Diff"",""commentLines"":143},{""codeLines"":103,""blankLines"":11,""language"":""Gradle"",""commentLines"":18},{""codeLines"":687,""blankLines"":167,""language"":""Kotlin"",""commentLines"":342},{""codeLines"":471,""blankLines"":94,""language"":""CMake"",""commentLines"":145},{""codeLines"":5238,""blankLines"":1030,""language"":""C++"",""commentLines"":515},{""codeLines"":14,""blankLines"":1,""language"":""XML"",""commentLines"":0},{""codeLines"":3604,""blankLines"":361,""language"":""YAML"",""commentLines"":297},{""codeLines"":1843,""blankLines"":193,""language"":""C"",""commentLines"":298},{""codeLines"":7155,""blankLines"":1643,""language"":""Python"",""commentLines"":1045},{""codeLines"":8208,""blankLines"":2907,""language"":""Markdown"",""commentLines"":0},{""codeLines"":70,""blankLines"":21,""language"":""DOS Batch"",""commentLines"":2},{""codeLines"":12094,""blankLines"":1648,""language"":""Go"",""commentLines"":1293},{""codeLines"":16,""blankLines"":0,""language"":""INI"",""commentLines"":0},{""codeLines"":623,""blankLines"":25,""language"":""Text"",""commentLines"":0},{""codeLines"":156,""blankLines"":23,""language"":""PowerShell"",""commentLines"":61},{""codeLines"":145,""blankLines"":24,""language"":""TOML"",""commentLines"":20},{""codeLines"":11,""blankLines"":0,""language"":""Properties"",""commentLines"":19},{""codeLines"":36,""blankLines"":0,""language"":""Maven"",""commentLines"":0},{""codeLines"":1000,""blankLines"":144,""language"":""Starlark"",""commentLines"":178},{""codeLines"":218,""blankLines"":31,""language"":""JavaScript"",""commentLines"":22},{""codeLines"":1157,""blankLines"":208,""language"":""CSS"",""commentLines"":1},{""codeLines"":49516,""blankLines"":8374,""language"":""C/C++ Header"",""commentLines"":8149},{""codeLines"":706,""blankLines"":115,""language"":""Bourne Shell"",""commentLines"":235},{""codeLines"":20,""blankLines"":0,""language"":""SVG"",""commentLines"":0},{""codeLines"":11395,""blankLines"":1309,""language"":""Rust"",""commentLines"":1649}]",2026-10-02T07:57:36,a5c8e7fb4a364ddcccefbf187afd1bac52d88de5,True,False,False,False,"{""Rust"":507072,""Go"":451135,""Python"":341635,""C++"":338865,""C"":169295,""Kotlin"":41238,""Starlark"":36685,""CMake"":28169,""Shell"":24909,""PowerShell"":11201,""Inno Setup"":5358,""HTML"":3449,""Linker Script"":746,""JavaScript"":511,""CSS"":202}",stale,gemma4;go;gpt-oss;granite4;hexagon;llama3;llm;local-ai;on-device-ai;qualcomm;qwen3;qwen3vl;sdk;snapdragon;vlm,v0.2.16,First Release,Go
95848938,NVIDIA-NeMo/Switchyard,False,520,103,4,319,Rust,main,Apache License 2.0,,10,3272,58,48029,2026-05-19T07:06:33,2026-10-02T11:12:57,2026-10-04T10:23:42,142,50,764,54,19452.0,135040.0,16278.0,"[{""codeLines"":64252,""blankLines"":5525,""language"":""Rust"",""commentLines"":5581},{""codeLines"":2710,""blankLines"":319,""language"":""Bourne Shell"",""commentLines"":642},{""codeLines"":219,""blankLines"":16,""language"":""SVG"",""commentLines"":0},{""codeLines"":10310,""blankLines"":2882,""language"":""Markdown"",""commentLines"":21},{""codeLines"":35,""blankLines"":5,""language"":""Bourne Again Shell"",""commentLines"":0},{""codeLines"":48774,""blankLines"":10267,""language"":""Python"",""commentLines"":9250},{""codeLines"":13,""blankLines"":1,""language"":""CSS"",""commentLines"":1},{""codeLines"":671,""blankLines"":42,""language"":""Diff"",""commentLines"":327},{""codeLines"":5191,""blankLines"":0,""language"":""JSON"",""commentLines"":0},{""codeLines"":147,""blankLines"":55,""language"":""Dockerfile"",""commentLines"":15},{""codeLines"":18,""blankLines"":7,""language"":""make"",""commentLines"":0},{""codeLines"":58,""blankLines"":8,""language"":""Text"",""commentLines"":0},{""codeLines"":1597,""blankLines"":136,""language"":""YAML"",""commentLines"":154},{""codeLines"":1045,""blankLines"":189,""language"":""TOML"",""commentLines"":287}]",2026-10-02T09:59:36,c8848511a7e2e1d605070c7a68905bdc24c6481a,True,False,False,False,"{""Rust"":2913656,""Python"":2440104,""Shell"":154736,""Dockerfile"":2930,""Mermaid"":1192,""Makefile"":819}",bug;documentation;duplicate;enhancement;external contribution;good first issue;help wanted;invalid;question;wontfix,,v0.0.1,First Release,Python
95851730,66HEX/frame,False,768,4,62,72,Rust,master,GNU General Public License v3.0,https://www.framegui.app/,15,2038,10,121475,2026-01-19T10:49:15,2026-09-28T07:57:42,2026-10-03T11:40:54,81,22,117,3,20628.0,167181.0,16751.0,"[{""codeLines"":2538,""blankLines"":129,""language"":""YAML"",""commentLines"":37},{""codeLines"":121,""blankLines"":23,""language"":""PowerShell"",""commentLines"":0},{""codeLines"":111,""blankLines"":16,""language"":""Nix"",""commentLines"":0},{""codeLines"":68,""blankLines"":8,""language"":""Typst"",""commentLines"":0},{""codeLines"":156674,""blankLines"":18837,""language"":""Rust"",""commentLines"":16017},{""codeLines"":258,""blankLines"":1,""language"":""SVG"",""commentLines"":3},{""codeLines"":1680,""blankLines"":691,""language"":""Markdown"",""commentLines"":1},{""codeLines"":1305,""blankLines"":183,""language"":""TOML"",""commentLines"":60},{""codeLines"":1080,""blankLines"":214,""language"":""WGSL"",""commentLines"":245},{""codeLines"":487,""blankLines"":78,""language"":""Bourne Again Shell"",""commentLines"":1},{""codeLines"":1059,""blankLines"":206,""language"":""HLSL"",""commentLines"":210},{""codeLines"":23,""blankLines"":3,""language"":""Python"",""commentLines"":2},{""codeLines"":166,""blankLines"":28,""language"":""CSS"",""commentLines"":0},{""codeLines"":231,""blankLines"":53,""language"":""Text"",""commentLines"":0},{""codeLines"":31,""blankLines"":0,""language"":""HTML"",""commentLines"":0},{""codeLines"":199,""blankLines"":0,""language"":""JSON"",""commentLines"":0},{""codeLines"":66,""blankLines"":0,""language"":""XML"",""commentLines"":1},{""codeLines"":1082,""blankLines"":158,""language"":""Metal"",""commentLines"":174},{""codeLines"":2,""blankLines"":0,""language"":""Windows Resource File"",""commentLines"":0}]",2026-09-28T07:51:37,44d0b75ae0b82706a1c6d93a4804689f940eaf9f,True,False,False,False,"{""Rust"":2441247,""Shell"":16708,""PowerShell"":4960,""Inno Setup"":1832,""Python"":744}",Area:Hardware;area:audio;area:batch;area:capabilities;area:crop;area:desktop;area:distribution;area:export;area:ffmpeg;area:media-model;area:onboarding;area:presets;area:preview;bug;dependencies;documentation;duplicate;effort:e0;effort:e1;effort:e2;effort:e3;effort:e4;effort:e5;enhancement;github_actions;good first issue;help wanted;impact:d0;impact:d1;impact:d2;impact:d3;impact:d4;invalid;not planned;platform:linux;platform:macos;platform:windows;priority:p0;priority:p1;priority:p2;priority:p3;question;run-bundling;rust;status:deferred;status:fix-now;status:needs-info;status:next;status:planned;status:research;type:distribution;type:research;wontfix,ffmpeg;ffmpeg-gui;gpui;gpui-ce;linux;macos;media-converter;rust;video-conversion;windows,0.1.0,First Release,Svelte
95851810,yynxxxxx/Codex-X,False,177,3,57,492,Rust,main,MIT License,https://codex-x.site,16,4040,3,13450,2026-07-04T03:28:35,2026-10-01T06:59:13,2026-10-04T05:48:02,61,10,7,4,6283.0,76137.0,767.0,"[{""codeLines"":45,""blankLines"":3,""language"":""TOML"",""commentLines"":0},{""codeLines"":514,""blankLines"":105,""language"":""Python"",""commentLines"":62},{""codeLines"":7032,""blankLines"":1032,""language"":""CSS"",""commentLines"":11},{""codeLines"":6,""blankLines"":2,""language"":""Text"",""commentLines"":0},{""codeLines"":774,""blankLines"":23,""language"":""HTML"",""commentLines"":26},{""codeLines"":169,""blankLines"":0,""language"":""JSON"",""commentLines"":0},{""codeLines"":10590,""blankLines"":637,""language"":""TypeScript"",""commentLines"":50},{""codeLines"":1644,""blankLines"":335,""language"":""YAML"",""commentLines"":1},{""codeLines"":242,""blankLines"":2,""language"":""PowerShell"",""commentLines"":16},{""codeLines"":3179,""blankLines"":215,""language"":""JavaScript"",""commentLines"":18},{""codeLines"":49065,""blankLines"":3077,""language"":""Rust"",""commentLines"":563},{""codeLines"":10,""blankLines"":0,""language"":""SVG"",""commentLines"":1},{""codeLines"":2797,""blankLines"":841,""language"":""Markdown"",""commentLines"":19},{""codeLines"":70,""blankLines"":11,""language"":""Bourne Shell"",""commentLines"":0}]",2026-10-01T06:59:10,8f018fddd3ee1a68464e4df8765eb370ede0c76f,True,False,False,False,"{""Rust"":2151363,""TypeScript"":538031,""CSS"":227166,""JavaScript"":103868,""NSIS"":49015,""Python"":26558,""PowerShell"":15010,""Shell"":2424,""HTML"":540}",bug;documentation;duplicate;enhancement;good first issue;help wanted;invalid;question;wontfix,,v0.2.0,First Release,TypeScript
95852027,eval-exec/neomacs,False,24214,111,19,54,Rust,main,GNU General Public License v3.0,https://neomacs.org,22,1538,19,229560,2026-02-03T08:45:40,2026-10-04T02:10:23,2026-10-04T01:45:01,205,57,247,14,464262.0,4657661.0,514892.0,"[{""codeLines"":40,""blankLines"":12,""language"":""Go"",""commentLines"":8},{""codeLines"":885,""blankLines"":295,""language"":""Verilog-SystemVerilog"",""commentLines"":0},{""codeLines"":624,""blankLines"":83,""language"":""PowerShell"",""commentLines"":80},{""codeLines"":28,""blankLines"":13,""language"":""Scheme"",""commentLines"":2},{""codeLines"":329,""blankLines"":44,""language"":""JSX"",""commentLines"":96},{""codeLines"":187,""blankLines"":49,""language"":""JavaScript"",""commentLines"":43},{""codeLines"":489,""blankLines"":85,""language"":""Lua"",""commentLines"":353},{""codeLines"":4169,""blankLines"":1188,""language"":""C/C++ Header"",""commentLines"":1596},{""codeLines"":2580823,""blankLines"":208949,""language"":""Rust"",""commentLines"":228888},{""codeLines"":812,""blankLines"":54,""language"":""Nix"",""commentLines"":75},{""codeLines"":237,""blankLines"":5,""language"":""Swift"",""commentLines"":6},{""codeLines"":725,""blankLines"":280,""language"":""Ada"",""commentLines"":304},{""codeLines"":2594,""blankLines"":168,""language"":""HTML"",""commentLines"":67},{""codeLines"":82,""blankLines"":13,""language"":""CSS"",""commentLines"":5},{""codeLines"":242,""blankLines"":51,""language"":""Dockerfile"",""commentLines"":63},{""codeLines"":93,""blankLines"":95,""language"":""Fortran 77"",""commentLines"":393},{""codeLines"":317,""blankLines"":77,""language"":""Java"",""commentLines"":75},{""codeLines"":1477437,""blankLines"":203040,""language"":""Lisp"",""commentLines"":262458},{""codeLines"":2261,""blankLines"":108,""language"":""XML"",""commentLines"":70},{""codeLines"":42864,""blankLines"":0,""language"":""TNSDL"",""commentLines"":0},{""codeLines"":775,""blankLines"":139,""language"":""Awk"",""commentLines"":227},{""codeLines"":1034,""blankLines"":159,""language"":""WGSL"",""commentLines"":177},{""codeLines"":11287,""blankLines"":2088,""language"":""Python"",""commentLines"":2808},{""codeLines"":979,""blankLines"":312,""language"":""Forth"",""commentLines"":15},{""codeLines"":32,""blankLines"":7,""language"":""Less"",""commentLines"":0},{""codeLines"":93,""blankLines"":18,""language"":""SCSS"",""commentLines"":3},{""codeLines"":1560,""blankLines"":476,""language"":""Ruby"",""commentLines"":73},{""codeLines"":1273,""blankLines"":198,""language"":""TOML"",""commentLines"":366},{""codeLines"":527,""blankLines"":143,""language"":""make"",""commentLines"":62},{""codeLines"":878,""blankLines"":294,""language"":""Smalltalk"",""commentLines"":2},{""codeLines"":5,""blankLines"":0,""language"":""INI"",""commentLines"":0},{""codeLines"":324048,""blankLines"":9810,""language"":""Text"",""commentLines"":0},{""codeLines"":19113,""blankLines"":4202,""language"":""TeX"",""commentLines"":6464},{""codeLines"":2205,""blankLines"":191,""language"":""Pascal"",""commentLines"":241},{""codeLines"":1566,""blankLines"":193,""language"":""Yacc"",""commentLines"":128},{""codeLines"":9513,""blankLines"":1476,""language"":""Bourne Shell"",""commentLines"":1656},{""codeLines"":947,""blankLines"":330,""language"":""Perl"",""commentLines"":378},{""codeLines"":2166,""blankLines"":195,""language"":""MATLAB"",""commentLines"":13},{""codeLines"":188,""blankLines"":35,""language"":""Patran Command Language"",""commentLines"":0},{""codeLines"":2109,""blankLines"":61,""language"":""SVG"",""commentLines"":148},{""codeLines"":117,""blankLines"":17,""language"":""Bourne Again Shell"",""commentLines"":22},{""codeLines"":1236,""blankLines"":252,""language"":""Mercury"",""commentLines"":474},{""codeLines"":153,""blankLines"":26,""language"":""Erlang"",""commentLines"":92},{""codeLines"":16885,""blankLines"":0,""language"":""JSON"",""commentLines"":0},{""codeLines"":32,""blankLines"":5,""language"":""Windows Resource File"",""commentLines"":0},{""codeLines"":50,""blankLines"":14,""language"":""GLSL"",""commentLines"":18},{""codeLines"":1361,""blankLines"":435,""language"":""C++"",""commentLines"":416},{""codeLines"":2242,""blankLines"":594,""language"":""Prolog"",""commentLines"":567},{""codeLines"":1053,""blankLines"":132,""language"":""PHP"",""commentLines"":59},{""codeLines"":113595,""blankLines"":23365,""language"":""Markdown"",""commentLines"":2},{""codeLines"":4440,""blankLines"":468,""language"":""YAML"",""commentLines"":663},{""codeLines"":67,""blankLines"":31,""language"":""M4"",""commentLines"":74},{""codeLines"":601,""blankLines"":117,""language"":""Objective-C"",""commentLines"":130},{""codeLines"":16,""blankLines"":6,""language"":""Tcl/Tk"",""commentLines"":4},{""codeLines"":20277,""blankLines"":3864,""language"":""C"",""commentLines"":5028}]",2026-10-04T01:18:21,3901b48d51e3b25d89dff358fc2d09c881acb275,True,False,False,False,"{""Rust"":129979938,""Emacs Lisp"":75492252,""Common Lisp"":4489815,""C"":1036057,""TeX"":600380,""Python"":540752,""Shell"":420536,""PostScript"":155594,""HTML"":101992,""Ruby"":99296,""Makefile"":93499,""Mercury"":80392,""Pascal"":75359,""Prolog"":72589,""MATLAB"":70571,""JavaScript"":66050,""C++"":60304,""Raku"":60219,""WGSL"":57488,""Smalltalk"":54406,""NewLisp"":54118,""SystemVerilog"":51348,""Slash"":49281,""SRecode Template"":49014,""Yacc"":40928,""Ada"":39126,""Objective-C"":34281,""PHP"":33630,""Awk"":33113,""Perl"":32593,""PowerShell"":30121,""Nix"":29822,""Lua"":20090,""Swift"":13938,""Java"":12833,""Fortran"":12354,""Erlang"":11862,""GDB"":8770,""NSIS"":6826,""M4"":6031,""GLSL"":3147,""SCSS"":2016,""CSS"":1857,""Forth"":1388,""Go"":981,""Modula-2"":890,""Tcl"":876,""Less"":718,""Scheme"":659,""Hack"":210}",area: display;area: elisp;area: input;area: packaging;area: web;area: window-frame;audit;bug;dependencies;design;documentation;duplicate;enhancement;font;github_actions;good first issue;help wanted;invalid;keybinding;package;performance;platform: android;platform: linux;platform: macos;platform: webassembly;platform: windows;question;rust;security;status: cannot-reproduce;status: fixed-pending-release;status: investigating;status: needs-info;status: needs-triage;tracking;wontfix,editor;elisp;emacs;lambda;lisp;neomacs;neovim;productivity;rust;terminal;vim;wgpu;winit,v0.0.1,First Release,Emacs Lisp
95860910,MinerProxyPro/TCMinerProxy,False,71,1,7,28,Rust,main,MIT License,https://www.tcminerproxy.com,20,1002,2,513730,2026-06-23T02:14:10,2026-09-26T04:48:29,2026-10-04T02:25:21,0,0,0,0,455.0,2346.0,20.0,"[{""codeLines"":465,""blankLines"":149,""language"":""Markdown"",""commentLines"":0},{""codeLines"":101,""blankLines"":0,""language"":""SVG"",""commentLines"":1},{""codeLines"":1780,""blankLines"":306,""language"":""Bourne Shell"",""commentLines"":19}]",2026-09-26T04:47:33,738ae6ab0753a06c6055b22837d760f8565db4ea,True,False,False,False,"{""Rust"":70533}",bug;documentation;duplicate;enhancement;good first issue;help wanted;invalid;question;wontfix,bitcoin;btcminer;btcminerproxy;miner;minerproxy;mining-proxy;mining-software;proxy;rust;stratum-proxy,5.0.3,First Release,Roff
95861237,nasa/spacewasm,False,282,7,24,64,Rust,main,Apache License 2.0,,8,1602,14,1529,2026-06-24T03:11:27,2026-09-28T05:39:30,2026-10-03T03:52:27,48,15,162,9,7853.0,72518.0,5801.0,"[{""codeLines"":25,""blankLines"":5,""language"":""Logos"",""commentLines"":0},{""codeLines"":88,""blankLines"":13,""language"":""make"",""commentLines"":11},{""codeLines"":916,""blankLines"":168,""language"":""C"",""commentLines"":141},{""codeLines"":103,""blankLines"":37,""language"":""Python"",""commentLines"":17},{""codeLines"":489,""blankLines"":163,""language"":""Markdown"",""commentLines"":0},{""codeLines"":381,""blankLines"":105,""language"":""C/C++ Header"",""commentLines"":412},{""codeLines"":694,""blankLines"":114,""language"":""YAML"",""commentLines"":76},{""codeLines"":116,""blankLines"":28,""language"":""Bourne Shell"",""commentLines"":11},{""codeLines"":9,""blankLines"":0,""language"":""SVG"",""commentLines"":0},{""codeLines"":45780,""blankLines"":3316,""language"":""WebAssembly"",""commentLines"":1635},{""codeLines"":23631,""blankLines"":3843,""language"":""Rust"",""commentLines"":3464},{""codeLines"":228,""blankLines"":51,""language"":""TOML"",""commentLines"":34},{""codeLines"":58,""blankLines"":10,""language"":""CMake"",""commentLines"":0}]",2026-09-28T05:39:29,8edab90456fd05bf38ccb3457863fe905c5e64f3,False,False,False,False,"{""Rust"":1039482,""C"":83688,""Makefile"":4942,""Python"":4360,""CMake"":2109,""RPC"":1253,""Shell"":470}",WebAssembly Proposal;ci;documentation;duplicate;formal verification;fuzz;good first issue;help wanted;invalid;post-v1.0;question;wontfix,embedded-systems;flight-software;webassembly,v0.1.0,First Release,WebAssembly
95871698,andrewrabert/jellium-desktop,False,1155,9,0,143,Rust,main,GNU General Public License v2.0,https://github.com/andrewrabert/jellium-desktop,17,1861,23,7954,2026-01-08T12:54:00,2026-09-26T10:23:12,2026-10-03T10:34:36,405,154,308,34,7230.0,63070.0,7228.0,"[{""codeLines"":31,""blankLines"":2,""language"":""Dockerfile"",""commentLines"":9},{""codeLines"":7,""blankLines"":0,""language"":""JSON"",""commentLines"":0},{""codeLines"":18,""blankLines"":6,""language"":""GLSL"",""commentLines"":1},{""codeLines"":24,""blankLines"":5,""language"":""WGSL"",""commentLines"":8},{""codeLines"":16,""blankLines"":6,""language"":""Bourne Again Shell"",""commentLines"":12},{""codeLines"":33,""blankLines"":0,""language"":""HTML"",""commentLines"":0},{""codeLines"":27,""blankLines"":6,""language"":""Python"",""commentLines"":1},{""codeLines"":185,""blankLines"":1,""language"":""CSS"",""commentLines"":0},{""codeLines"":65,""blankLines"":0,""language"":""XML"",""commentLines"":0},{""codeLines"":1480,""blankLines"":190,""language"":""JavaScript"",""commentLines"":81},{""codeLines"":79,""blankLines"":20,""language"":""Markdown"",""commentLines"":0},{""codeLines"":321,""blankLines"":65,""language"":""Bourne Shell"",""commentLines"":58},{""codeLines"":131,""blankLines"":0,""language"":""SVG"",""commentLines"":0},{""codeLines"":56668,""blankLines"":6524,""language"":""Rust"",""commentLines"":6936},{""codeLines"":2097,""blankLines"":118,""language"":""TOML"",""commentLines"":15},{""codeLines"":470,""blankLines"":72,""language"":""PowerShell"",""commentLines"":62},{""codeLines"":656,""blankLines"":64,""language"":""YAML"",""commentLines"":45},{""codeLines"":628,""blankLines"":139,""language"":""Text"",""commentLines"":0},{""codeLines"":134,""blankLines"":12,""language"":""INI"",""commentLines"":0}]",2026-09-19T09:17:53,14dc0845981cb7c0aef5fa93ff539d927c8f0eb2,True,False,False,False,"{""Rust"":2339325,""JavaScript"":74130,""PowerShell"":22735,""Shell"":16596,""Just"":6239,""CSS"":3654,""Dockerfile"":2373,""WGSL"":1223,""Python"":1068,""HTML"":825,""GLSL"":565}",appimage;bug;dependencies;discussion;enhancement;external-enhancement;flatpak;help-wanted;invalid;invalid-version;linux;macos;mpv;nix;plugin;rust;submodules;unstable-server;unsupported-version;wayland;windows;x11,,7729722ab360106c9f325af627048a965b0a5966,10% Commit (115/1155),C
95871709,router-for-me/EasyCLIProxyAPI,False,602,3,109,222,Rust,main,MIT License,,7,2686,5,24305,2025-09-07T07:30:58,2026-10-04T11:58:20,2026-10-04T01:21:09,152,30,176,22,9094.0,122254.0,1760.0,"[{""codeLines"":65519,""blankLines"":3863,""language"":""Rust"",""commentLines"":51},{""codeLines"":91,""blankLines"":0,""language"":""SVG"",""commentLines"":1},{""codeLines"":58,""blankLines"":6,""language"":""TOML"",""commentLines"":1},{""codeLines"":1,""blankLines"":0,""language"":""Text"",""commentLines"":0},{""codeLines"":114,""blankLines"":10,""language"":""Python"",""commentLines"":0},{""codeLines"":13648,""blankLines"":2262,""language"":""CSS"",""commentLines"":27},{""codeLines"":52,""blankLines"":14,""language"":""Bourne Shell"",""commentLines"":0},{""codeLines"":2922,""blankLines"":195,""language"":""JavaScript"",""commentLines"":739},{""codeLines"":350,""blankLines"":20,""language"":""YAML"",""commentLines"":2},{""codeLines"":1029,""blankLines"":476,""language"":""Markdown"",""commentLines"":0},{""codeLines"":225,""blankLines"":39,""language"":""PowerShell"",""commentLines"":0},{""codeLines"":50,""blankLines"":0,""language"":""HTML"",""commentLines"":0},{""codeLines"":2332,""blankLines"":0,""language"":""JSON"",""commentLines"":0},{""codeLines"":35863,""blankLines"":2209,""language"":""TypeScript"",""commentLines"":939}]",2026-10-04T11:57:22,d4e49a240c57985dbbb49a17f8b44a28ac896401,False,False,False,False,"{""Rust"":2752788,""TypeScript"":2321507,""CSS"":539122,""JavaScript"":487474,""PowerShell"":8667,""Python"":7039,""Shell"":1731,""HTML"":898}",Legacy-Dec-8-2025;bug;documentation;duplicate;enhancement;good first issue;help wanted;invalid;question;wontfix,,v0.0.1,First Release,JavaScript
95871889,0xSero/litter,False,745,132,26,202,Rust,main,Other,,7,2523,26,166997,2026-02-21T05:55:47,2026-10-01T03:20:33,2026-10-04T06:04:26,108,7,297,5,19801.0,201566.0,19386.0,"[{""codeLines"":0,""blankLines"":0,""language"":""ProGuard"",""commentLines"":2},{""codeLines"":533,""blankLines"":0,""language"":""JSON"",""commentLines"":0},{""codeLines"":1652,""blankLines"":238,""language"":""Java"",""commentLines"":11},{""codeLines"":63448,""blankLines"":6752,""language"":""Swift"",""commentLines"":4443},{""codeLines"":699,""blankLines"":105,""language"":""CSS"",""commentLines"":50},{""codeLines"":2738,""blankLines"":180,""language"":""Diff"",""commentLines"":2156},{""codeLines"":976,""blankLines"":111,""language"":""HTML"",""commentLines"":22},{""codeLines"":245,""blankLines"":39,""language"":""Gradle"",""commentLines"":11},{""codeLines"":194,""blankLines"":29,""language"":""AppleScript"",""commentLines"":22},{""codeLines"":978,""blankLines"":7,""language"":""XML"",""commentLines"":5},{""codeLines"":2144,""blankLines"":221,""language"":""JavaScript"",""commentLines"":75},{""codeLines"":65347,""blankLines"":5789,""language"":""Rust"",""commentLines"":8917},{""codeLines"":7564,""blankLines"":1023,""language"":""Bourne Shell"",""commentLines"":687},{""codeLines"":220,""blankLines"":26,""language"":""SVG"",""commentLines"":75},{""codeLines"":809,""blankLines"":127,""language"":""make"",""commentLines"":102},{""codeLines"":270,""blankLines"":35,""language"":""TOML"",""commentLines"":64},{""codeLines"":12,""blankLines"":0,""language"":""PowerShell"",""commentLines"":4},{""codeLines"":61,""blankLines"":13,""language"":""C/C++ Header"",""commentLines"":18},{""codeLines"":61,""blankLines"":14,""language"":""Text"",""commentLines"":0},{""codeLines"":12,""blankLines"":0,""language"":""Properties"",""commentLines"":0},{""codeLines"":71,""blankLines"":21,""language"":""DOS Batch"",""commentLines"":2},{""codeLines"":681,""blankLines"":97,""language"":""TypeScript"",""commentLines"":28},{""codeLines"":71,""blankLines"":13,""language"":""Ruby"",""commentLines"":0},{""codeLines"":2214,""blankLines"":292,""language"":""Python"",""commentLines"":45},{""codeLines"":508,""blankLines"":67,""language"":""Objective-C"",""commentLines"":5},{""codeLines"":84,""blankLines"":38,""language"":""WiX source"",""commentLines"":106},{""codeLines"":959,""blankLines"":89,""language"":""C++"",""commentLines"":16},{""codeLines"":41762,""blankLines"":3237,""language"":""Kotlin"",""commentLines"":2307},{""codeLines"":13,""blankLines"":4,""language"":""CMake"",""commentLines"":0},{""codeLines"":4247,""blankLines"":484,""language"":""YAML"",""commentLines"":200},{""codeLines"":2993,""blankLines"":750,""language"":""Markdown"",""commentLines"":13}]",2026-10-01T03:20:33,366aefdd616f16b9efb6c888be6cfd916bda47d6,False,False,False,False,"{""Rust"":2927299,""Swift"":2886097,""Kotlin"":1881882,""Shell"":320308,""Python"":96774,""JavaScript"":80257,""C"":73712,""Java"":71141,""Makefile"":48926,""HTML"":41380,""C++"":32762,""TypeScript"":24960,""Objective-C"":23107,""CSS"":18905,""AppleScript"":8067,""Ruby"":3664,""PowerShell"":891,""CMake"":638}",bug;documentation;duplicate;enhancement;good first issue;help wanted;invalid;priority: critical;priority: later;priority: next;question;wontfix,,v1.0.0-android-r1,First Release,Kotlin
95887809,QuipNetwork/quip-miner,False,1938,16,0,162,Rust,main,GNU Affero General Public License v3.0,https://quip.network/,35,11595,4,84457,2026-01-16T05:39:29,2026-10-02T04:11:33,2026-10-04T08:38:35,29,7,9,1,19475.0,95256.0,27562.0,"[{""codeLines"":38,""blankLines"":16,""language"":""Text"",""commentLines"":0},{""codeLines"":175,""blankLines"":24,""language"":""TOML"",""commentLines"":99},{""codeLines"":66860,""blankLines"":16488,""language"":""Python"",""commentLines"":21730},{""codeLines"":380,""blankLines"":52,""language"":""YAML"",""commentLines"":268},{""codeLines"":1244,""blankLines"":303,""language"":""Markdown"",""commentLines"":3},{""codeLines"":475,""blankLines"":0,""language"":""JSON"",""commentLines"":0},{""codeLines"":101,""blankLines"":28,""language"":""Dockerfile"",""commentLines"":86},{""codeLines"":23890,""blankLines"":2150,""language"":""Rust"",""commentLines"":4795},{""codeLines"":172,""blankLines"":18,""language"":""Bourne Shell"",""commentLines"":103},{""codeLines"":1169,""blankLines"":281,""language"":""Metal"",""commentLines"":327},{""codeLines"":752,""blankLines"":115,""language"":""Cuda"",""commentLines"":151}]",2026-10-02T03:18:03,d58a7c79826c22b9bc071850a8f3bb453dd186b5,True,False,False,False,"{""Python"":3924992,""Rust"":1242332,""Metal"":67704,""Cuda"":35600,""Shell"":11712}",bug;documentation;duplicate;enhancement;good first issue;help wanted;invalid;question;spam;wontfix,cryptocurrency;ising;ising-model;ising-spin-models;mining;quantum;quantum-annealing;quantum-computing;quantum-sim-engine;quantum-simulation;quantum-simulations;quantum-simulator;quantum-simulators,7666d7283cf5a83a04cca656fbf8611fcd9a477d,10% Commit (193/1938),Python
95895538,redheadesign/music-island,False,39,1,14,44,Rust,master,Other,,0,1003,1,45149,2026-07-08T09:43:49,2026-09-23T02:42:09,2026-10-03T07:46:57,32,1,0,0,28465.0,184533.0,4531.0,"[{""codeLines"":39570,""blankLines"":4194,""language"":""Rust"",""commentLines"":3941},{""codeLines"":67,""blankLines"":0,""language"":""SVG"",""commentLines"":0},{""codeLines"":20,""blankLines"":0,""language"":""XML"",""commentLines"":0},{""codeLines"":1564,""blankLines"":92,""language"":""JavaScript"",""commentLines"":22},{""codeLines"":93044,""blankLines"":21061,""language"":""Text"",""commentLines"":0},{""codeLines"":546,""blankLines"":0,""language"":""CSV"",""commentLines"":0},{""codeLines"":17,""blankLines"":4,""language"":""DOS Batch"",""commentLines"":0},{""codeLines"":336,""blankLines"":22,""language"":""TOML"",""commentLines"":53},{""codeLines"":64,""blankLines"":9,""language"":""PowerShell"",""commentLines"":0},{""codeLines"":20468,""blankLines"":4,""language"":""JSON"",""commentLines"":0},{""codeLines"":19537,""blankLines"":1443,""language"":""TypeScript"",""commentLines"":454},{""codeLines"":2531,""blankLines"":923,""language"":""Markdown"",""commentLines"":0},{""codeLines"":110,""blankLines"":14,""language"":""Python"",""commentLines"":10},{""codeLines"":6607,""blankLines"":699,""language"":""CSS"",""commentLines"":46},{""codeLines"":52,""blankLines"":0,""language"":""HTML"",""commentLines"":5}]",2026-09-23T02:42:05,0f4e5cd6cb8140d055edfd7f60afe5ec4ca2d6a1,False,False,False,False,"{""Rust"":1721580,""TypeScript"":994107,""CSS"":227957,""JavaScript"":75993,""Python"":6809,""PowerShell"":3232,""Batchfile"":800,""HTML"":372}",bug;critical;documentation;duplicate;enhancement;good first issue;help wanted;invalid;question;wontfix,gpl3;music;overlay;smtc;tauri;windows,v0.8.0,First Release,TypeScript
95896965,denialwm/denial,False,172,2,19,35,Rust,main,Other,https://denialwm.org,10,1118,1,32532,2026-07-17T03:38:48,2026-10-03T07:55:34,2026-10-03T04:39:48,153,42,42,2,27559.0,327232.0,14079.0,"[{""codeLines"":27006,""blankLines"":0,""language"":""JSON"",""commentLines"":0},{""codeLines"":5,""blankLines"":5,""language"":""C/C++ Header"",""commentLines"":5},{""codeLines"":2370,""blankLines"":277,""language"":""Python"",""commentLines"":167},{""codeLines"":2637,""blankLines"":173,""language"":""YAML"",""commentLines"":9},{""codeLines"":14132,""blankLines"":3204,""language"":""Markdown"",""commentLines"":0},{""codeLines"":136837,""blankLines"":14635,""language"":""Dart"",""commentLines"":8399},{""codeLines"":167,""blankLines"":13,""language"":""C"",""commentLines"":14},{""codeLines"":126383,""blankLines"":7660,""language"":""Rust"",""commentLines"":5037},{""codeLines"":501,""blankLines"":60,""language"":""Bourne Shell"",""commentLines"":24},{""codeLines"":646,""blankLines"":16,""language"":""SVG"",""commentLines"":0},{""codeLines"":321,""blankLines"":17,""language"":""XML"",""commentLines"":3},{""codeLines"":2104,""blankLines"":83,""language"":""Nix"",""commentLines"":77},{""codeLines"":612,""blankLines"":73,""language"":""Flatbuffers"",""commentLines"":149},{""codeLines"":3,""blankLines"":4,""language"":""C++"",""commentLines"":4},{""codeLines"":12305,""blankLines"":1072,""language"":""Bourne Again Shell"",""commentLines"":186},{""codeLines"":193,""blankLines"":19,""language"":""TOML"",""commentLines"":2},{""codeLines"":15,""blankLines"":5,""language"":""CMake"",""commentLines"":3},{""codeLines"":995,""blankLines"":243,""language"":""Text"",""commentLines"":0}]",2026-09-21T03:09:18,0fccf2c68ea560402153491a4efeabe6caefaa4e,False,False,False,False,"{""Rust"":4474439,""Dart"":4281058,""Shell"":491170,""Python"":74733,""Nix"":41739,""C++"":9204,""CMake"":5559,""C"":2029}",Scaling Issue;awaiting feedback;bug;documentation;duplicate;enhancement;good first issue;help wanted;invalid;question;wontfix,arch-linux;compositor;dart;debian;desktop-environment;drm;fedora;flutter;impeller;kms;nixos;passion-project;rust;smithay;void-linux;wayland;wayland-compositor;window-manager;xwayland,v0.1.0,First Release,Dart
95910673,Pinvou/pinvou-agent,False,521,92,23,333,Rust,main,MIT License,https://pinvou.com/,240,2308,9,313700,2026-07-24T07:28:41,2026-10-03T09:15:22,2026-10-04T11:31:22,41,17,610,27,60880.0,534575.0,62303.0,"[{""codeLines"":2907,""blankLines"":332,""language"":""Bourne Shell"",""commentLines"":557},{""codeLines"":2032,""blankLines"":228,""language"":""PowerShell"",""commentLines"":61},{""codeLines"":17,""blankLines"":4,""language"":""C++"",""commentLines"":0},{""codeLines"":405,""blankLines"":0,""language"":""SVG"",""commentLines"":2},{""codeLines"":232435,""blankLines"":18041,""language"":""Rust"",""commentLines"":37929},{""codeLines"":2180,""blankLines"":283,""language"":""YAML"",""commentLines"":849},{""codeLines"":107969,""blankLines"":29370,""language"":""Markdown"",""commentLines"":23},{""codeLines"":109528,""blankLines"":7374,""language"":""JavaScript"",""commentLines"":15079},{""codeLines"":412,""blankLines"":8,""language"":""HTML"",""commentLines"":7},{""codeLines"":136,""blankLines"":33,""language"":""Text"",""commentLines"":0},{""codeLines"":19654,""blankLines"":3471,""language"":""Python"",""commentLines"":2595},{""codeLines"":1448,""blankLines"":79,""language"":""CSS"",""commentLines"":100},{""codeLines"":39386,""blankLines"":1564,""language"":""JSX"",""commentLines"":4619},{""codeLines"":545,""blankLines"":81,""language"":""TOML"",""commentLines"":414},{""codeLines"":15363,""blankLines"":0,""language"":""JSON"",""commentLines"":0},{""codeLines"":62,""blankLines"":5,""language"":""TypeScript"",""commentLines"":24},{""codeLines"":96,""blankLines"":7,""language"":""XML"",""commentLines"":44}]",2026-10-03T06:01:55,76cb1dbf44b4f8b18c87b03e1e0dc110a109b0fc,False,False,False,False,"{""Rust"":13714303,""JavaScript"":9344504,""Python"":1146102,""MDX"":509888,""Shell"":194146,""PowerShell"":95450,""CSS"":51694,""HTML"":14991,""NSIS"":4867,""C++"":1066}",bug;ci:full-rust;dependencies;documentation;duplicate;enhancement;good first issue;help wanted;invalid;javascript;question;rust;wontfix,ai-agent;automation;desktop-app;llm;local-first;mcp;open-source;react;rust;tauri,v0.6.5,First Release,JavaScript
95911579,Yazelix/nova,False,811,5,13,52,Rust,main,Apache License 2.0,https://nova.yazelix.com,4,1195,1,214259,2024-01-20T09:15:45,2026-10-04T01:37:20,2026-10-04T12:20:58,646,21,37,0,2412.0,27156.0,1866.0,"[{""codeLines"":19128,""blankLines"":1365,""language"":""Rust"",""commentLines"":1673},{""codeLines"":1804,""blankLines"":62,""language"":""Nix"",""commentLines"":119},{""codeLines"":413,""blankLines"":0,""language"":""JSON"",""commentLines"":0},{""codeLines"":121,""blankLines"":14,""language"":""Lua"",""commentLines"":0},{""codeLines"":4256,""blankLines"":802,""language"":""Markdown"",""commentLines"":0},{""codeLines"":38,""blankLines"":5,""language"":""Scheme"",""commentLines"":1},{""codeLines"":119,""blankLines"":12,""language"":""Bourne Shell"",""commentLines"":0},{""codeLines"":543,""blankLines"":67,""language"":""YAML"",""commentLines"":9},{""codeLines"":42,""blankLines"":0,""language"":""Text"",""commentLines"":0},{""codeLines"":241,""blankLines"":35,""language"":""Python"",""commentLines"":14},{""codeLines"":451,""blankLines"":50,""language"":""TOML"",""commentLines"":50}]",2026-10-03T11:10:02,14fb496f3f895ca91fbd212b3a49a493dfb428d5,True,False,False,False,"{""Rust"":797406,""Nix"":94582,""Python"":25957,""Lua"":10268,""Shell"":5132,""Scheme"":1822,""Nu"":600}",bug;documentation;duplicate;enhancement;good first issue;help wanted;invalid;question;v4;v6;v7;v8;wontfix,editor;file-manager;helix;home-manager;ide;lua;multiplexer;nix;nix-flake;nushell;plugins;rust;shell;terminal;terminal-editor;terminal-emulator;yazi;zellij,v11,First Release,Nu
95911756,rivet-dev/actors,False,6138,1058,104,253,Rust,main,Apache License 2.0,https://www.rivet.dev,18,6153,27,418442,2023-06-16T11:51:15,2026-09-19T04:48:56,2026-09-20T09:49:13,439,16,5274,267,130548.0,1263807.0,106891.0,"[{""codeLines"":2026,""blankLines"":0,""language"":""Unity-Prefab"",""commentLines"":0},{""codeLines"":164,""blankLines"":15,""language"":""XML"",""commentLines"":1},{""codeLines"":884,""blankLines"":219,""language"":""Python"",""commentLines"":199},{""codeLines"":41204,""blankLines"":7852,""language"":""YAML"",""commentLines"":324},{""codeLines"":37456,""blankLines"":15238,""language"":""Markdown"",""commentLines"":4},{""codeLines"":326,""blankLines"":1,""language"":""SVG"",""commentLines"":2},{""codeLines"":98660,""blankLines"":18633,""language"":""C#"",""commentLines"":33442},{""codeLines"":65,""blankLines"":1,""language"":""Visual Studio Solution"",""commentLines"":1},{""codeLines"":25,""blankLines"":1,""language"":""Diff"",""commentLines"":13},{""codeLines"":2968,""blankLines"":434,""language"":""Go"",""commentLines"":223},{""codeLines"":297246,""blankLines"":30315,""language"":""TypeScript"",""commentLines"":18026},{""codeLines"":19,""blankLines"":5,""language"":""INI"",""commentLines"":0},{""codeLines"":7368,""blankLines"":378,""language"":""Text"",""commentLines"":0},{""codeLines"":30,""blankLines"":5,""language"":""Handlebars"",""commentLines"":0},{""codeLines"":3381,""blankLines"":406,""language"":""TOML"",""commentLines"":251},{""codeLines"":37,""blankLines"":10,""language"":""PowerShell"",""commentLines"":4},{""codeLines"":317767,""blankLines"":10488,""language"":""JavaScript"",""commentLines"":30504},{""codeLines"":1614,""blankLines"":250,""language"":""CSS"",""commentLines"":111},{""codeLines"":6126,""blankLines"":683,""language"":""HTML"",""commentLines"":67},{""codeLines"":1911,""blankLines"":398,""language"":""Bourne Shell"",""commentLines"":290},{""codeLines"":4998,""blankLines"":713,""language"":""Swift"",""commentLines"":225},{""codeLines"":365164,""blankLines"":44176,""language"":""Rust"",""commentLines"":22890},{""codeLines"":117,""blankLines"":3,""language"":""SQL"",""commentLines"":1},{""codeLines"":73068,""blankLines"":70,""language"":""JSON"",""commentLines"":0},{""codeLines"":1137,""blankLines"":243,""language"":""Dockerfile"",""commentLines"":313},{""codeLines"":46,""blankLines"":11,""language"":""Bourne Again Shell"",""commentLines"":0}]",2026-09-18T10:41:44,78336a1a0ee33bb45e6b15e89963cbe91713353b,False,False,False,False,"{""Rust"":11630885,""TypeScript"":4033773,""MDX"":1200153,""Swift"":207490,""Astro"":122580,""JavaScript"":114202,""Shell"":90379,""Dockerfile"":65850,""Python"":49333,""CSS"":24766,""HTML"":9996,""PowerShell"":1621,""Just"":993,""Handlebars"":973}",2 points;analytics;api;api library;autorelease: pending;autorelease: tagged;benchmark;bolt;bug;cdn;chat;chirp;cli;cloud;codex;dependencies;developer dashboard;devops;documentation;duplicate;dynamic-servers;elastic-lobbies.;enhancement;game guard;good first issue;group;help wanted;high priority;hub;identity;infrastructure;invalid;investigate;javascript;job;kv;logging;low priority;maintenance;matchmaker;medium priority;merge-queue;monitoring;oss;performance;pkg/svc/kv;pkg/svc/mm;public;public-tmp;question;release-please:force-run;rust;tmp-public;upload;windows;wontfix;workflows,actor;actors;cloudflare;cloudflare-durable-objects;durable-objects;foundationdb;multiplayer;realtime;rust;serverless,v2.0.21,First Release,TypeScript
95915047,PrimeIntellect-ai/prime-agent,False,4983,240,87,2376,Rust,main,Other,,86,21522,220,106386,2026-05-08T01:42:41,2026-10-04T11:40:28,2026-10-04T02:29:58,391,20,2554,101,34821.0,549698.0,111331.0,"[{""codeLines"":42,""blankLines"":0,""language"":""SVG"",""commentLines"":0},{""codeLines"":866,""blankLines"":99,""language"":""TOML"",""commentLines"":131},{""codeLines"":469434,""blankLines"":29688,""language"":""Rust"",""commentLines"":103466},{""codeLines"":41539,""blankLines"":12,""language"":""JSON"",""commentLines"":0},{""codeLines"":68,""blankLines"":6,""language"":""TypeScript"",""commentLines"":11},{""codeLines"":48,""blankLines"":12,""language"":""C"",""commentLines"":12},{""codeLines"":26538,""blankLines"":3777,""language"":""Python"",""commentLines"":5141},{""codeLines"":867,""blankLines"":153,""language"":""CSS"",""commentLines"":0},{""codeLines"":48,""blankLines"":1,""language"":""HTML"",""commentLines"":0},{""codeLines"":489,""blankLines"":53,""language"":""PowerShell"",""commentLines"":300},{""codeLines"":2073,""blankLines"":87,""language"":""YAML"",""commentLines"":950},{""codeLines"":35,""blankLines"":8,""language"":""Ruby"",""commentLines"":13},{""codeLines"":2002,""blankLines"":100,""language"":""Bourne Shell"",""commentLines"":1162},{""codeLines"":2897,""blankLines"":602,""language"":""Markdown"",""commentLines"":14},{""codeLines"":2641,""blankLines"":201,""language"":""JavaScript"",""commentLines"":69},{""codeLines"":106,""blankLines"":22,""language"":""make"",""commentLines"":62},{""codeLines"":5,""blankLines"":0,""language"":""TableGen"",""commentLines"":0}]",2026-10-03T11:33:38,c24ac227f11f552ed1d3fa8ebc7d916937d7f6bc,True,False,False,False,"{""Rust"":23099761,""Python"":1595103,""Shell"":130797,""JavaScript"":68264,""PowerShell"":46418,""CSS"":21911,""Makefile"":10249,""TypeScript"":2423,""HTML"":2135,""Ruby"":1938,""C"":1709}",bug;dependencies;design-approved;documentation;duplicate;enhancement;github_actions;good first issue;help wanted;invalid;javascript;no-changelog;pkg:coding-agent;pre-release;python:uv;question;wontfix,,v0.0.1,First Release,TypeScript
95923859,amadeusprotocol/node,False,706,13,105,102,Rust,main,,,16,5571,5,55845,2024-03-07T01:31:57,2026-10-03T04:04:04,2026-10-04T09:57:46,10,7,18,3,4193.0,26287.0,2878.0,"[{""codeLines"":97,""blankLines"":17,""language"":""TOML"",""commentLines"":1},{""codeLines"":145,""blankLines"":23,""language"":""Bourne Shell"",""commentLines"":43},{""codeLines"":11436,""blankLines"":1785,""language"":""Elixir"",""commentLines"":1125},{""codeLines"":645,""blankLines"":165,""language"":""Markdown"",""commentLines"":0},{""codeLines"":833,""blankLines"":186,""language"":""TypeScript"",""commentLines"":60},{""codeLines"":31,""blankLines"":10,""language"":""Dockerfile"",""commentLines"":2},{""codeLines"":24,""blankLines"":6,""language"":""EEx"",""commentLines"":0},{""codeLines"":13076,""blankLines"":2001,""language"":""Rust"",""commentLines"":1647}]",2026-10-03T04:03:55,1d780e011e058bfb2ada120351cd062e89e16053,False,False,False,False,"{""Rust"":675458,""Elixir"":555822,""TypeScript"":31863,""Shell"":10157,""Dockerfile"":1767}",bug;documentation;duplicate;enhancement;good first issue;help wanted;invalid;question;wontfix,,v0.1.1,First Release,Elixir
95924212,shift-labs-ai/markit,False,210,2,11,53,Rust,main,MIT License,,6,1303,1,5605,2026-03-25T01:03:51,2026-08-17T10:50:50,2026-08-18T01:48:40,8,2,7,1,3060.0,31566.0,3291.0,"[{""codeLines"":26459,""blankLines"":2581,""language"":""Rust"",""commentLines"":3169},{""codeLines"":54,""blankLines"":8,""language"":""TOML"",""commentLines"":12},{""codeLines"":1472,""blankLines"":200,""language"":""Python"",""commentLines"":57},{""codeLines"":437,""blankLines"":141,""language"":""Markdown"",""commentLines"":0},{""codeLines"":599,""blankLines"":77,""language"":""TypeScript"",""commentLines"":37},{""codeLines"":81,""blankLines"":8,""language"":""JavaScript"",""commentLines"":2},{""codeLines"":2031,""blankLines"":0,""language"":""JSON"",""commentLines"":0},{""codeLines"":205,""blankLines"":10,""language"":""YAML"",""commentLines"":11},{""codeLines"":228,""blankLines"":35,""language"":""Bourne Shell"",""commentLines"":3}]",2026-08-17T10:50:46,4197c76a651607421c5dcd05c0f94555ad1d6a9c,True,False,False,False,"{""Rust"":1106205,""Python"":65120,""TypeScript"":16564,""Shell"":11006,""JavaScript"":7513}",bug;documentation;duplicate;enhancement;good first issue;help wanted;invalid;question;wontfix,,v0.1.3,First Release,TypeScript
95924490,AntigmaLabs/ante,False,449,1,102,68,Rust,main,Apache License 2.0,https://antigma.ai,3,1999,15,98429,2025-12-23T11:42:44,2026-10-04T04:21:28,2026-10-04T11:12:46,53,13,163,1,5748.0,43558.0,908.0,"[{""codeLines"":637,""blankLines"":53,""language"":""TypeScript"",""commentLines"":21},{""codeLines"":81,""blankLines"":20,""language"":""JavaScript"",""commentLines"":6},{""codeLines"":21083,""blankLines"":0,""language"":""JSON"",""commentLines"":0},{""codeLines"":11878,""blankLines"":4349,""language"":""Markdown"",""commentLines"":0},{""codeLines"":7516,""blankLines"":982,""language"":""Rust"",""commentLines"":760},{""codeLines"":14,""blankLines"":0,""language"":""SVG"",""commentLines"":0},{""codeLines"":135,""blankLines"":13,""language"":""TOML"",""commentLines"":6},{""codeLines"":383,""blankLines"":39,""language"":""YAML"",""commentLines"":8},{""codeLines"":1599,""blankLines"":250,""language"":""Python"",""commentLines"":91},{""codeLines"":232,""blankLines"":42,""language"":""CSS"",""commentLines"":16}]",2026-10-04T04:21:26,0a958b1cb0b2fabd5b48a218264e6758fc2849ec,True,False,False,False,"{""Rust"":334852,""Python"":113104,""TypeScript"":22606,""CSS"":17147,""JavaScript"":3676,""RenderScript"":1}",automated;bug;dependencies;documentation;duplicate;enhancement;github_actions;good first issue;help wanted;invalid;javascript;offline-mode-ux;p1;p2;pending release;question;sync;wontfix,agent;agentic-ai;ai-agents;artifical-life;rust;terminal,v0.preview.1,First Release,Python
95940515,zvec-ai/zvec-grep,False,288,5,2,226,Rust,main,Apache License 2.0,,13,3885,13,42138,2026-07-10T02:58:07,2026-10-04T01:19:23,2026-10-04T01:27:34,64,34,161,33,15285.0,197080.0,12234.0,"[{""codeLines"":21,""blankLines"":4,""language"":""Bourne Shell"",""commentLines"":0},{""codeLines"":4626,""blankLines"":1380,""language"":""Markdown"",""commentLines"":0},{""codeLines"":15588,""blankLines"":0,""language"":""JSON"",""commentLines"":0},{""codeLines"":37646,""blankLines"":3834,""language"":""TypeScript"",""commentLines"":1247},{""codeLines"":36400,""blankLines"":2025,""language"":""JavaScript"",""commentLines"":2844},{""codeLines"":2021,""blankLines"":95,""language"":""YAML"",""commentLines"":7},{""codeLines"":132,""blankLines"":44,""language"":""Dockerfile"",""commentLines"":0},{""codeLines"":74084,""blankLines"":5059,""language"":""Rust"",""commentLines"":7581},{""codeLines"":368,""blankLines"":0,""language"":""SVG"",""commentLines"":0},{""codeLines"":819,""blankLines"":138,""language"":""TOML"",""commentLines"":7},{""codeLines"":39,""blankLines"":11,""language"":""Text"",""commentLines"":0},{""codeLines"":25336,""blankLines"":2695,""language"":""Python"",""commentLines"":548}]",2026-10-02T12:54:05,30c316052f4298ff6fac1e71f45ea40606e24723,False,False,False,False,"{""Rust"":3028877,""JavaScript"":1295497,""Python"":1291302,""TypeScript"":1220673,""Dockerfile"":22490,""Shell"":7486}",bug;dependencies;documentation;duplicate;enhancement;github_actions;good first issue;help wanted;invalid;javascript;question;wontfix,ai-agents;bm25;cli;code-search;full-text-search;local-first;mcp;ripgrep;semantic-search;vector-search,v0.1.5,First Release,TypeScript
95951037,xuzhougeng/wisp-science,False,2507,45,66,103,Rust,main,GNU Affero General Public License v3.0,http://wispscience.com/,4,1001,17,110965,2026-07-01T07:57:11,2026-10-04T01:14:39,2026-10-04T01:14:44,425,2,1011,0,40122.0,528420.0,50531.0,"[{""codeLines"":58,""blankLines"":0,""language"":""MSBuild script"",""commentLines"":0},{""codeLines"":64,""blankLines"":0,""language"":""XML"",""commentLines"":0},{""codeLines"":184,""blankLines"":17,""language"":""Bourne Shell"",""commentLines"":54},{""codeLines"":2695,""blankLines"":212,""language"":""YAML"",""commentLines"":108},{""codeLines"":35263,""blankLines"":10957,""language"":""Markdown"",""commentLines"":14},{""codeLines"":11930,""blankLines"":772,""language"":""JavaScript"",""commentLines"":728},{""codeLines"":5234,""blankLines"":315,""language"":""C#"",""commentLines"":76},{""codeLines"":395,""blankLines"":9,""language"":""SVG"",""commentLines"":18},{""codeLines"":366397,""blankLines"":22143,""language"":""Rust"",""commentLines"":46862},{""codeLines"":1542,""blankLines"":91,""language"":""SQL"",""commentLines"":51},{""codeLines"":22236,""blankLines"":2245,""language"":""Python"",""commentLines"":892},{""codeLines"":12364,""blankLines"":423,""language"":""CSS"",""commentLines"":463},{""codeLines"":9824,""blankLines"":328,""language"":""Swift"",""commentLines"":82},{""codeLines"":18628,""blankLines"":0,""language"":""JSON"",""commentLines"":0},{""codeLines"":11,""blankLines"":0,""language"":""XAML"",""commentLines"":0},{""codeLines"":10716,""blankLines"":117,""language"":""HTML"",""commentLines"":4},{""codeLines"":469,""blankLines"":41,""language"":""R"",""commentLines"":32},{""codeLines"":28347,""blankLines"":2196,""language"":""TypeScript"",""commentLines"":1090},{""codeLines"":1064,""blankLines"":161,""language"":""TOML"",""commentLines"":53},{""codeLines"":230,""blankLines"":36,""language"":""Text"",""commentLines"":0},{""codeLines"":769,""blankLines"":59,""language"":""PowerShell"",""commentLines"":4}]",2026-10-04T01:14:39,96108e5970211a4b29fb168f3074633ac87fd021,True,False,False,False,"{""Rust"":16953837,""JavaScript"":3333225,""TypeScript"":1860838,""Swift"":1136955,""Python"":1070727,""C#"":950945,""CSS"":750095,""PowerShell"":43778,""HTML"":21987,""R"":16420,""Shell"":10307}",acp;bug;documentation;duplicate;enhancement;good first issue;help wanted;invalid;question;wontfix,ai-agent;ai-for-science;ai-scientist;ai4science;bioinformatics;co-scientist;local-first;reproducible-research;research-assistant;rust;scientific-workflow,v0.1.0,First Release,Ecmarkup
95970954,ibigbug/clash-rs,False,1199,12,56,164,Rust,master,Apache License 2.0,https://watfaq.gitbook.io/clashrs-user-manual/,10,1733,35,33819,2022-09-20T04:25:24,2026-10-04T06:58:50,2026-10-04T06:34:12,217,9,1113,10,9585.0,80999.0,5893.0,"[{""codeLines"":689,""blankLines"":124,""language"":""TOML"",""commentLines"":72},{""codeLines"":2,""blankLines"":0,""language"":""Text"",""commentLines"":0},{""codeLines"":1388,""blankLines"":287,""language"":""Python"",""commentLines"":188},{""codeLines"":270,""blankLines"":33,""language"":""CSS"",""commentLines"":12},{""codeLines"":27,""blankLines"":0,""language"":""HTML"",""commentLines"":1},{""codeLines"":21,""blankLines"":1,""language"":""JavaScript"",""commentLines"":0},{""codeLines"":63873,""blankLines"":8192,""language"":""Rust"",""commentLines"":5193},{""codeLines"":743,""blankLines"":230,""language"":""Markdown"",""commentLines"":1},{""codeLines"":949,""blankLines"":34,""language"":""SVG"",""commentLines"":0},{""codeLines"":166,""blankLines"":39,""language"":""Bourne Shell"",""commentLines"":51},{""codeLines"":1215,""blankLines"":199,""language"":""YAML"",""commentLines"":292},{""codeLines"":27,""blankLines"":13,""language"":""Protocol Buffers"",""commentLines"":26},{""codeLines"":6948,""blankLines"":4,""language"":""JSON"",""commentLines"":0},{""codeLines"":40,""blankLines"":9,""language"":""Dockerfile"",""commentLines"":9},{""codeLines"":4641,""blankLines"":420,""language"":""TypeScript"",""commentLines"":48}]",2026-10-04T06:01:01,0cf7ed5f6a99a6ea6d62afd9188963657f796d4c,False,False,False,False,"{""Rust"":2626233,""TypeScript"":205807,""Python"":59893,""CSS"":10963,""Shell"":9089,""HTML"":1418,""Dockerfile"":1321,""JavaScript"":855,""Just"":670}",api;blocker/android;bug;core;dependencies;dns;documentation;duplicate;enhancement;github_actions;help wanted;invalid;javascript;perf;question;rule;rust;wontfix,clash;clash-rs;clashrs;hsalc;ios;proxy;rust;vpn,v0.1.0,First Release,C++
95970957,wasmerio/wasmer-sdk,False,240,24,35,105,Rust,main,Other,https://wasmer.sh/,19,1234,3,52437,2019-06-17T05:32:00,2026-10-02T04:47:10,2026-10-03T06:06:24,218,29,328,4,7707.0,60002.0,2176.0,"[{""codeLines"":27,""blankLines"":0,""language"":""SVG"",""commentLines"":0},{""codeLines"":74,""blankLines"":0,""language"":""WebAssembly"",""commentLines"":1},{""codeLines"":13721,""blankLines"":1426,""language"":""Rust"",""commentLines"":851},{""codeLines"":158,""blankLines"":4,""language"":""C"",""commentLines"":2},{""codeLines"":67,""blankLines"":17,""language"":""Text"",""commentLines"":0},{""codeLines"":4003,""blankLines"":699,""language"":""Python"",""commentLines"":276},{""codeLines"":1280,""blankLines"":173,""language"":""CSS"",""commentLines"":2},{""codeLines"":280,""blankLines"":39,""language"":""TOML"",""commentLines"":0},{""codeLines"":9512,""blankLines"":1191,""language"":""Swift"",""commentLines"":376},{""codeLines"":49,""blankLines"":2,""language"":""Bourne Shell"",""commentLines"":12},{""codeLines"":20,""blankLines"":0,""language"":""PHP"",""commentLines"":0},{""codeLines"":3328,""blankLines"":706,""language"":""YAML"",""commentLines"":27},{""codeLines"":8304,""blankLines"":2357,""language"":""Markdown"",""commentLines"":0},{""codeLines"":8750,""blankLines"":484,""language"":""JavaScript"",""commentLines"":327},{""codeLines"":35,""blankLines"":3,""language"":""C/C++ Header"",""commentLines"":3},{""codeLines"":142,""blankLines"":8,""language"":""Diff"",""commentLines"":37},{""codeLines"":16,""blankLines"":2,""language"":""SQL"",""commentLines"":1},{""codeLines"":9,""blankLines"":2,""language"":""Objective-C"",""commentLines"":0},{""codeLines"":462,""blankLines"":20,""language"":""HTML"",""commentLines"":0},{""codeLines"":8,""blankLines"":0,""language"":""XML"",""commentLines"":0},{""codeLines"":6065,""blankLines"":574,""language"":""TypeScript"",""commentLines"":261},{""codeLines"":3692,""blankLines"":0,""language"":""JSON"",""commentLines"":0}]",2026-10-02T04:45:47,362e0db28fea57fb23af8d34cffefcb7333a883d,True,False,False,False,"{""Rust"":538922,""JavaScript"":414376,""Swift"":326158,""TypeScript"":219653,""Python"":140741,""CSS"":26745,""HTML"":19825,""C"":10353,""Shell"":3352,""WebAssembly"":1569,""PHP"":596,""Objective-C"":449,""PLpgSQL"":223}",automation;autorelease: pending;autorelease: superseded;autorelease: tagged;bug;dependencies;docs;documentation;duplicate;enhancement;feature;good first issue;help wanted;invalid;javascript;js;linear;question;rust;wontfix,nodejs;npm-package;wasi;wasix;webassembly,v0.2.0,First Release,WebAssembly
96000284,RunanywhereAI/wally,False,246,82,38,92,Rust,main,MIT License,,7,1564,8,17568,2026-03-04T07:41:17,2026-10-04T12:27:24,2026-10-04T01:33:15,40,28,128,7,5584.0,77466.0,14646.0,"[{""codeLines"":0,""blankLines"":0,""language"":""C"",""commentLines"":2},{""codeLines"":157,""blankLines"":0,""language"":""Text"",""commentLines"":0},{""codeLines"":3388,""blankLines"":536,""language"":""Python"",""commentLines"":572},{""codeLines"":41,""blankLines"":3,""language"":""Objective-C"",""commentLines"":20},{""codeLines"":60636,""blankLines"":4157,""language"":""Rust"",""commentLines"":12756},{""codeLines"":127,""blankLines"":18,""language"":""TOML"",""commentLines"":64},{""codeLines"":69,""blankLines"":9,""language"":""Swift"",""commentLines"":30},{""codeLines"":2598,""blankLines"":294,""language"":""Bourne Shell"",""commentLines"":710},{""codeLines"":1458,""blankLines"":386,""language"":""Markdown"",""commentLines"":0},{""codeLines"":75,""blankLines"":10,""language"":""C/C++ Header"",""commentLines"":9},{""codeLines"":1,""blankLines"":0,""language"":""C++"",""commentLines"":3},{""codeLines"":1132,""blankLines"":58,""language"":""YAML"",""commentLines"":121},{""codeLines"":584,""blankLines"":50,""language"":""CMake"",""commentLines"":240},{""codeLines"":423,""blankLines"":49,""language"":""PowerShell"",""commentLines"":108},{""codeLines"":6705,""blankLines"":0,""language"":""JSON"",""commentLines"":0},{""codeLines"":72,""blankLines"":14,""language"":""Ruby"",""commentLines"":11}]",2026-10-03T09:31:49,a4325e2134236f508df670deb0485cbfbb0f08e8,True,False,False,False,"{""Rust"":3266087,""Python"":201830,""Shell"":141988,""CMake"":44298,""PowerShell"":27245,""Swift"":3997,""C"":3844,""Ruby"":3394,""Objective-C"":2728,""C++"":255}",bug;discussion-pending;documentation;duplicate;enhancement;good first issue;help wanted;hybrid-routing;important;improvement;invalid;not planned;p1;p2;post-mvp;question;rcli-issues;release-blocker;release:major;release:minor;release:patch;status:all-clear;under-verification;wip;wontfix,deepseek;frontier-ai;glm-5-3;llms;local-ai-infrastructure;qwen,v0.1.2,First Release,C++
96000290,SylphxAI/anymd,False,885,21,79,90,Rust,main,MIT License,https://sylphxai.github.io/anymd/,3,1023,13,24741,2025-04-04T04:17:42,2026-10-04T12:32:04,2026-10-04T01:26:35,44,0,816,12,19063.0,187372.0,6490.0,"[{""codeLines"":918,""blankLines"":68,""language"":""Cuda"",""commentLines"":66},{""codeLines"":105689,""blankLines"":6598,""language"":""Rust"",""commentLines"":5313},{""codeLines"":305,""blankLines"":13,""language"":""SVG"",""commentLines"":30},{""codeLines"":115,""blankLines"":18,""language"":""Bourne Shell"",""commentLines"":13},{""codeLines"":561,""blankLines"":0,""language"":""XML"",""commentLines"":0},{""codeLines"":50,""blankLines"":3,""language"":""JavaScript"",""commentLines"":13},{""codeLines"":6215,""blankLines"":2533,""language"":""Markdown"",""commentLines"":27},{""codeLines"":36778,""blankLines"":7599,""language"":""Text"",""commentLines"":0},{""codeLines"":469,""blankLines"":89,""language"":""TOML"",""commentLines"":59},{""codeLines"":198,""blankLines"":0,""language"":""CSV"",""commentLines"":0},{""codeLines"":415,""blankLines"":37,""language"":""Vuejs Component"",""commentLines"":8},{""codeLines"":4359,""blankLines"":389,""language"":""TypeScript"",""commentLines"":136},{""codeLines"":21707,""blankLines"":0,""language"":""JSON"",""commentLines"":0},{""codeLines"":1919,""blankLines"":232,""language"":""YAML"",""commentLines"":119},{""codeLines"":18,""blankLines"":0,""language"":""Dockerfile"",""commentLines"":7},{""codeLines"":5559,""blankLines"":942,""language"":""Python"",""commentLines"":614},{""codeLines"":575,""blankLines"":98,""language"":""CSS"",""commentLines"":22},{""codeLines"":1522,""blankLines"":444,""language"":""HTML"",""commentLines"":63}]",2026-10-03T10:17:30,18a14523992cbd0dc6ef5247f22441cc229ff5c2,True,False,False,False,"{""Rust"":2384969,""Python"":271203,""TypeScript"":145811,""HTML"":129367,""Shell"":5757,""JavaScript"":2730,""CSS"":710}",area:ci;bug;dependencies;documentation;duplicate;enhancement;github_actions;good first issue;help wanted;invalid;javascript;owner:anymd;owner:ops;owner:sylphx-oss;performance;question;rust;wontfix,ai-agents;cli;document-conversion;docx;docx-to-markdown;epub;html-to-markdown;llm;markdown;markitdown-alternative;mcp;model-context-protocol;ocr;pdf;pdf-to-markdown;pptx;rag;rust;transcription;xlsx,v0.3.9,First Release,TypeScript
96000386,MicYou-Dev/MicYou,False,936,3,31,201,Rust,master,Other,https://micyou.top,9,4178,27,74622,2026-02-10T08:44:24,2026-10-04T04:37:01,2026-10-04T01:44:05,156,10,195,1,7031.0,58472.0,6019.0,"[{""codeLines"":328,""blankLines"":32,""language"":""WebAssembly"",""commentLines"":65},{""codeLines"":25262,""blankLines"":2704,""language"":""Rust"",""commentLines"":3421},{""codeLines"":1,""blankLines"":0,""language"":""SVG"",""commentLines"":0},{""codeLines"":102,""blankLines"":28,""language"":""Bourne Shell"",""commentLines"":118},{""codeLines"":1662,""blankLines"":852,""language"":""XML"",""commentLines"":8},{""codeLines"":481,""blankLines"":67,""language"":""JavaScript"",""commentLines"":17},{""codeLines"":1863,""blankLines"":867,""language"":""Markdown"",""commentLines"":342},{""codeLines"":85,""blankLines"":18,""language"":""C/C++ Header"",""commentLines"":88},{""codeLines"":49,""blankLines"":9,""language"":""Protocol Buffers"",""commentLines"":11},{""codeLines"":34,""blankLines"":8,""language"":""Text"",""commentLines"":0},{""codeLines"":19,""blankLines"":3,""language"":""Properties"",""commentLines"":4},{""codeLines"":343,""blankLines"":49,""language"":""TOML"",""commentLines"":8},{""codeLines"":9966,""blankLines"":994,""language"":""Kotlin"",""commentLines"":1250},{""codeLines"":45,""blankLines"":2,""language"":""Handlebars"",""commentLines"":0},{""codeLines"":5944,""blankLines"":624,""language"":""Vuejs Component"",""commentLines"":256},{""codeLines"":64,""blankLines"":18,""language"":""DOS Batch"",""commentLines"":0},{""codeLines"":3042,""blankLines"":382,""language"":""TypeScript"",""commentLines"":347},{""codeLines"":4895,""blankLines"":3,""language"":""JSON"",""commentLines"":0},{""codeLines"":1853,""blankLines"":127,""language"":""YAML"",""commentLines"":17},{""codeLines"":258,""blankLines"":27,""language"":""Gradle"",""commentLines"":34},{""codeLines"":364,""blankLines"":77,""language"":""CSS"",""commentLines"":33},{""codeLines"":1812,""blankLines"":140,""language"":""HTML"",""commentLines"":0}]",2026-10-04T04:36:54,6a34e09797c29f8263747c78fe11a71597852117,False,False,False,False,"{""Rust"":1132969,""Kotlin"":497169,""Vue"":269598,""TypeScript"":123012,""HTML"":83956,""Inno Setup"":20414,""WebAssembly"":19814,""JavaScript"":19297,""CSS"":15590,""C"":9889,""Handlebars"":1060}",announcement;breaking;bug;documentation;done;duplicate;enhancement;good first issue;help wanted;high-quality;invalid;need-info;need-reproduce;not-planned;priority: critical;priority: high;priority: low;priority: medium;processing;question;reviewing;size/l;size/m;size/s;size/xl;size/xs;size/xxl;waitmerge;wontfix,,v1.0.0-20260211-0143,First Release,Kotlin
